{"type": "FeatureCollection", "features": [{"id": "254627", "type": "Feature", "properties": {"ID": 22808.0, "RT": "1", "VERSION": 1006.0, "TLID": 206632399.0, "SIDE1": null, "SOURCE": "C", "FENAME": "Calle Carri\u00f3n Maduro", "FETYPE": null, "CFCC": "A41", "FRADDL": "237", "TOADDL": "241", "FRADDR": "234", "TOADDR": "240", "FRIADDL": "0", "TOIADDL": "1", "FRIADDR": "0", "TOIADDR": "1", "ZIPL": "00926", "ZIPR": "00926", "Shape_len": 47.5057061184}, "geometry": {"type": "LineString", "coordinates": [[-66.04608700494121, 18.39205299665344], [-66.04566900163243, 18.39189499827163]]}}, {"id": "258234", "type": "Feature", "properties": {"ID": 22805.0, "RT": "1", "VERSION": 1006.0, "TLID": 206632396.0, "SIDE1": null, "SOURCE": "C", "FENAME": "Calle Carri\u00f3n Maduro", "FETYPE": null, "CFCC": "A41", "FRADDL": "227", "TOADDL": "229", "FRADDR": "226", "TOADDR": "228", "FRIADDL": "1", "TOIADDL": "0", "FRIADDR": "1", "TOIADDR": "0", "ZIPL": "00926", "ZIPR": "00926", "Shape_len": 22.496662198}, "geometry": {"type": "LineString", "coordinates": [[-66.04628800261872, 18.39212000069842], [-66.04608700494121, 18.39205299665344]]}}, {"id": "263788", "type": "Feature", "properties": {"ID": 0.0, "RT": null, "VERSION": 0.0, "TLID": 0.0, "SIDE1": null, "SOURCE": null, "FENAME": null, "FETYPE": null, "CFCC": "A41", "FRADDL": null, "TOADDL": null, "FRADDR": null, "TOADDR": null, "FRIADDL": null, "TOIADDL": null, "FRIADDR": null, "TOIADDR": null, "ZIPL": null, "ZIPR": null, "Shape_len": 23.9314473801}, "geometry": {"type": "LineString", "coordinates": [[-66.04515702485034, 18.392069811469728], [-66.04521679462381, 18.392122445686862], [-66.04526148516898, 18.39217463107092], [-66.04528676620025, 18.392241591369707]]}}, {"id": "257772", "type": "Feature", "properties": {"ID": 22804.0, "RT": "1", "VERSION": 1006.0, "TLID": 206632395.0, "SIDE1": null, "SOURCE": "C", "FENAME": "Calle Carri\u00f3n Maduro", "FETYPE": null, "CFCC": "A41", "FRADDL": "217", "TOADDL": "225", "FRADDR": "214", "TOADDR": "224", "FRIADDL": "1", "TOIADDL": "1", "FRIADDR": "1", "TOIADDR": "1", "ZIPL": "00926", "ZIPR": "00926", "Shape_len": 63.5605847205}, "geometry": {"type": "LineString", "coordinates": [[-66.04685600207314, 18.39230899899832], [-66.04628800261872, 18.39212000069842]]}}, {"id": "251402", "type": "Feature", "properties": {"ID": 19724.0, "RT": "1", "VERSION": 1006.0, "TLID": 206625768.0, "SIDE1": null, "SOURCE": "C", "FENAME": "Calle Bol\u00edvar", "FETYPE": null, "CFCC": "A41", "FRADDL": null, "TOADDL": null, "FRADDR": null, "TOADDR": null, "FRIADDL": null, "TOIADDL": null, "FRIADDR": null, "TOIADDR": null, "ZIPL": null, "ZIPR": null, "Shape_len": 47.2867402319}, "geometry": {"type": "LineString", "coordinates": [[-66.04608700494121, 18.39205299665344], [-66.04590200385556, 18.392442000394507]]}}, {"id": "267700", "type": "Feature", "properties": {"ID": 24886.0, "RT": "1", "VERSION": 1006.0, "TLID": 206636929.0, "SIDE1": null, "SOURCE": "K", "FENAME": "Calle Sucre", "FETYPE": null, "CFCC": "A41", "FRADDL": null, "TOADDL": null, "FRADDR": null, "TOADDR": null, "FRIADDL": null, "TOIADDL": null, "FRIADDR": null, "TOIADDR": null, "ZIPL": null, "ZIPR": null, "Shape_len": 19.0677085473}, "geometry": {"type": "LineString", "coordinates": [[-66.04528099860723, 18.39225800297188], [-66.04522100004232, 18.392328003469512], [-66.04519200007682, 18.392404998999538]]}}, {"id": "263808", "type": "Feature", "properties": {"ID": 24483.0, "RT": "1", "VERSION": 1006.0, "TLID": 206636211.0, "SIDE1": null, "SOURCE": "K", "FENAME": "Calle Guaracanal (PR-847)", "FETYPE": null, "CFCC": "A31", "FRADDL": "55", "TOADDL": "65", "FRADDR": "26", "TOADDR": "32", "FRIADDL": "1", "TOIADDL": "0", "FRIADDR": "1", "TOIADDR": "0", "ZIPL": "00926", "ZIPR": "00926", "Shape_len": 258.011378726}, "geometry": {"type": "LineString", "coordinates": [[-66.05384999841182, 18.393016003173997], [-66.0538093895256, 18.39295104135391]]}}, {"id": "263140", "type": "Feature", "properties": {"ID": 0.0, "RT": null, "VERSION": 0.0, "TLID": 0.0, "SIDE1": null, "SOURCE": null, "FENAME": null, "FETYPE": null, "CFCC": "A41", "FRADDL": null, "TOADDL": null, "FRADDR": null, "TOADDR": null, "FRIADDL": null, "TOIADDL": null, "FRIADDR": null, "TOIADDR": null, "ZIPL": null, "ZIPR": null, "Shape_len": 36.8304558065}, "geometry": {"type": "LineString", "coordinates": [[-66.05315730636228, 18.392386715709755], [-66.0530775412919, 18.39235974442927], [-66.05299850963782, 18.39232626597529], [-66.05290502754555, 18.3922650793603]]}}, {"id": "263731", "type": "Feature", "properties": {"ID": 0.0, "RT": null, "VERSION": 0.0, "TLID": 0.0, "SIDE1": null, "SOURCE": null, "FENAME": null, "FETYPE": null, "CFCC": "A41", "FRADDL": null, "TOADDL": null, "FRADDR": null, "TOADDR": null, "FRIADDL": null, "TOIADDL": null, "FRIADDR": null, "TOIADDR": null, "ZIPL": null, "ZIPR": null, "Shape_len": 33.1384439422}, "geometry": {"type": "LineString", "coordinates": [[-66.05344727946222, 18.392449321535146], [-66.05340303163072, 18.392469222255777], [-66.05337045797782, 18.39246915773313], [-66.05334021624701, 18.39246687709669], [-66.05331001304471, 18.392449049628762], [-66.05326352985043, 18.392426744828605], [-66.05320308513822, 18.392402195234723], [-66.05315730636228, 18.392386715709755]]}}, {"id": "263896", "type": "Feature", "properties": {"ID": 0.0, "RT": null, "VERSION": 0.0, "TLID": 0.0, "SIDE1": null, "SOURCE": null, "FENAME": "Calle M J Zama", "FETYPE": null, "CFCC": "A41", "FRADDL": null, "TOADDL": null, "FRADDR": null, "TOADDR": null, "FRIADDL": null, "TOIADDL": null, "FRIADDR": null, "TOIADDR": null, "ZIPL": null, "ZIPR": null, "Shape_len": 46.5804244675}, "geometry": {"type": "LineString", "coordinates": [[-66.05296944473481, 18.39276742579395], [-66.05315730636228, 18.392386715709755]]}}, {"id": "266649", "type": "Feature", "properties": {"ID": 0.0, "RT": null, "VERSION": 0.0, "TLID": 0.0, "SIDE1": null, "SOURCE": null, "FENAME": "Calle Acueducto", "FETYPE": null, "CFCC": "A41", "FRADDL": null, "TOADDL": null, "FRADDR": null, "TOADDR": null, "FRIADDL": null, "TOIADDL": null, "FRIADDR": null, "TOIADDR": null, "ZIPL": null, "ZIPR": null, "Shape_len": 65.3062485726}, "geometry": {"type": "LineString", "coordinates": [[-66.05251994266399, 18.393067187754614], [-66.05240143032393, 18.392998095412903], [-66.05221557685374, 18.392873342878943], [-66.05219332133953, 18.3928499614939]]}}, {"id": "257210", "type": "Feature", "properties": {"ID": 27544.0, "RT": "1", "VERSION": 1006.0, "TLID": 206644171.0, "SIDE1": null, "SOURCE": "L", "FENAME": "Calle Tapia", "FETYPE": null, "CFCC": "A41", "FRADDL": null, "TOADDL": null, "FRADDR": null, "TOADDR": null, "FRIADDL": null, "TOIADDL": null, "FRIADDR": null, "TOIADDR": null, "ZIPL": null, "ZIPR": null, "Shape_len": 52.1300130397}, "geometry": {"type": "LineString", "coordinates": [[-66.0533830000652, 18.39302000260344], [-66.05332399576366, 18.392973998504925], [-66.05323500159136, 18.39290300010931], [-66.05309500024518, 18.392829002234734], [-66.05296944473481, 18.39276742579395]]}}, {"id": "248577", "type": "Feature", "properties": {"ID": 21910.0, "RT": "1", "VERSION": 1006.0, "TLID": 206630558.0, "SIDE1": null, "SOURCE": "K", "FENAME": "Calle M J Zama", "FETYPE": null, "CFCC": "A41", "FRADDL": null, "TOADDL": null, "FRADDR": null, "TOADDR": null, "FRIADDL": null, "TOIADDL": null, "FRIADDR": null, "TOIADDR": null, "ZIPL": null, "ZIPR": null, "Shape_len": 51.8441411993}, "geometry": {"type": "LineString", "coordinates": [[-66.05276000362741, 18.39319099952435], [-66.05296944473481, 18.39276742579395]]}}, {"id": "248447", "type": "Feature", "properties": {"ID": 21908.0, "RT": "1", "VERSION": 1006.0, "TLID": 206630554.0, "SIDE1": null, "SOURCE": "K", "FENAME": "Calle E", "FETYPE": null, "CFCC": "A41", "FRADDL": null, "TOADDL": null, "FRADDR": null, "TOADDR": null, "FRIADDL": null, "TOIADDL": null, "FRIADDR": null, "TOIADDR": null, "ZIPL": null, "ZIPR": null, "Shape_len": 5.35556043099}, "geometry": {"type": "LineString", "coordinates": [[-66.05381499871764, 18.393050999381924], [-66.05384999841182, 18.393016003173997]]}}, {"id": "263420", "type": "Feature", "properties": {"ID": 0.0, "RT": null, "VERSION": 0.0, "TLID": 0.0, "SIDE1": null, "SOURCE": null, "FENAME": null, "FETYPE": null, "CFCC": "A41", "FRADDL": null, "TOADDL": null, "FRADDR": null, "TOADDR": null, "FRIADDL": null, "TOIADDL": null, "FRIADDR": null, "TOIADDR": null, "ZIPL": null, "ZIPR": null, "Shape_len": 94.9857262109}, "geometry": {"type": "LineString", "coordinates": [[-66.04861030705092, 18.393502982231897], [-66.048420973337, 18.39346194084566], [-66.0482560795447, 18.393471216472527], [-66.04816515989991, 18.393461853771733], [-66.04808964185916, 18.393508994219886], [-66.04803561906425, 18.393531897076958], [-66.04798806146894, 18.393574289900325], [-66.04796136191963, 18.393613201087962], [-66.04790165510005, 18.393780366607782]]}}, {"id": "262895", "type": "Feature", "properties": {"ID": 0.0, "RT": null, "VERSION": 0.0, "TLID": 0.0, "SIDE1": null, "SOURCE": null, "FENAME": null, "FETYPE": null, "CFCC": "A41", "FRADDL": null, "TOADDL": null, "FRADDR": null, "TOADDR": null, "FRIADDL": null, "TOIADDL": null, "FRIADDR": null, "TOIADDR": null, "ZIPL": null, "ZIPR": null, "Shape_len": 22.942096326}, "geometry": {"type": "LineString", "coordinates": [[-66.04884140061444, 18.393807646447147], [-66.04870534732888, 18.393789736150797], [-66.04865034325533, 18.393788503739017], [-66.0486271833041, 18.393796854134507]]}}, {"id": "257171", "type": "Feature", "properties": {"ID": 27543.0, "RT": "1", "VERSION": 1006.0, "TLID": 206644170.0, "SIDE1": null, "SOURCE": "L", "FENAME": "Calle Tapia", "FETYPE": null, "CFCC": "A41", "FRADDL": null, "TOADDL": null, "FRADDR": null, "TOADDR": null, "FRIADDL": null, "TOIADDL": null, "FRIADDR": null, "TOIADDR": null, "ZIPL": null, "ZIPR": null, "Shape_len": 36.4170763132}, "geometry": {"type": "LineString", "coordinates": [[-66.05368699942129, 18.393175000227746], [-66.0533830000652, 18.39302000260344]]}}, {"id": "249143", "type": "Feature", "properties": {"ID": 21909.0, "RT": "1", "VERSION": 1006.0, "TLID": 206630557.0, "SIDE1": null, "SOURCE": "L", "FENAME": "Calle E", "FETYPE": null, "CFCC": "A41", "FRADDL": null, "TOADDL": null, "FRADDR": null, "TOADDR": null, "FRIADDL": null, "TOIADDL": null, "FRIADDR": null, "TOIADDR": null, "ZIPL": null, "ZIPR": null, "Shape_len": 19.2694400181}, "geometry": {"type": "LineString", "coordinates": [[-66.05368699942129, 18.393175000227746], [-66.05381499871764, 18.393050999381924]]}}, {"id": "248694", "type": "Feature", "properties": {"ID": 22169.0, "RT": "1", "VERSION": 1006.0, "TLID": 206631125.0, "SIDE1": null, "SOURCE": "J", "FENAME": "Calle Acueducto", "FETYPE": null, "CFCC": "A41", "FRADDL": "64", "TOADDL": "62", "FRADDR": null, "TOADDR": null, "FRIADDL": "1", "TOIADDL": "1", "FRIADDR": null, "TOIADDR": null, "ZIPL": "00926", "ZIPR": null, "Shape_len": 28.8317376462}, "geometry": {"type": "LineString", "coordinates": [[-66.05251994266399, 18.393067187754614], [-66.05276000362741, 18.39319099952435]]}}, {"id": "259590", "type": "Feature", "properties": {"ID": 27542.0, "RT": "1", "VERSION": 1006.0, "TLID": 206644169.0, "SIDE1": null, "SOURCE": "L", "FENAME": "Calle E", "FETYPE": null, "CFCC": "A41", "FRADDL": null, "TOADDL": null, "FRADDR": null, "TOADDR": null, "FRIADDL": null, "TOIADDL": null, "FRIADDR": null, "TOIADDR": null, "ZIPL": null, "ZIPR": null, "Shape_len": 9.51281700654}, "geometry": {"type": "LineString", "coordinates": [[-66.05364700342304, 18.39325199784137], [-66.05368699942129, 18.393175000227746]]}}, {"id": "255519", "type": "Feature", "properties": {"ID": 22841.0, "RT": "1", "VERSION": 1006.0, "TLID": 206632464.0, "SIDE1": null, "SOURCE": "L", "FENAME": "Calle Los Tanques", "FETYPE": null, "CFCC": "A41", "FRADDL": null, "TOADDL": null, "FRADDR": null, "TOADDR": null, "FRIADDL": null, "TOIADDL": null, "FRIADDR": null, "TOIADDR": null, "ZIPL": null, "ZIPR": null, "Shape_len": 36.8334183703}, "geometry": {"type": "LineString", "coordinates": [[-66.0517579971651, 18.393124000606], [-66.05186299999866, 18.393222999322266], [-66.05190600079854, 18.393262995596196], [-66.05195199957635, 18.393287001895555], [-66.05203000179525, 18.393326999067423]]}}, {"id": "258890", "type": "Feature", "properties": {"ID": 18178.0, "RT": "1", "VERSION": 1006.0, "TLID": 206622040.0, "SIDE1": null, "SOURCE": "C", "FENAME": "Calle Guaracanal (PR-847)", "FETYPE": null, "CFCC": "A31", "FRADDL": "27", "TOADDL": "31", "FRADDR": null, "TOADDR": null, "FRIADDL": "0", "TOIADDL": "0", "FRIADDR": null, "TOIADDR": null, "ZIPL": "00926", "ZIPR": null, "Shape_len": 90.1637423149}, "geometry": {"type": "LineString", "coordinates": [[-66.0543890031337, 18.393634001028985], [-66.05422399554197, 18.39352999825269], [-66.05384999841182, 18.393016003173997]]}}, {"id": "269961", "type": "Feature", "properties": {"ID": 24885.0, "RT": "1", "VERSION": 1006.0, "TLID": 206636928.0, "SIDE1": null, "SOURCE": "K", "FENAME": "Calle Los Tanques", "FETYPE": null, "CFCC": "A41", "FRADDL": null, "TOADDL": null, "FRADDR": "71", "TOADDR": "69", "FRIADDL": null, "TOIADDL": null, "FRIADDR": "1", "TOIADDR": "0", "ZIPL": null, "ZIPR": "00926", "Shape_len": 15.1863177647}, "geometry": {"type": "LineString", "coordinates": [[-66.05203000179525, 18.393326999067423], [-66.052155999149, 18.393392999478326]]}}, {"id": "251793", "type": "Feature", "properties": {"ID": 16406.0, "RT": "1", "VERSION": 1006.0, "TLID": 206616921.0, "SIDE1": null, "SOURCE": "J", "FENAME": "Calle Acueducto", "FETYPE": null, "CFCC": "A41", "FRADDL": "56", "TOADDL": "50", "FRADDR": "63", "TOADDR": "51", "FRIADDL": "0", "TOIADDL": "0", "FRIADDR": "0", "TOIADDR": "0", "ZIPL": "00926", "ZIPR": "00926", "Shape_len": 86.1520404235}, "geometry": {"type": "LineString", "coordinates": [[-66.05276000362741, 18.39319099952435], [-66.05347899819883, 18.393557998239086]]}}, {"id": "252196", "type": "Feature", "properties": {"ID": 16408.0, "RT": "1", "VERSION": 1006.0, "TLID": 206616924.0, "SIDE1": null, "SOURCE": "J", "FENAME": "Calle Manuel J Zama", "FETYPE": null, "CFCC": "A41", "FRADDL": "1249", "TOADDL": "1259", "FRADDR": null, "TOADDR": null, "FRIADDL": "0", "TOIADDL": "0", "FRIADDR": null, "TOIADDR": null, "ZIPL": "00926", "ZIPR": null, "Shape_len": 50.1859164954}, "geometry": {"type": "LineString", "coordinates": [[-66.05251599878288, 18.393579999081553], [-66.05276000362741, 18.39319099952435]]}}, {"id": "257170", "type": "Feature", "properties": {"ID": 27541.0, "RT": "1", "VERSION": 1006.0, "TLID": 206644168.0, "SIDE1": null, "SOURCE": "L", "FENAME": "Calle E", "FETYPE": null, "CFCC": "A41", "FRADDL": null, "TOADDL": null, "FRADDR": null, "TOADDR": null, "FRIADDL": null, "TOIADDL": null, "FRIADDR": null, "TOIADDR": null, "ZIPL": null, "ZIPR": null, "Shape_len": 38.2400895586}, "geometry": {"type": "LineString", "coordinates": [[-66.05347899819883, 18.393557998239086], [-66.05364700342304, 18.39325199784137]]}}, {"id": "263282", "type": "Feature", "properties": {"ID": 0.0, "RT": null, "VERSION": 0.0, "TLID": 0.0, "SIDE1": null, "SOURCE": null, "FENAME": null, "FETYPE": null, "CFCC": "A41", "FRADDL": null, "TOADDL": null, "FRADDR": null, "TOADDR": null, "FRIADDL": null, "TOIADDL": null, "FRIADDR": null, "TOIADDR": null, "ZIPL": null, "ZIPR": null, "Shape_len": 43.4423009171}, "geometry": {"type": "LineString", "coordinates": [[-66.04453351065469, 18.391717468451837], [-66.04454027667396, 18.391689698734737]]}}, {"id": "264878", "type": "Feature", "properties": {"ID": 0.0, "RT": null, "VERSION": 0.0, "TLID": 0.0, "SIDE1": null, "SOURCE": null, "FENAME": null, "FETYPE": null, "CFCC": "A41", "FRADDL": null, "TOADDL": null, "FRADDR": null, "TOADDR": null, "FRIADDL": null, "TOIADDL": null, "FRIADDR": null, "TOIADDR": null, "ZIPL": null, "ZIPR": null, "Shape_len": 24.2280945846}, "geometry": {"type": "LineString", "coordinates": [[-66.04453351065469, 18.391717468451837], [-66.04475877054875, 18.391758299171638]]}}, {"id": "263946", "type": "Feature", "properties": {"ID": 0.0, "RT": null, "VERSION": 0.0, "TLID": 0.0, "SIDE1": null, "SOURCE": null, "FENAME": null, "FETYPE": null, "CFCC": "A41", "FRADDL": null, "TOADDL": null, "FRADDR": null, "TOADDR": null, "FRIADDL": null, "TOIADDL": null, "FRIADDR": null, "TOIADDR": null, "ZIPL": null, "ZIPR": null, "Shape_len": 79.1286972609}, "geometry": {"type": "LineString", "coordinates": [[-66.04406836503144, 18.392158230455205], [-66.0440839593637, 18.3919970551109], [-66.04417963411032, 18.391859893847055], [-66.0442146145456, 18.391823256840595], [-66.04431488296667, 18.391749350413292], [-66.04438415707264, 18.391719279774797], [-66.04444674059374, 18.391705289052076], [-66.04453351065469, 18.391717468451837]]}}, {"id": "269547", "type": "Feature", "properties": {"ID": 14547.0, "RT": "1", "VERSION": 1006.0, "TLID": 206613031.0, "SIDE1": null, "SOURCE": "J", "FENAME": "Callej\u00f3n Le\u00f3n Final Int", "FETYPE": null, "CFCC": "A41", "FRADDL": null, "TOADDL": null, "FRADDR": null, "TOADDR": null, "FRIADDL": null, "TOIADDL": null, "FRIADDR": null, "TOIADDR": null, "ZIPL": null, "ZIPR": null, "Shape_len": 35.7002282449}, "geometry": {"type": "LineString", "coordinates": [[-66.04406836503144, 18.392158230455205], [-66.04432899994711, 18.391953000326854]]}}, {"id": "263144", "type": "Feature", "properties": {"ID": 0.0, "RT": null, "VERSION": 0.0, "TLID": 0.0, "SIDE1": null, "SOURCE": null, "FENAME": null, "FETYPE": null, "CFCC": "A41", "FRADDL": null, "TOADDL": null, "FRADDR": null, "TOADDR": null, "FRIADDL": null, "TOIADDL": null, "FRIADDR": null, "TOIADDR": null, "ZIPL": null, "ZIPR": null, "Shape_len": 52.5942324865}, "geometry": {"type": "LineString", "coordinates": [[-66.04428756863976, 18.392330479868473], [-66.04441703251241, 18.392294883703055], [-66.04455476692281, 18.39226594381181], [-66.04474318611722, 18.392249949330527], [-66.04477473476624, 18.392258553740184]]}}, {"id": "263263", "type": "Feature", "properties": {"ID": 14547.0, "RT": "1", "VERSION": 1006.0, "TLID": 206613031.0, "SIDE1": null, "SOURCE": "J", "FENAME": "Callej\u00f3n Le\u00f3n Final Int", "FETYPE": null, "CFCC": "A41", "FRADDL": null, "TOADDL": null, "FRADDR": null, "TOADDR": null, "FRIADDL": null, "TOIADDL": null, "FRIADDR": null, "TOIADDR": null, "ZIPL": null, "ZIPR": null, "Shape_len": 45.7584959305}, "geometry": {"type": "LineString", "coordinates": [[-66.04392582164071, 18.392278029433957], [-66.04406836503144, 18.392158230455205]]}}, {"id": "266756", "type": "Feature", "properties": {"ID": 0.0, "RT": null, "VERSION": 0.0, "TLID": 0.0, "SIDE1": null, "SOURCE": null, "FENAME": null, "FETYPE": null, "CFCC": "A41", "FRADDL": null, "TOADDL": null, "FRADDR": null, "TOADDR": null, "FRIADDL": null, "TOIADDL": null, "FRIADDR": null, "TOIADDR": null, "ZIPL": null, "ZIPR": null, "Shape_len": 55.5222947366}, "geometry": {"type": "LineString", "coordinates": [[-66.04382671526164, 18.3924796716613], [-66.04408838765796, 18.39246404314846], [-66.04414947479401, 18.39239202776658], [-66.04418235452115, 18.392367673693006], [-66.04421995470798, 18.392347989285977], [-66.04428756863976, 18.392330479868473]]}}, {"id": "263876", "type": "Feature", "properties": {"ID": 14547.0, "RT": "1", "VERSION": 1006.0, "TLID": 206613031.0, "SIDE1": null, "SOURCE": "J", "FENAME": "Callej\u00f3n Le\u00f3n Final Int", "FETYPE": null, "CFCC": "A41", "FRADDL": null, "TOADDL": null, "FRADDR": null, "TOADDR": null, "FRIADDL": null, "TOIADDL": null, "FRIADDR": null, "TOIADDR": null, "ZIPL": null, "ZIPR": null, "Shape_len": 21.855077773}, "geometry": {"type": "LineString", "coordinates": [[-66.04378799929535, 18.39267200109309], [-66.04378799902862, 18.392581660889196]]}}, {"id": "249717", "type": "Feature", "properties": {"ID": 19726.0, "RT": "1", "VERSION": 1006.0, "TLID": 206625770.0, "SIDE1": null, "SOURCE": "K", "FENAME": "Calle San Rafael", "FETYPE": null, "CFCC": "A41", "FRADDL": "264", "TOADDL": "250", "FRADDR": "261", "TOADDR": "253", "FRIADDL": "0", "TOIADDL": "0", "FRIADDR": "0", "TOIADDR": "0", "ZIPL": "00926", "ZIPR": "00926", "Shape_len": 68.7080889885}, "geometry": {"type": "LineString", "coordinates": [[-66.04528099860723, 18.39225800297188], [-66.04590200385556, 18.392442000394507]]}}, {"id": "263733", "type": "Feature", "properties": {"ID": 0.0, "RT": null, "VERSION": 0.0, "TLID": 0.0, "SIDE1": null, "SOURCE": null, "FENAME": null, "FETYPE": null, "CFCC": "A41", "FRADDL": null, "TOADDL": null, "FRADDR": null, "TOADDR": null, "FRIADDL": null, "TOIADDL": null, "FRIADDR": null, "TOIADDR": null, "ZIPL": null, "ZIPR": null, "Shape_len": 26.5259744922}, "geometry": {"type": "LineString", "coordinates": [[-66.04477473476624, 18.392258553740184], [-66.04482221648308, 18.392283283921344], [-66.04486242527462, 18.392357057760183], [-66.04487395116941, 18.39246133245805]]}}, {"id": "254477", "type": "Feature", "properties": {"ID": 22802.0, "RT": "1", "VERSION": 1006.0, "TLID": 206632392.0, "SIDE1": null, "SOURCE": "C", "FENAME": "Calle Carri\u00f3n Maduro", "FETYPE": null, "CFCC": "A41", "FRADDL": "211", "TOADDL": "215", "FRADDR": "208", "TOADDR": "212", "FRIADDL": "1", "TOIADDL": "1", "FRIADDR": "1", "TOIADDR": "1", "ZIPL": "00926", "ZIPR": "00926", "Shape_len": 36.2632141598}, "geometry": {"type": "LineString", "coordinates": [[-66.04718000023986, 18.392416999986658], [-66.04685600207314, 18.39230899899832]]}}, {"id": "253900", "type": "Feature", "properties": {"ID": 22799.0, "RT": "1", "VERSION": 1006.0, "TLID": 206632385.0, "SIDE1": null, "SOURCE": "C", "FENAME": "Calle Carri\u00f3n Maduro", "FETYPE": null, "CFCC": "A41", "FRADDL": "207", "TOADDL": "209", "FRADDR": "204", "TOADDR": "206", "FRIADDL": "1", "TOIADDL": "1", "FRIADDR": "1", "TOIADDR": "1", "ZIPL": "00926", "ZIPR": "00926", "Shape_len": 14.8735589342}, "geometry": {"type": "LineString", "coordinates": [[-66.04731299851301, 18.392460999230618], [-66.04718000023986, 18.392416999986658]]}}, {"id": "254669", "type": "Feature", "properties": {"ID": 22797.0, "RT": "1", "VERSION": 1006.0, "TLID": 206632382.0, "SIDE1": null, "SOURCE": "C", "FENAME": "Calle Carri\u00f3n Maduro", "FETYPE": null, "CFCC": "A41", "FRADDL": "203", "TOADDL": "205", "FRADDR": "200", "TOADDR": "202", "FRIADDL": "0", "TOIADDL": "1", "FRIADDR": "0", "TOIADDR": "1", "ZIPL": "00926", "ZIPR": "00926", "Shape_len": 20.3825548943}, "geometry": {"type": "LineString", "coordinates": [[-66.04749500174195, 18.392521996361367], [-66.04731299851301, 18.392460999230618]]}}, {"id": "264765", "type": "Feature", "properties": {"ID": 0.0, "RT": null, "VERSION": 0.0, "TLID": 0.0, "SIDE1": null, "SOURCE": null, "FENAME": null, "FETYPE": null, "CFCC": "A41", "FRADDL": null, "TOADDL": null, "FRADDR": null, "TOADDR": null, "FRIADDL": null, "TOIADDL": null, "FRIADDR": null, "TOIADDR": null, "ZIPL": null, "ZIPR": null, "Shape_len": 12.2964813914}, "geometry": {"type": "LineString", "coordinates": [[-66.04487395116941, 18.39246133245805], [-66.04488532777646, 18.39257189499942]]}}, {"id": "252689", "type": "Feature", "properties": {"ID": 22861.0, "RT": "1", "VERSION": 1006.0, "TLID": 206632498.0, "SIDE1": null, "SOURCE": "J", "FENAME": "Calle Sucre", "FETYPE": null, "CFCC": "A41", "FRADDL": null, "TOADDL": null, "FRADDR": null, "TOADDR": null, "FRIADDL": null, "TOIADDL": null, "FRIADDR": null, "TOIADDR": null, "ZIPL": null, "ZIPR": null, "Shape_len": 27.2428336272}, "geometry": {"type": "LineString", "coordinates": [[-66.04519200007682, 18.392404998999538], [-66.04510300033222, 18.39263599867624]]}}, {"id": "267480", "type": "Feature", "properties": {"ID": 22856.0, "RT": "1", "VERSION": 1006.0, "TLID": 206632486.0, "SIDE1": null, "SOURCE": "J", "FENAME": "Calle Alto", "FETYPE": null, "CFCC": "A41", "FRADDL": "269", "TOADDL": "271", "FRADDR": "268", "TOADDR": "272", "FRIADDL": "1", "TOIADDL": "0", "FRIADDR": "1", "TOIADDR": "0", "ZIPL": "00926", "ZIPR": "00926", "Shape_len": 22.0156996895}, "geometry": {"type": "LineString", "coordinates": [[-66.04488532777646, 18.39257189499942], [-66.04468600006108, 18.392514002556553]]}}, {"id": "264143", "type": "Feature", "properties": {"ID": 22856.0, "RT": "1", "VERSION": 1006.0, "TLID": 206632486.0, "SIDE1": null, "SOURCE": "J", "FENAME": "Calle Alto", "FETYPE": null, "CFCC": "A41", "FRADDL": "269", "TOADDL": "271", "FRADDR": "268", "TOADDR": "272", "FRIADDL": "1", "TOIADDL": "0", "FRIADDR": "1", "TOIADDR": "0", "ZIPL": "00926", "ZIPR": "00926", "Shape_len": 4.60258236754}, "geometry": {"type": "LineString", "coordinates": [[-66.04492699953768, 18.392583996434777], [-66.04488532777646, 18.39257189499942]]}}, {"id": "265771", "type": "Feature", "properties": {"ID": 24882.0, "RT": "1", "VERSION": 1006.0, "TLID": 206636925.0, "SIDE1": null, "SOURCE": "K", "FENAME": "Calle Carri\u00f3n Maduro", "FETYPE": null, "CFCC": "A41", "FRADDL": "189", "TOADDL": "197", "FRADDR": "186", "TOADDR": "198", "FRIADDL": "0", "TOIADDL": "0", "FRIADDR": "0", "TOIADDR": "0", "ZIPL": "00926", "ZIPR": "00926", "Shape_len": 53.8084380959}, "geometry": {"type": "LineString", "coordinates": [[-66.04797399534883, 18.392686998625198], [-66.04749500174195, 18.392521996361367]]}}, {"id": "254198", "type": "Feature", "properties": {"ID": 22855.0, "RT": "1", "VERSION": 1006.0, "TLID": 206632485.0, "SIDE1": null, "SOURCE": "J", "FENAME": "Calle Alto", "FETYPE": null, "CFCC": "A41", "FRADDL": "265", "TOADDL": "267", "FRADDR": "264", "TOADDR": "266", "FRIADDL": "0", "TOIADDL": "1", "FRIADDR": "0", "TOIADDR": "1", "ZIPL": "00926", "ZIPR": "00926", "Shape_len": 19.4679707468}, "geometry": {"type": "LineString", "coordinates": [[-66.04510300033222, 18.39263599867624], [-66.04492699953768, 18.392583996434777]]}}, {"id": "254067", "type": "Feature", "properties": {"ID": 22796.0, "RT": "1", "VERSION": 1006.0, "TLID": 206632380.0, "SIDE1": null, "SOURCE": "L", "FENAME": null, "FETYPE": null, "CFCC": "A41", "FRADDL": null, "TOADDL": null, "FRADDR": null, "TOADDR": null, "FRIADDL": null, "TOIADDL": null, "FRIADDR": null, "TOIADDR": null, "ZIPL": null, "ZIPR": null, "Shape_len": 12.250181668}, "geometry": {"type": "LineString", "coordinates": [[-66.04797399534883, 18.392686998625198], [-66.04801900302718, 18.39258500331076]]}}, {"id": "250088", "type": "Feature", "properties": {"ID": 19725.0, "RT": "1", "VERSION": 1006.0, "TLID": 206625769.0, "SIDE1": null, "SOURCE": "C", "FENAME": "Calle Bol\u00edvar", "FETYPE": null, "CFCC": "A41", "FRADDL": "1218", "TOADDL": "1216", "FRADDR": null, "TOADDR": null, "FRIADDL": "0", "TOIADDL": "0", "FRIADDR": null, "TOIADDR": null, "ZIPL": "00926", "ZIPR": null, "Shape_len": 49.6585556138}, "geometry": {"type": "LineString", "coordinates": [[-66.04590200385556, 18.392442000394507], [-66.04573399839121, 18.392861000039208]]}}, {"id": "250182", "type": "Feature", "properties": {"ID": 19729.0, "RT": "1", "VERSION": 1006.0, "TLID": 206625773.0, "SIDE1": null, "SOURCE": "K", "FENAME": "Calle San Rafael", "FETYPE": null, "CFCC": "A41", "FRADDL": "230", "TOADDL": "202", "FRADDR": "231", "TOADDR": "203", "FRIADDL": "0", "TOIADDL": "0", "FRIADDR": "0", "TOIADDR": "0", "ZIPL": "00926", "ZIPR": "00926", "Shape_len": 160.393793203}, "geometry": {"type": "LineString", "coordinates": [[-66.04590200385556, 18.392442000394507], [-66.04733199618258, 18.392928002007224]]}}, {"id": "263096", "type": "Feature", "properties": {"ID": 0.0, "RT": null, "VERSION": 0.0, "TLID": 0.0, "SIDE1": null, "SOURCE": null, "FENAME": "Calle Carri\u00f3n Maduro", "FETYPE": null, "CFCC": "A41", "FRADDL": null, "TOADDL": null, "FRADDR": null, "TOADDR": null, "FRIADDL": null, "TOIADDL": null, "FRIADDR": null, "TOIADDR": null, "ZIPL": null, "ZIPR": null, "Shape_len": 12.9361217623}, "geometry": {"type": "LineString", "coordinates": [[-66.04797399534883, 18.392686998625198], [-66.04808877539122, 18.392727645897008]]}}, {"id": "252681", "type": "Feature", "properties": {"ID": 19728.0, "RT": "1", "VERSION": 1006.0, "TLID": 206625772.0, "SIDE1": null, "SOURCE": "J", "FENAME": "Calle Mang\u00f3", "FETYPE": null, "CFCC": "A41", "FRADDL": "1231", "TOADDL": "1233", "FRADDR": "1226", "TOADDR": "1232", "FRIADDL": "0", "TOIADDL": "0", "FRIADDR": "0", "TOIADDR": "0", "ZIPL": "00926", "ZIPR": "00926", "Shape_len": 48.1264922587}, "geometry": {"type": "LineString", "coordinates": [[-66.04733199618258, 18.392928002007224], [-66.04749500174195, 18.392521996361367]]}}, {"id": "252021", "type": "Feature", "properties": {"ID": 12884.0, "RT": "1", "VERSION": 1006.0, "TLID": 206610018.0, "SIDE1": null, "SOURCE": "J", "FENAME": "Calle Alto", "FETYPE": null, "CFCC": "A41", "FRADDL": "240", "TOADDL": "262", "FRADDR": null, "TOADDR": null, "FRIADDL": "0", "TOIADDL": "0", "FRIADDR": null, "TOIADDR": null, "ZIPL": "00926", "ZIPR": null, "Shape_len": 71.1753747152}, "geometry": {"type": "LineString", "coordinates": [[-66.04573399839121, 18.392861000039208], [-66.04510300033222, 18.39263599867624]]}}, {"id": "243919", "type": "Feature", "properties": {"ID": 14551.0, "RT": "1", "VERSION": 1006.0, "TLID": 206613038.0, "SIDE1": null, "SOURCE": "J", "FENAME": "Calle Sucre", "FETYPE": null, "CFCC": "A41", "FRADDL": "1212", "TOADDL": "1210", "FRADDR": "1213", "TOADDR": "1209", "FRIADDL": "0", "TOIADDL": "0", "FRIADDR": "0", "TOIADDR": "0", "ZIPL": "00926", "ZIPR": "00926", "Shape_len": 50.0895898395}, "geometry": {"type": "LineString", "coordinates": [[-66.04510300033222, 18.39263599867624], [-66.04494599825625, 18.39306299933567]]}}, {"id": "250464", "type": "Feature", "properties": {"ID": 19730.0, "RT": "1", "VERSION": 1006.0, "TLID": 206625774.0, "SIDE1": null, "SOURCE": "K", "FENAME": "Calle San Rafael", "FETYPE": null, "CFCC": "A41", "FRADDL": "196", "TOADDL": "188", "FRADDR": "197", "TOADDR": "193", "FRIADDL": "0", "TOIADDL": "0", "FRIADDR": "0", "TOIADDR": "0", "ZIPL": "00926", "ZIPR": "00926", "Shape_len": 52.2952139907}, "geometry": {"type": "LineString", "coordinates": [[-66.04733199618258, 18.392928002007224], [-66.04780499703173, 18.393067000708143]]}}, {"id": "249452", "type": "Feature", "properties": {"ID": 12883.0, "RT": "1", "VERSION": 1006.0, "TLID": 206610016.0, "SIDE1": null, "SOURCE": "C", "FENAME": "Calle Bol\u00edvar", "FETYPE": null, "CFCC": "A41", "FRADDL": "1206", "TOADDL": "1210", "FRADDR": "1213", "TOADDR": "1207", "FRIADDL": "0", "TOIADDL": "0", "FRIADDR": "0", "TOIADDR": "0", "ZIPL": "00926", "ZIPR": "00926", "Shape_len": 50.0226400696}, "geometry": {"type": "LineString", "coordinates": [[-66.04573399839121, 18.392861000039208], [-66.0455729999095, 18.393285999161666]]}}, {"id": "253228", "type": "Feature", "properties": {"ID": 22852.0, "RT": "1", "VERSION": 1006.0, "TLID": 206632482.0, "SIDE1": null, "SOURCE": "J", "FENAME": "Calle Asenjo", "FETYPE": null, "CFCC": "A41", "FRADDL": "1210", "TOADDL": "1208", "FRADDR": null, "TOADDR": null, "FRIADDL": "0", "TOIADDL": "1", "FRIADDR": null, "TOIADDR": null, "ZIPL": "00926", "ZIPR": null, "Shape_len": 57.6225315976}, "geometry": {"type": "LineString", "coordinates": [[-66.04468600006108, 18.392514002556553], [-66.0445670036993, 18.39247900222624], [-66.04442600113599, 18.39260800017479], [-66.04434800099472, 18.39280999783933]]}}, {"id": "255888", "type": "Feature", "properties": {"ID": 22853.0, "RT": "1", "VERSION": 1006.0, "TLID": 206632483.0, "SIDE1": null, "SOURCE": "J", "FENAME": "Calle Asenjo", "FETYPE": null, "CFCC": "A41", "FRADDL": null, "TOADDL": null, "FRADDR": null, "TOADDR": null, "FRIADDL": null, "TOIADDL": null, "FRIADDR": null, "TOIADDR": null, "ZIPL": null, "ZIPR": null, "Shape_len": 6.16870206283}, "geometry": {"type": "LineString", "coordinates": [[-66.04434800099472, 18.39280999783933], [-66.04432700185887, 18.392861999615448]]}}, {"id": "245519", "type": "Feature", "properties": {"ID": 14550.0, "RT": "1", "VERSION": 1006.0, "TLID": 206613035.0, "SIDE1": null, "SOURCE": "J", "FENAME": "Calle Canales", "FETYPE": null, "CFCC": "A41", "FRADDL": "265", "TOADDL": "271", "FRADDR": "264", "TOADDR": "266", "FRIADDL": "0", "TOIADDL": "0", "FRIADDR": "0", "TOIADDR": "0", "ZIPL": "00926", "ZIPR": "00926", "Shape_len": 69.0879992523}, "geometry": {"type": "LineString", "coordinates": [[-66.04494599825625, 18.39306299933567], [-66.04432700185887, 18.392861999615448]]}}, {"id": "249364", "type": "Feature", "properties": {"ID": 12885.0, "RT": "1", "VERSION": 1006.0, "TLID": 206610019.0, "SIDE1": null, "SOURCE": "J", "FENAME": "Calle Le\u00f3n", "FETYPE": null, "CFCC": "A41", "FRADDL": "278", "TOADDL": "298", "FRADDR": "281", "TOADDR": "525", "FRIADDL": "0", "TOIADDL": "0", "FRIADDR": "0", "TOIADDR": "0", "ZIPL": "00926", "ZIPR": "00926", "Shape_len": 86.4884350429}, "geometry": {"type": "LineString", "coordinates": [[-66.04416700343793, 18.393285997645183], [-66.04400199926297, 18.393205001949084], [-66.04383099992127, 18.39303399933874], [-66.04378800179681, 18.39289299968667], [-66.04378799929535, 18.39267200109309]]}}, {"id": "249417", "type": "Feature", "properties": {"ID": 12886.0, "RT": "1", "VERSION": 1006.0, "TLID": 206610020.0, "SIDE1": null, "SOURCE": "C", "FENAME": "Calle Asenjo", "FETYPE": null, "CFCC": "A41", "FRADDL": "1204", "TOADDL": "1202", "FRADDR": null, "TOADDR": null, "FRIADDL": "0", "TOIADDL": "0", "FRIADDR": null, "TOIADDR": null, "ZIPL": "00926", "ZIPR": null, "Shape_len": 49.8825385322}, "geometry": {"type": "LineString", "coordinates": [[-66.04432700185887, 18.392861999615448], [-66.04416700343793, 18.393285997645183]]}}, {"id": "251651", "type": "Feature", "properties": {"ID": 16418.0, "RT": "1", "VERSION": 1006.0, "TLID": 206616948.0, "SIDE1": null, "SOURCE": "C", "FENAME": "Calle Le\u00f3n", "FETYPE": null, "CFCC": "A41", "FRADDL": "265", "TOADDL": "271", "FRADDR": "270", "TOADDR": "274", "FRIADDL": "0", "TOIADDL": "0", "FRIADDR": "0", "TOIADDR": "0", "ZIPL": "00926", "ZIPR": "00926", "Shape_len": 69.5522134101}, "geometry": {"type": "LineString", "coordinates": [[-66.04478700383778, 18.39349700040291], [-66.04416700343793, 18.393285997645183]]}}, {"id": "250605", "type": "Feature", "properties": {"ID": 16434.0, "RT": "1", "VERSION": 1006.0, "TLID": 206616967.0, "SIDE1": null, "SOURCE": "C", "FENAME": "Calle Alto", "FETYPE": null, "CFCC": "A41", "FRADDL": "203", "TOADDL": "231", "FRADDR": "202", "TOADDR": "226", "FRIADDL": "0", "TOIADDL": "0", "FRIADDR": "0", "TOIADDR": "0", "ZIPL": "00926", "ZIPR": "00926", "Shape_len": 160.991232029}, "geometry": {"type": "LineString", "coordinates": [[-66.04716699586679, 18.393355001911313], [-66.04573399839121, 18.392861000039208]]}}, {"id": "250181", "type": "Feature", "properties": {"ID": 19727.0, "RT": "1", "VERSION": 1006.0, "TLID": 206625771.0, "SIDE1": null, "SOURCE": "J", "FENAME": "Calle Mang\u00f3", "FETYPE": null, "CFCC": "A41", "FRADDL": "1221", "TOADDL": "1225", "FRADDR": "1220", "TOADDR": "1224", "FRIADDL": "0", "TOIADDL": "0", "FRIADDR": "0", "TOIADDR": "0", "ZIPL": "00926", "ZIPR": "00926", "Shape_len": 50.3757378234}, "geometry": {"type": "LineString", "coordinates": [[-66.04716699586679, 18.393355001911313], [-66.04733199618258, 18.392928002007224]]}}, {"id": "249680", "type": "Feature", "properties": {"ID": 12873.0, "RT": "1", "VERSION": 1006.0, "TLID": 206610005.0, "SIDE1": null, "SOURCE": "J", "FENAME": "Calle Canales", "FETYPE": null, "CFCC": "A41", "FRADDL": "253", "TOADDL": "259", "FRADDR": null, "TOADDR": null, "FRIADDL": "0", "TOIADDL": "0", "FRIADDR": null, "TOIADDR": null, "ZIPL": "00926", "ZIPR": null, "Shape_len": 70.7021354391}, "geometry": {"type": "LineString", "coordinates": [[-66.0455729999095, 18.393285999161666], [-66.04494599825625, 18.39306299933567]]}}, {"id": "251026", "type": "Feature", "properties": {"ID": 16419.0, "RT": "1", "VERSION": 1006.0, "TLID": 206616949.0, "SIDE1": null, "SOURCE": "J", "FENAME": "Calle Sucre", "FETYPE": null, "CFCC": "A41", "FRADDL": "1206", "TOADDL": "1204", "FRADDR": null, "TOADDR": null, "FRIADDL": "0", "TOIADDL": "0", "FRIADDR": null, "TOIADDR": null, "ZIPL": "00926", "ZIPR": null, "Shape_len": 50.8904445039}, "geometry": {"type": "LineString", "coordinates": [[-66.04494599825625, 18.39306299933567], [-66.04478700383778, 18.39349700040291]]}}, {"id": "257411", "type": "Feature", "properties": {"ID": 28087.0, "RT": "1", "VERSION": 1006.0, "TLID": 206645555.0, "SIDE1": null, "SOURCE": "K", "FENAME": "Calle Alto", "FETYPE": null, "CFCC": "A41", "FRADDL": null, "TOADDL": null, "FRADDR": null, "TOADDR": null, "FRIADDL": null, "TOIADDL": null, "FRIADDR": null, "TOIADDR": null, "ZIPL": null, "ZIPR": null, "Shape_len": 45.366063616}, "geometry": {"type": "LineString", "coordinates": [[-66.04757200214723, 18.39349099846942], [-66.04716699586679, 18.393355001911313]]}}, {"id": "249876", "type": "Feature", "properties": {"ID": 12875.0, "RT": "1", "VERSION": 1006.0, "TLID": 206610008.0, "SIDE1": null, "SOURCE": "C", "FENAME": "Calle Bol\u00edvar", "FETYPE": null, "CFCC": "A41", "FRADDL": "1210", "TOADDL": "1206", "FRADDR": "1213", "TOADDR": "1207", "FRIADDL": "0", "TOIADDL": "0", "FRIADDR": "0", "TOIADDR": "0", "ZIPL": "00926", "ZIPR": "00926", "Shape_len": 49.9184205922}, "geometry": {"type": "LineString", "coordinates": [[-66.0455729999095, 18.393285999161666], [-66.0454119990829, 18.393709996170568]]}}, {"id": "251901", "type": "Feature", "properties": {"ID": 16432.0, "RT": "1", "VERSION": 1006.0, "TLID": 206616965.0, "SIDE1": null, "SOURCE": "C", "FENAME": "Calle Canales", "FETYPE": null, "CFCC": "A41", "FRADDL": "203", "TOADDL": "227", "FRADDR": "200", "TOADDR": "232", "FRIADDL": "0", "TOIADDL": "0", "FRIADDR": "0", "TOIADDR": "0", "ZIPL": "00926", "ZIPR": "00926", "Shape_len": 159.684956944}, "geometry": {"type": "LineString", "coordinates": [[-66.04699699730972, 18.393768999690625], [-66.0455729999095, 18.393285999161666]]}}, {"id": "263141", "type": "Feature", "properties": {"ID": 0.0, "RT": null, "VERSION": 0.0, "TLID": 0.0, "SIDE1": null, "SOURCE": null, "FENAME": null, "FETYPE": null, "CFCC": "A41", "FRADDL": null, "TOADDL": null, "FRADDR": null, "TOADDR": null, "FRIADDL": null, "TOIADDL": null, "FRIADDR": null, "TOIADDR": null, "ZIPL": null, "ZIPR": null, "Shape_len": 85.9801896527}, "geometry": {"type": "LineString", "coordinates": [[-66.0478931461458, 18.393808761814103], [-66.04780617279013, 18.393778333450882], [-66.04773749119367, 18.39374261948209], [-66.04768583603841, 18.393698195944786], [-66.04769239614113, 18.393672513561373], [-66.04783812019916, 18.393372830249742], [-66.04789939353896, 18.393281475297215], [-66.04792354999715, 18.39325766411198], [-66.04794234231682, 18.393250222950403], [-66.04797294527376, 18.39325395161779]]}}, {"id": "250946", "type": "Feature", "properties": {"ID": 16435.0, "RT": "1", "VERSION": 1006.0, "TLID": 206616968.0, "SIDE1": null, "SOURCE": "J", "FENAME": "Calle Manso", "FETYPE": null, "CFCC": "A41", "FRADDL": null, "TOADDL": null, "FRADDR": null, "TOADDR": null, "FRIADDL": null, "TOIADDL": null, "FRIADDR": null, "TOIADDR": null, "ZIPL": null, "ZIPR": null, "Shape_len": 49.2183575159}, "geometry": {"type": "LineString", "coordinates": [[-66.04699699730972, 18.393768999690625], [-66.04716699586679, 18.393355001911313]]}}, {"id": "249098", "type": "Feature", "properties": {"ID": 12874.0, "RT": "1", "VERSION": 1006.0, "TLID": 206610007.0, "SIDE1": null, "SOURCE": "C", "FENAME": "Calle Le\u00f3n", "FETYPE": null, "CFCC": "A41", "FRADDL": "253", "TOADDL": "259", "FRADDR": "250", "TOADDR": "256", "FRIADDL": "0", "TOIADDL": "0", "FRIADDR": "0", "TOIADDR": "0", "ZIPL": "00926", "ZIPR": "00926", "Shape_len": 70.1233658637}, "geometry": {"type": "LineString", "coordinates": [[-66.0454119990829, 18.393709996170568], [-66.04478700383778, 18.39349700040291]]}}, {"id": "252779", "type": "Feature", "properties": {"ID": 12888.0, "RT": "1", "VERSION": 1006.0, "TLID": 206610022.0, "SIDE1": null, "SOURCE": "C", "FENAME": "Calle Asenjo", "FETYPE": null, "CFCC": "A41", "FRADDL": "1176", "TOADDL": "1174", "FRADDR": "1177", "TOADDR": "1173", "FRIADDL": "0", "TOIADDL": "0", "FRIADDR": "0", "TOIADDR": "0", "ZIPL": "00926", "ZIPR": "00926", "Shape_len": 50.0594166107}, "geometry": {"type": "LineString", "coordinates": [[-66.04416700343793, 18.393285997645183], [-66.04400500042745, 18.393711002428972]]}}, {"id": "250818", "type": "Feature", "properties": {"ID": 12887.0, "RT": "1", "VERSION": 1006.0, "TLID": 206610021.0, "SIDE1": null, "SOURCE": "C", "FENAME": "Calle Col\u00f3n", "FETYPE": null, "CFCC": "A41", "FRADDL": "277", "TOADDL": "283", "FRADDR": "276", "TOADDR": "282", "FRIADDL": "0", "TOIADDL": "0", "FRIADDR": "0", "TOIADDR": "0", "ZIPL": "00926", "ZIPR": "00926", "Shape_len": 48.3563711562}, "geometry": {"type": "LineString", "coordinates": [[-66.04400500042745, 18.393711002428972], [-66.04373322411713, 18.393602161108088]]}}, {"id": "251080", "type": "Feature", "properties": {"ID": 16421.0, "RT": "1", "VERSION": 1006.0, "TLID": 206616951.0, "SIDE1": null, "SOURCE": "J", "FENAME": "Calle Sucre", "FETYPE": null, "CFCC": "A41", "FRADDL": "1176", "TOADDL": "1174", "FRADDR": "1183", "TOADDR": "1177", "FRIADDL": "0", "TOIADDL": "0", "FRIADDR": "0", "TOIADDR": "0", "ZIPL": "00926", "ZIPR": "00926", "Shape_len": 49.8808299532}, "geometry": {"type": "LineString", "coordinates": [[-66.04478700383778, 18.39349700040291], [-66.04463299959599, 18.393923000360434]]}}, {"id": "254347", "type": "Feature", "properties": {"ID": 16420.0, "RT": "1", "VERSION": 1006.0, "TLID": 206616950.0, "SIDE1": null, "SOURCE": "C", "FENAME": "Calle Col\u00f3n", "FETYPE": null, "CFCC": "A41", "FRADDL": "267", "TOADDL": "275", "FRADDR": "264", "TOADDR": "266", "FRIADDL": "0", "TOIADDL": "0", "FRIADDR": "0", "TOIADDR": "0", "ZIPL": "00926", "ZIPR": "00926", "Shape_len": 70.3854137245}, "geometry": {"type": "LineString", "coordinates": [[-66.04463299959599, 18.393923000360434], [-66.04400500042745, 18.393711002428972]]}}, {"id": "251972", "type": "Feature", "properties": {"ID": 16422.0, "RT": "1", "VERSION": 1006.0, "TLID": 206616952.0, "SIDE1": null, "SOURCE": "J", "FENAME": "Calle Sucre", "FETYPE": null, "CFCC": "A41", "FRADDL": null, "TOADDL": null, "FRADDR": "1173", "TOADDR": "1165", "FRIADDL": null, "TOIADDL": null, "FRIADDR": "0", "TOIADDR": "0", "ZIPL": null, "ZIPR": "00926", "Shape_len": 50.3704557924}, "geometry": {"type": "LineString", "coordinates": [[-66.04463299959599, 18.393923000360434], [-66.0444710008862, 18.394350995987256]]}}, {"id": "254862", "type": "Feature", "properties": {"ID": 26658.0, "RT": "1", "VERSION": 1006.0, "TLID": 206642069.0, "SIDE1": null, "SOURCE": "J", "FENAME": "Calle Buen Consejo", "FETYPE": null, "CFCC": "A41", "FRADDL": null, "TOADDL": null, "FRADDR": null, "TOADDR": null, "FRIADDL": null, "TOIADDL": null, "FRIADDR": null, "TOIADDR": null, "ZIPL": null, "ZIPR": null, "Shape_len": 32.2569798667}, "geometry": {"type": "LineString", "coordinates": [[-66.04423499738627, 18.394274001675573], [-66.0441763941069, 18.39425694233731]]}}, {"id": "258427", "type": "Feature", "properties": {"ID": 27735.0, "RT": "1", "VERSION": 1006.0, "TLID": 206644595.0, "SIDE1": null, "SOURCE": "L", "FENAME": null, "FETYPE": null, "CFCC": "A41", "FRADDL": null, "TOADDL": null, "FRADDR": null, "TOADDR": null, "FRIADDL": null, "TOIADDL": null, "FRIADDR": null, "TOIADDR": null, "ZIPL": null, "ZIPR": null, "Shape_len": 3.3960979609}, "geometry": {"type": "LineString", "coordinates": [[-66.05478300068376, 18.3941419974931], [-66.05475299613256, 18.394131000877387]]}}, {"id": "259433", "type": "Feature", "properties": {"ID": 27734.0, "RT": "1", "VERSION": 1006.0, "TLID": 206644594.0, "SIDE1": null, "SOURCE": "L", "FENAME": null, "FETYPE": null, "CFCC": "A41", "FRADDL": null, "TOADDL": null, "FRADDR": null, "TOADDR": null, "FRIADDL": null, "TOIADDL": null, "FRIADDR": null, "TOIADDR": null, "ZIPL": null, "ZIPR": null, "Shape_len": 4.90876001043}, "geometry": {"type": "LineString", "coordinates": [[-66.05482800332068, 18.394153000210075], [-66.05478300068376, 18.3941419974931]]}}, {"id": "260973", "type": "Feature", "properties": {"ID": 23511.0, "RT": "1", "VERSION": 1006.0, "TLID": 206633722.0, "SIDE1": null, "SOURCE": "L", "FENAME": "Calle Los Tanques", "FETYPE": null, "CFCC": "A41", "FRADDL": null, "TOADDL": null, "FRADDR": null, "TOADDR": null, "FRIADDL": null, "TOIADDL": null, "FRIADDR": null, "TOIADDR": null, "ZIPL": null, "ZIPR": null, "Shape_len": 43.3066396258}, "geometry": {"type": "LineString", "coordinates": [[-66.052155999149, 18.393392999478326], [-66.05251599878288, 18.393579999081553]]}}, {"id": "251659", "type": "Feature", "properties": {"ID": 16415.0, "RT": "1", "VERSION": 1006.0, "TLID": 206616932.0, "SIDE1": null, "SOURCE": "J", "FENAME": "Calle Acueducto", "FETYPE": null, "CFCC": "A41", "FRADDL": "48", "TOADDL": "34", "FRADDR": "47", "TOADDR": "35", "FRIADDL": "0", "TOIADDL": "0", "FRIADDR": "0", "TOIADDR": "0", "ZIPL": "00926", "ZIPR": "00926", "Shape_len": 89.3472820507}, "geometry": {"type": "LineString", "coordinates": [[-66.05347899819883, 18.393557998239086], [-66.05422499969939, 18.393938002457404]]}}, {"id": "252292", "type": "Feature", "properties": {"ID": 16409.0, "RT": "1", "VERSION": 1006.0, "TLID": 206616926.0, "SIDE1": null, "SOURCE": "C", "FENAME": "Calle Brumbaugh", "FETYPE": null, "CFCC": "A41", "FRADDL": null, "TOADDL": null, "FRADDR": "1244", "TOADDR": "1256", "FRIADDL": null, "TOIADDL": null, "FRIADDR": "0", "TOIADDR": "0", "ZIPL": null, "ZIPR": "00926", "Shape_len": 50.9888884297}, "geometry": {"type": "LineString", "coordinates": [[-66.05325099940208, 18.393964000267268], [-66.05347899819883, 18.393557998239086]]}}, {"id": "256125", "type": "Feature", "properties": {"ID": 16410.0, "RT": "1", "VERSION": 1006.0, "TLID": 206616927.0, "SIDE1": null, "SOURCE": "J", "FENAME": "Calle Los Tanques", "FETYPE": null, "CFCC": "A41", "FRADDL": "66", "TOADDL": "50", "FRADDR": "61", "TOADDR": "51", "FRIADDL": "0", "TOIADDL": "0", "FRIADDR": "0", "TOIADDR": "0", "ZIPL": "00926", "ZIPR": "00926", "Shape_len": 88.5349275909}, "geometry": {"type": "LineString", "coordinates": [[-66.05251599878288, 18.393579999081553], [-66.05325099940208, 18.393964000267268]]}}, {"id": "257796", "type": "Feature", "properties": {"ID": 16405.0, "RT": "1", "VERSION": 1006.0, "TLID": 206616920.0, "SIDE1": null, "SOURCE": "J", "FENAME": "Calle Manuel J Zama", "FETYPE": null, "CFCC": "A41", "FRADDL": "1223", "TOADDL": "1229", "FRADDR": "1226", "TOADDR": "1228", "FRIADDL": "0", "TOIADDL": "0", "FRIADDR": "0", "TOIADDR": "0", "ZIPL": "00926", "ZIPR": "00926", "Shape_len": 49.0789766315}, "geometry": {"type": "LineString", "coordinates": [[-66.05229499693655, 18.39396999987463], [-66.05251599878288, 18.393579999081553]]}}, {"id": "252699", "type": "Feature", "properties": {"ID": 16414.0, "RT": "1", "VERSION": 1006.0, "TLID": 206616931.0, "SIDE1": null, "SOURCE": "C", "FENAME": "Calle Izcoa D\u00edaz", "FETYPE": null, "CFCC": "A41", "FRADDL": "1259", "TOADDL": "1261", "FRADDR": null, "TOADDR": null, "FRIADDL": "0", "TOIADDL": "0", "FRIADDR": null, "TOIADDR": null, "ZIPL": "00926", "ZIPR": null, "Shape_len": 37.8487733595}, "geometry": {"type": "LineString", "coordinates": [[-66.05422499969939, 18.393938002457404], [-66.0543890031337, 18.393634001028985]]}}, {"id": "258070", "type": "Feature", "properties": {"ID": 22839.0, "RT": "1", "VERSION": 1006.0, "TLID": 206632461.0, "SIDE1": null, "SOURCE": "C", "FENAME": "Calle Principal", "FETYPE": null, "CFCC": "A41", "FRADDL": "71", "TOADDL": "77", "FRADDR": "74", "TOADDR": "82", "FRIADDL": "0", "TOIADDL": "1", "FRIADDR": "0", "TOIADDR": "1", "ZIPL": "00926", "ZIPR": "00926", "Shape_len": 71.5527037251}, "geometry": {"type": "LineString", "coordinates": [[-66.05229499693655, 18.39396999987463], [-66.05169300005826, 18.393674000123006]]}}, {"id": "270266", "type": "Feature", "properties": {"ID": 31319.0, "RT": "1", "VERSION": 1006.0, "TLID": 206650363.0, "SIDE1": null, "SOURCE": "O", "FENAME": "Calle Guaracanal (PR-847)", "FETYPE": null, "CFCC": "A31", "FRADDL": "17", "TOADDL": "23", "FRADDR": "20", "TOADDR": "22", "FRIADDL": "1", "TOIADDL": "0", "FRIADDR": "1", "TOIADDR": "0", "ZIPL": "00926", "ZIPR": "00926", "Shape_len": 78.8920972081}, "geometry": {"type": "LineString", "coordinates": [[-66.05482800332068, 18.394153000210075], [-66.05478300111874, 18.39400500264456], [-66.05465399938134, 18.39375600033373], [-66.0543890031337, 18.393634001028985]]}}, {"id": "248625", "type": "Feature", "properties": {"ID": 21906.0, "RT": "1", "VERSION": 1006.0, "TLID": 206630551.0, "SIDE1": null, "SOURCE": "J", "FENAME": "Calle Acueducto", "FETYPE": null, "CFCC": "A41", "FRADDL": "32", "TOADDL": "30", "FRADDR": "31", "TOADDR": "29", "FRIADDL": "0", "TOIADDL": "1", "FRIADDR": "0", "TOIADDR": "1", "ZIPL": "00926", "ZIPR": "00926", "Shape_len": 59.7416227689}, "geometry": {"type": "LineString", "coordinates": [[-66.05422499969939, 18.393938002457404], [-66.05475299613256, 18.394131000877387]]}}, {"id": "251753", "type": "Feature", "properties": {"ID": 16411.0, "RT": "1", "VERSION": 1006.0, "TLID": 206616928.0, "SIDE1": null, "SOURCE": "C", "FENAME": "Calle Izcoa D\u00edaz", "FETYPE": null, "CFCC": "A41", "FRADDL": null, "TOADDL": null, "FRADDR": "1254", "TOADDR": "1256", "FRIADDL": null, "TOIADDL": null, "FRIADDR": "0", "TOIADDR": "0", "ZIPL": null, "ZIPR": "00926", "Shape_len": 50.3766882953}, "geometry": {"type": "LineString", "coordinates": [[-66.05401800388545, 18.394348001365692], [-66.05422499969939, 18.393938002457404]]}}, {"id": "264477", "type": "Feature", "properties": {"ID": 24875.0, "RT": "1", "VERSION": 1006.0, "TLID": 206636915.0, "SIDE1": null, "SOURCE": "K", "FENAME": "Calle Vallejo", "FETYPE": null, "CFCC": "A41", "FRADDL": "1238", "TOADDL": "1234", "FRADDR": "1227", "TOADDR": "1225", "FRIADDL": "0", "TOIADDL": "1", "FRIADDR": "0", "TOIADDR": "1", "ZIPL": "00926", "ZIPR": "00926", "Shape_len": 1.030044101}, "geometry": {"type": "LineString", "coordinates": [[-66.04884499880673, 18.393798997519877], [-66.04884140061444, 18.393807646447147]]}}, {"id": "266650", "type": "Feature", "properties": {"ID": 0.0, "RT": null, "VERSION": 0.0, "TLID": 0.0, "SIDE1": null, "SOURCE": null, "FENAME": null, "FETYPE": null, "CFCC": "A41", "FRADDL": null, "TOADDL": null, "FRADDR": null, "TOADDR": null, "FRIADDL": null, "TOIADDL": null, "FRIADDR": null, "TOIADDR": null, "ZIPL": null, "ZIPR": null, "Shape_len": 35.3185701754}, "geometry": {"type": "LineString", "coordinates": [[-66.0486271833041, 18.393796854134507], [-66.04852012607184, 18.393830870938608], [-66.04846008612887, 18.393831459701808], [-66.0482996842027, 18.393814617852406]]}}, {"id": "263893", "type": "Feature", "properties": {"ID": 24875.0, "RT": "1", "VERSION": 1006.0, "TLID": 206636915.0, "SIDE1": null, "SOURCE": "K", "FENAME": "Calle Vallejo", "FETYPE": null, "CFCC": "A41", "FRADDL": "1238", "TOADDL": "1234", "FRADDR": "1227", "TOADDR": "1225", "FRIADDL": "0", "TOIADDL": "1", "FRIADDR": "0", "TOIADDR": "1", "ZIPL": "00926", "ZIPR": "00926", "Shape_len": 14.9542620975}, "geometry": {"type": "LineString", "coordinates": [[-66.04884140061444, 18.393807646447147], [-66.0488067516895, 18.393938641480247]]}}, {"id": "265299", "type": "Feature", "properties": {"ID": 24873.0, "RT": "1", "VERSION": 1006.0, "TLID": 206636913.0, "SIDE1": null, "SOURCE": "K", "FENAME": "Calle Vallejo", "FETYPE": null, "CFCC": "A41", "FRADDL": "1232", "TOADDL": "1226", "FRADDR": "1223", "TOADDR": "1221", "FRIADDL": "1", "TOIADDL": "1", "FRIADDR": "1", "TOIADDR": "1", "ZIPL": "00926", "ZIPR": "00926", "Shape_len": 27.6711769661}, "geometry": {"type": "LineString", "coordinates": [[-66.0488067516895, 18.393938641480247], [-66.04871258279883, 18.394171918184153]]}}, {"id": "251459", "type": "Feature", "properties": {"ID": 20170.0, "RT": "1", "VERSION": 1006.0, "TLID": 206626734.0, "SIDE1": null, "SOURCE": "K", "FENAME": "Calle Canales", "FETYPE": null, "CFCC": "A41", "FRADDL": "153", "TOADDL": "161", "FRADDR": "150", "TOADDR": "164", "FRIADDL": "0", "TOIADDL": "0", "FRIADDR": "0", "TOIADDR": "0", "ZIPL": "00926", "ZIPR": "00926", "Shape_len": 89.8750227622}, "geometry": {"type": "LineString", "coordinates": [[-66.04862299870308, 18.39432999653673], [-66.04782500204487, 18.39404899921274]]}}, {"id": "269087", "type": "Feature", "properties": {"ID": 18452.0, "RT": "1", "VERSION": 1006.0, "TLID": 206622754.0, "SIDE1": null, "SOURCE": "J", "FENAME": "Calle Vallejo", "FETYPE": null, "CFCC": "A41", "FRADDL": "1224", "TOADDL": "1222", "FRADDR": "1219", "TOADDR": "1213", "FRIADDL": "1", "TOIADDL": "1", "FRIADDR": "1", "TOIADDR": "0", "ZIPL": "00926", "ZIPR": "00926", "Shape_len": 17.3189818122}, "geometry": {"type": "LineString", "coordinates": [[-66.04871258279883, 18.394171918184153], [-66.04863459230312, 18.39430953994728]]}}, {"id": "263897", "type": "Feature", "properties": {"ID": 18452.0, "RT": "1", "VERSION": 1006.0, "TLID": 206622754.0, "SIDE1": null, "SOURCE": "J", "FENAME": "Calle Vallejo", "FETYPE": null, "CFCC": "A41", "FRADDL": "1224", "TOADDL": "1222", "FRADDR": "1219", "TOADDR": "1213", "FRIADDL": "1", "TOIADDL": "1", "FRIADDR": "1", "TOIADDR": "0", "ZIPL": "00926", "ZIPR": "00926", "Shape_len": 2.57439591555}, "geometry": {"type": "LineString", "coordinates": [[-66.04863459230312, 18.39430953994728], [-66.04862299870308, 18.39432999653673]]}}, {"id": "253380", "type": "Feature", "properties": {"ID": 22767.0, "RT": "1", "VERSION": 1006.0, "TLID": 206632303.0, "SIDE1": null, "SOURCE": "J", "FENAME": "Calle Vallejo", "FETYPE": null, "CFCC": "A41", "FRADDL": null, "TOADDL": null, "FRADDR": null, "TOADDR": null, "FRIADDL": null, "TOIADDL": null, "FRIADDR": null, "TOIADDR": null, "ZIPL": null, "ZIPR": null, "Shape_len": 7.4568611654}, "geometry": {"type": "LineString", "coordinates": [[-66.04859799884525, 18.39439299770813], [-66.04862299870308, 18.39432999653673]]}}, {"id": "251699", "type": "Feature", "properties": {"ID": 16412.0, "RT": "1", "VERSION": 1006.0, "TLID": 206616929.0, "SIDE1": null, "SOURCE": "J", "FENAME": "Calle Los Tanques", "FETYPE": null, "CFCC": "A41", "FRADDL": "48", "TOADDL": "30", "FRADDR": "41", "TOADDR": "35", "FRIADDL": "0", "TOIADDL": "0", "FRIADDR": "0", "TOIADDR": "0", "ZIPL": "00926", "ZIPR": "00926", "Shape_len": 91.515747186}, "geometry": {"type": "LineString", "coordinates": [[-66.05325099940208, 18.393964000267268], [-66.05401800388545, 18.394348001365692]]}}, {"id": "250128", "type": "Feature", "properties": {"ID": 12800.0, "RT": "1", "VERSION": 1006.0, "TLID": 206609872.0, "SIDE1": null, "SOURCE": "C", "FENAME": "Calle Brumbaugh", "FETYPE": null, "CFCC": "A41", "FRADDL": null, "TOADDL": null, "FRADDR": null, "TOADDR": null, "FRIADDL": null, "TOIADDL": null, "FRIADDR": null, "TOIADDR": null, "ZIPL": null, "ZIPR": null, "Shape_len": 48.3877239805}, "geometry": {"type": "LineString", "coordinates": [[-66.053038003983, 18.394350999265033], [-66.05325099940208, 18.393964000267268]]}}, {"id": "249736", "type": "Feature", "properties": {"ID": 12802.0, "RT": "1", "VERSION": 1006.0, "TLID": 206609874.0, "SIDE1": null, "SOURCE": "C", "FENAME": "Calle Principal", "FETYPE": null, "CFCC": "A41", "FRADDL": "53", "TOADDL": "67", "FRADDR": "56", "TOADDR": "66", "FRIADDL": "0", "TOIADDL": "0", "FRIADDR": "0", "TOIADDR": "0", "ZIPL": "00926", "ZIPR": "00926", "Shape_len": 89.1201515803}, "geometry": {"type": "LineString", "coordinates": [[-66.053038003983, 18.394350999265033], [-66.05229499693655, 18.39396999987463]]}}, {"id": "255903", "type": "Feature", "properties": {"ID": 16417.0, "RT": "1", "VERSION": 1006.0, "TLID": 206616935.0, "SIDE1": null, "SOURCE": "J", "FENAME": "Calle Manuel M Zama", "FETYPE": null, "CFCC": "A41", "FRADDL": "1215", "TOADDL": "1221", "FRADDR": null, "TOADDR": null, "FRIADDL": "0", "TOIADDL": "0", "FRIADDR": null, "TOIADDR": null, "ZIPL": "00926", "ZIPR": null, "Shape_len": 48.491222904}, "geometry": {"type": "LineString", "coordinates": [[-66.0520879982364, 18.394361001260766], [-66.05229499693655, 18.39396999987463]]}}, {"id": "249262", "type": "Feature", "properties": {"ID": 22166.0, "RT": "1", "VERSION": 1006.0, "TLID": 206631121.0, "SIDE1": null, "SOURCE": "L", "FENAME": "Callej\u00f3n Jos\u00e9 Qui\u00f1ones", "FETYPE": null, "CFCC": "A41", "FRADDL": null, "TOADDL": null, "FRADDR": null, "TOADDR": null, "FRIADDL": null, "TOIADDL": null, "FRIADDR": null, "TOIADDR": null, "ZIPL": null, "ZIPR": null, "Shape_len": 24.9558686815}, "geometry": {"type": "LineString", "coordinates": [[-66.0520879982364, 18.394361001260766], [-66.05187100276373, 18.394271999139736]]}}, {"id": "253605", "type": "Feature", "properties": {"ID": 16413.0, "RT": "1", "VERSION": 1006.0, "TLID": 206616930.0, "SIDE1": null, "SOURCE": "J", "FENAME": "Calle Los Tanques", "FETYPE": null, "CFCC": "A41", "FRADDL": "26", "TOADDL": "16", "FRADDR": "33", "TOADDR": "25", "FRIADDL": "0", "TOIADDL": "0", "FRIADDR": "0", "TOIADDR": "0", "ZIPL": "00926", "ZIPR": "00926", "Shape_len": 59.6923049052}, "geometry": {"type": "LineString", "coordinates": [[-66.05401800388545, 18.394348001365692], [-66.05451800305627, 18.39459899836743]]}}, {"id": "250266", "type": "Feature", "properties": {"ID": 12798.0, "RT": "1", "VERSION": 1006.0, "TLID": 206609870.0, "SIDE1": null, "SOURCE": "C", "FENAME": "Calle Izcoa D\u00edaz", "FETYPE": null, "CFCC": "A41", "FRADDL": null, "TOADDL": null, "FRADDR": null, "TOADDR": null, "FRIADDL": null, "TOIADDL": null, "FRIADDR": null, "TOIADDR": null, "ZIPL": null, "ZIPR": null, "Shape_len": 50.0088522938}, "geometry": {"type": "LineString", "coordinates": [[-66.05379400030058, 18.394745999925497], [-66.05389999982121, 18.39455900268954], [-66.05401800388545, 18.394348001365692]]}}, {"id": "249924", "type": "Feature", "properties": {"ID": 12801.0, "RT": "1", "VERSION": 1006.0, "TLID": 206609873.0, "SIDE1": null, "SOURCE": "C", "FENAME": "Calle Principal", "FETYPE": null, "CFCC": "A41", "FRADDL": "33", "TOADDL": "49", "FRADDR": "34", "TOADDR": "44", "FRIADDL": "0", "TOIADDL": "0", "FRIADDR": "0", "TOIADDR": "0", "ZIPL": "00926", "ZIPR": "00926", "Shape_len": 91.0652763556}, "geometry": {"type": "LineString", "coordinates": [[-66.05379400030058, 18.394745999925497], [-66.053038003983, 18.394350999265033]]}}, {"id": "251225", "type": "Feature", "properties": {"ID": 16402.0, "RT": "1", "VERSION": 1006.0, "TLID": 206616916.0, "SIDE1": null, "SOURCE": "C", "FENAME": "Calle Brumbaugh", "FETYPE": null, "CFCC": "A41", "FRADDL": null, "TOADDL": null, "FRADDR": null, "TOADDR": null, "FRIADDL": null, "TOIADDL": null, "FRIADDR": null, "TOIADDR": null, "ZIPL": null, "ZIPR": null, "Shape_len": 50.106600036}, "geometry": {"type": "LineString", "coordinates": [[-66.05281400070626, 18.394750002246425], [-66.053038003983, 18.394350999265033]]}}, {"id": "251920", "type": "Feature", "properties": {"ID": 16404.0, "RT": "1", "VERSION": 1006.0, "TLID": 206616919.0, "SIDE1": null, "SOURCE": "J", "FENAME": "Calle Jos\u00e9 Qui\u00f1ones", "FETYPE": null, "CFCC": "A41", "FRADDL": "53", "TOADDL": "65", "FRADDR": "54", "TOADDR": "64", "FRIADDL": "0", "TOIADDL": "0", "FRIADDR": "0", "TOIADDR": "0", "ZIPL": "00926", "ZIPR": "00926", "Shape_len": 87.9712668087}, "geometry": {"type": "LineString", "coordinates": [[-66.05281400070626, 18.394750002246425], [-66.0520879982364, 18.394361001260766]]}}, {"id": "261741", "type": "Feature", "properties": {"ID": 23333.0, "RT": "1", "VERSION": 1006.0, "TLID": 206633384.0, "SIDE1": null, "SOURCE": "C", "FENAME": "Calle Guaracanal (PR-847)", "FETYPE": null, "CFCC": "A31", "FRADDL": "5", "TOADDL": "13", "FRADDR": "4", "TOADDR": "16", "FRIADDL": "0", "TOIADDL": "1", "FRIADDR": "0", "TOIADDR": "1", "ZIPL": "00926", "ZIPR": "00926", "Shape_len": 96.862305587}, "geometry": {"type": "LineString", "coordinates": [[-66.05498260273386, 18.394841982666694], [-66.05492199858793, 18.39477699862096], [-66.05493100071925, 18.39452900054132], [-66.05482800332068, 18.394153000210075]]}}, {"id": "262255", "type": "Feature", "properties": {"ID": 0.0, "RT": null, "VERSION": 0.0, "TLID": 0.0, "SIDE1": null, "SOURCE": null, "FENAME": null, "FETYPE": null, "CFCC": "A41", "FRADDL": null, "TOADDL": null, "FRADDR": null, "TOADDR": null, "FRIADDL": null, "TOIADDL": null, "FRIADDR": null, "TOIADDR": null, "ZIPL": null, "ZIPR": null, "Shape_len": 27.2023144311}, "geometry": {"type": "LineString", "coordinates": [[-66.04863459230312, 18.39430953994728], [-66.04885247638305, 18.39444043415544]]}}, {"id": "255820", "type": "Feature", "properties": {"ID": 22769.0, "RT": "1", "VERSION": 1006.0, "TLID": 206632306.0, "SIDE1": null, "SOURCE": "J", "FENAME": "Calle Vallejo", "FETYPE": null, "CFCC": "A41", "FRADDL": null, "TOADDL": null, "FRADDR": null, "TOADDR": null, "FRIADDL": null, "TOIADDL": null, "FRIADDR": null, "TOIADDR": null, "ZIPL": null, "ZIPR": null, "Shape_len": 19.6154898996}, "geometry": {"type": "LineString", "coordinates": [[-66.04853299618838, 18.394558997244303], [-66.04859799884525, 18.39439299770813]]}}, {"id": "254648", "type": "Feature", "properties": {"ID": 22768.0, "RT": "1", "VERSION": 1006.0, "TLID": 206632305.0, "SIDE1": null, "SOURCE": "J", "FENAME": "Calle Vallejo", "FETYPE": null, "CFCC": "A41", "FRADDL": null, "TOADDL": null, "FRADDR": null, "TOADDR": null, "FRIADDL": null, "TOIADDL": null, "FRIADDR": null, "TOIADDR": null, "ZIPL": null, "ZIPR": null, "Shape_len": 21.6370382506}, "geometry": {"type": "LineString", "coordinates": [[-66.04846100106778, 18.39474199956718], [-66.04853299618838, 18.394558997244303]]}}, {"id": "252425", "type": "Feature", "properties": {"ID": 12863.0, "RT": "1", "VERSION": 1006.0, "TLID": 206609989.0, "SIDE1": null, "SOURCE": "C", "FENAME": "Calle Los Andes", "FETYPE": null, "CFCC": "A41", "FRADDL": "1007", "TOADDL": "1011", "FRADDR": "118", "TOADDR": "120", "FRIADDL": "0", "TOIADDL": "0", "FRIADDR": "0", "TOIADDR": "0", "ZIPL": "00926", "ZIPR": "00926", "Shape_len": 169.37576457}, "geometry": {"type": "LineString", "coordinates": [[-66.05162370012967, 18.394988283269434], [-66.05166399873605, 18.3948429982085], [-66.05165700276554, 18.394626000802823], [-66.05148900078117, 18.394358998459495], [-66.05128864975639, 18.39425621515275]]}}, {"id": "250267", "type": "Feature", "properties": {"ID": 12871.0, "RT": "1", "VERSION": 1006.0, "TLID": 206610000.0, "SIDE1": null, "SOURCE": "C", "FENAME": "Calle Vallejo", "FETYPE": null, "CFCC": "A41", "FRADDL": "1175", "TOADDL": "1177", "FRADDR": null, "TOADDR": null, "FRIADDL": "0", "TOIADDL": "0", "FRIADDR": null, "TOIADDR": null, "ZIPL": "00926", "ZIPR": null, "Shape_len": 50.6576172477}, "geometry": {"type": "LineString", "coordinates": [[-66.04834189325244, 18.395151723613058], [-66.04846100106778, 18.39474199956718]]}}, {"id": "378933", "type": "Feature", "properties": {"ID": 18458.0, "RT": "1", "VERSION": 1006.0, "TLID": 206622761.0, "SIDE1": null, "SOURCE": "C", "FENAME": "Calle Marginal", "FETYPE": null, "CFCC": "A41", "FRADDL": null, "TOADDL": null, "FRADDR": null, "TOADDR": null, "FRIADDL": null, "TOIADDL": null, "FRIADDR": null, "TOIADDR": null, "ZIPL": null, "ZIPR": null, "Shape_len": 166.574923424}, "geometry": {"type": "LineString", "coordinates": [[-66.04854146812431, 18.395142369617236], [-66.04844955573937, 18.395175659883908]]}}, {"id": "252489", "type": "Feature", "properties": {"ID": 16416.0, "RT": "1", "VERSION": 1006.0, "TLID": 206616933.0, "SIDE1": null, "SOURCE": "J", "FENAME": "Calle C", "FETYPE": null, "CFCC": "A41", "FRADDL": "1234", "TOADDL": "1224", "FRADDR": null, "TOADDR": null, "FRIADDL": "0", "TOIADDL": "0", "FRIADDR": null, "TOIADDR": null, "ZIPL": "00926", "ZIPR": null, "Shape_len": 55.6589211959}, "geometry": {"type": "LineString", "coordinates": [[-66.05451800305627, 18.39459899836743], [-66.05455699981378, 18.394617997636622], [-66.05457100179439, 18.394664997551672], [-66.05450100023165, 18.39480700030833], [-66.05434900193838, 18.39501700146828]]}}, {"id": "249783", "type": "Feature", "properties": {"ID": 12799.0, "RT": "1", "VERSION": 1006.0, "TLID": 206609871.0, "SIDE1": null, "SOURCE": "C", "FENAME": "Calle Principal", "FETYPE": null, "CFCC": "A41", "FRADDL": "21", "TOADDL": "27", "FRADDR": "24", "TOADDR": "28", "FRIADDL": "0", "TOIADDL": "0", "FRIADDR": "0", "TOIADDR": "0", "ZIPL": "00926", "ZIPR": "00926", "Shape_len": 65.8710210643}, "geometry": {"type": "LineString", "coordinates": [[-66.05434900193838, 18.39501700146828], [-66.05379400030058, 18.394745999925497]]}}, {"id": "248309", "type": "Feature", "properties": {"ID": 22163.0, "RT": "1", "VERSION": 1006.0, "TLID": 206631116.0, "SIDE1": null, "SOURCE": "L", "FENAME": "Callej\u00f3n A", "FETYPE": null, "CFCC": "A41", "FRADDL": null, "TOADDL": null, "FRADDR": null, "TOADDR": null, "FRIADDL": null, "TOIADDL": null, "FRIADDR": null, "TOIADDR": null, "ZIPL": null, "ZIPR": null, "Shape_len": 12.2241289215}, "geometry": {"type": "LineString", "coordinates": [[-66.05217999846127, 18.394977999680673], [-66.05224400084381, 18.394886000098225]]}}, {"id": "251193", "type": "Feature", "properties": {"ID": 16400.0, "RT": "1", "VERSION": 1006.0, "TLID": 206616914.0, "SIDE1": null, "SOURCE": "C", "FENAME": "Calle J A D\u00edaz", "FETYPE": null, "CFCC": "A41", "FRADDL": "1213", "TOADDL": "1217", "FRADDR": "1214", "TOADDR": "1220", "FRIADDL": "0", "TOIADDL": "0", "FRIADDR": "0", "TOIADDR": "0", "ZIPL": "00926", "ZIPR": "00926", "Shape_len": 48.5359357079}, "geometry": {"type": "LineString", "coordinates": [[-66.05357800322672, 18.395132998053857], [-66.05379400030058, 18.394745999925497]]}}, {"id": "251203", "type": "Feature", "properties": {"ID": 16403.0, "RT": "1", "VERSION": 1006.0, "TLID": 206616917.0, "SIDE1": null, "SOURCE": "J", "FENAME": "Calle Jos\u00e9 Qui\u00f1ones", "FETYPE": null, "CFCC": "A41", "FRADDL": "39", "TOADDL": "47", "FRADDR": "36", "TOADDR": "46", "FRIADDL": "0", "TOIADDL": "0", "FRIADDR": "0", "TOIADDR": "0", "ZIPL": "00926", "ZIPR": "00926", "Shape_len": 91.1828415882}, "geometry": {"type": "LineString", "coordinates": [[-66.05357800322672, 18.395132998053857], [-66.05281400070626, 18.394750002246425]]}}, {"id": "250343", "type": "Feature", "properties": {"ID": 22164.0, "RT": "1", "VERSION": 1006.0, "TLID": 206631118.0, "SIDE1": null, "SOURCE": "C", "FENAME": "Calle Brumbaugh", "FETYPE": null, "CFCC": "A41", "FRADDL": "1209", "TOADDL": "1217", "FRADDR": "1210", "TOADDR": "1212", "FRIADDL": "1", "TOIADDL": "0", "FRIADDR": "1", "TOIADDR": "0", "ZIPL": "00926", "ZIPR": "00926", "Shape_len": 48.7406089254}, "geometry": {"type": "LineString", "coordinates": [[-66.05260799603467, 18.395144002021883], [-66.05281400070626, 18.394750002246425]]}}, {"id": "247574", "type": "Feature", "properties": {"ID": 22162.0, "RT": "1", "VERSION": 1006.0, "TLID": 206631115.0, "SIDE1": null, "SOURCE": "L", "FENAME": "Callej\u00f3n A", "FETYPE": null, "CFCC": "A41", "FRADDL": null, "TOADDL": null, "FRADDR": null, "TOADDR": null, "FRIADDL": null, "TOIADDL": null, "FRIADDR": null, "TOIADDR": null, "ZIPL": null, "ZIPR": null, "Shape_len": 8.13822106176}, "geometry": {"type": "LineString", "coordinates": [[-66.05213700029249, 18.395039000494318], [-66.05217999846127, 18.394977999680673]]}}, {"id": "248118", "type": "Feature", "properties": {"ID": 22165.0, "RT": "1", "VERSION": 1006.0, "TLID": 206631119.0, "SIDE1": null, "SOURCE": "L", "FENAME": "Callej\u00f3n A", "FETYPE": null, "CFCC": "A41", "FRADDL": null, "TOADDL": null, "FRADDR": null, "TOADDR": null, "FRIADDL": null, "TOIADDL": null, "FRIADDR": null, "TOIADDR": null, "ZIPL": null, "ZIPR": null, "Shape_len": 48.8149496533}, "geometry": {"type": "LineString", "coordinates": [[-66.05217999846127, 18.394977999680673], [-66.05260799603467, 18.395144002021883]]}}, {"id": "251059", "type": "Feature", "properties": {"ID": 16401.0, "RT": "1", "VERSION": 1006.0, "TLID": 206616915.0, "SIDE1": null, "SOURCE": "J", "FENAME": "Calle Jos\u00e9 Qui\u00f1ones", "FETYPE": null, "CFCC": "A41", "FRADDL": "25", "TOADDL": "35", "FRADDR": "24", "TOADDR": "32", "FRIADDL": "0", "TOIADDL": "0", "FRIADDR": "0", "TOIADDR": "0", "ZIPL": "00926", "ZIPR": "00926", "Shape_len": 30.9040557049}, "geometry": {"type": "LineString", "coordinates": [[-66.05384900215327, 18.395237998903596], [-66.05357800322672, 18.395132998053857]]}}, {"id": "260848", "type": "Feature", "properties": {"ID": 27567.0, "RT": "1", "VERSION": 1006.0, "TLID": 206644223.0, "SIDE1": null, "SOURCE": "C", "FENAME": "Calle Brumbaugh", "FETYPE": null, "CFCC": "A41", "FRADDL": "1205", "TOADDL": "1207", "FRADDR": null, "TOADDR": null, "FRIADDL": "0", "TOIADDL": "1", "FRIADDR": null, "TOIADDR": null, "ZIPL": "00926", "ZIPR": null, "Shape_len": 29.3222768783}, "geometry": {"type": "LineString", "coordinates": [[-66.05248399835611, 18.395381000528417], [-66.05260799603467, 18.395144002021883]]}}, {"id": "250486", "type": "Feature", "properties": {"ID": 25979.0, "RT": "1", "VERSION": 1006.0, "TLID": 206640151.0, "SIDE1": null, "SOURCE": "C", "FENAME": null, "FETYPE": null, "CFCC": "A63", "FRADDL": null, "TOADDL": null, "FRADDR": null, "TOADDR": null, "FRIADDL": null, "TOIADDL": null, "FRIADDR": null, "TOIADDR": null, "ZIPL": null, "ZIPR": null, "Shape_len": 38.9575996639}, "geometry": {"type": "LineString", "coordinates": [[-66.05484899871982, 18.39522299577667], [-66.05498122349026, 18.395074732366226]]}}, {"id": "261153", "type": "Feature", "properties": {"ID": 29885.0, "RT": "1", "VERSION": 1006.0, "TLID": 206648629.0, "SIDE1": null, "SOURCE": "O", "FENAME": null, "FETYPE": null, "CFCC": "A63", "FRADDL": null, "TOADDL": null, "FRADDR": null, "TOADDR": null, "FRIADDL": null, "TOIADDL": null, "FRIADDR": null, "TOIADDR": null, "ZIPL": null, "ZIPR": null, "Shape_len": 17.4827076366}, "geometry": {"type": "LineString", "coordinates": [[-66.05485058470255, 18.395244062864208], [-66.05484899871982, 18.39522299577667]]}}, {"id": "266761", "type": "Feature", "properties": {"ID": 30476.0, "RT": "1", "VERSION": 1006.0, "TLID": 206649304.0, "SIDE1": null, "SOURCE": "O", "FENAME": null, "FETYPE": null, "CFCC": "A63", "FRADDL": null, "TOADDL": null, "FRADDR": null, "TOADDR": null, "FRIADDL": null, "TOIADDL": null, "FRIADDR": null, "TOIADDR": null, "ZIPL": null, "ZIPR": null, "Shape_len": 40.9416347218}, "geometry": {"type": "LineString", "coordinates": [[-66.05476552259243, 18.39534406208734], [-66.05477900023568, 18.395319000307712], [-66.05484899871982, 18.39522299577667]]}}, {"id": "373808", "type": "Feature", "properties": {"ID": 18457.0, "RT": "1", "VERSION": 1006.0, "TLID": 206622760.0, "SIDE1": null, "SOURCE": "C", "FENAME": "Calle Marginal", "FETYPE": null, "CFCC": "A41", "FRADDL": null, "TOADDL": null, "FRADDR": null, "TOADDR": null, "FRIADDL": null, "TOIADDL": null, "FRIADDR": null, "TOIADDR": null, "ZIPL": null, "ZIPR": null, "Shape_len": 12.3640061897}, "geometry": {"type": "LineString", "coordinates": [[-66.04844955573937, 18.395175659883908], [-66.04842475458494, 18.395177220452844]]}}, {"id": "258451", "type": "Feature", "properties": {"ID": 27665.0, "RT": "1", "VERSION": 1006.0, "TLID": 206644420.0, "SIDE1": null, "SOURCE": "L", "FENAME": "Calle Izcoa D\u00edaz", "FETYPE": null, "CFCC": "A41", "FRADDL": null, "TOADDL": null, "FRADDR": null, "TOADDR": null, "FRIADDL": null, "TOIADDL": null, "FRIADDR": null, "TOIADDR": null, "ZIPL": null, "ZIPR": null, "Shape_len": 57.7207886316}, "geometry": {"type": "LineString", "coordinates": [[-66.05260799603467, 18.395144002021883], [-66.05283300057135, 18.39529199493465], [-66.05305700201399, 18.395441001993433]]}}, {"id": "262789", "type": "Feature", "properties": {"ID": 27664.0, "RT": "1", "VERSION": 1006.0, "TLID": 206644419.0, "SIDE1": null, "SOURCE": "C", "FENAME": "Calle J A D\u00edaz", "FETYPE": null, "CFCC": "A41", "FRADDL": null, "TOADDL": null, "FRADDR": null, "TOADDR": null, "FRIADDL": null, "TOIADDL": null, "FRIADDR": null, "TOIADDR": null, "ZIPL": null, "ZIPR": null, "Shape_len": 41.5846704727}, "geometry": {"type": "LineString", "coordinates": [[-66.05337699675896, 18.39545600037341], [-66.05357800322672, 18.395132998053857]]}}, {"id": "257497", "type": "Feature", "properties": {"ID": 27566.0, "RT": "1", "VERSION": 1006.0, "TLID": 206644222.0, "SIDE1": null, "SOURCE": "C", "FENAME": "Calle Brumbaugh", "FETYPE": null, "CFCC": "A41", "FRADDL": "1201", "TOADDL": "1203", "FRADDR": null, "TOADDR": null, "FRIADDL": "0", "TOIADDL": "0", "FRIADDR": null, "TOIADDR": null, "ZIPL": "00926", "ZIPR": null, "Shape_len": 21.4751010155}, "geometry": {"type": "LineString", "coordinates": [[-66.05239200061105, 18.395554000219487], [-66.05243700093705, 18.395467998919035], [-66.05248399835611, 18.395381000528417]]}}, {"id": "252123", "type": "Feature", "properties": {"ID": 12859.0, "RT": "1", "VERSION": 1006.0, "TLID": 206609980.0, "SIDE1": null, "SOURCE": "C", "FENAME": "Calle Marginal", "FETYPE": null, "CFCC": "A41", "FRADDL": null, "TOADDL": null, "FRADDR": null, "TOADDR": null, "FRIADDL": null, "TOIADDL": null, "FRIADDR": null, "TOIADDR": null, "ZIPL": null, "ZIPR": null, "Shape_len": 86.7629178286}, "geometry": {"type": "LineString", "coordinates": [[-66.05228499956799, 18.39562199960292], [-66.05227996646109, 18.39562194616091]]}}, {"id": "257391", "type": "Feature", "properties": {"ID": 27666.0, "RT": "1", "VERSION": 1006.0, "TLID": 206644421.0, "SIDE1": null, "SOURCE": "L", "FENAME": "Calle Izcoa D\u00edaz", "FETYPE": null, "CFCC": "A41", "FRADDL": null, "TOADDL": null, "FRADDR": null, "TOADDR": null, "FRIADDL": null, "TOIADDL": null, "FRIADDR": null, "TOIADDR": null, "ZIPL": null, "ZIPR": null, "Shape_len": 30.1190720657}, "geometry": {"type": "LineString", "coordinates": [[-66.05305700201399, 18.395441001993433], [-66.05329200410934, 18.395595000565446]]}}, {"id": "257646", "type": "Feature", "properties": {"ID": 27663.0, "RT": "1", "VERSION": 1006.0, "TLID": 206644418.0, "SIDE1": null, "SOURCE": "C", "FENAME": "Calle J A D\u00edaz", "FETYPE": null, "CFCC": "A41", "FRADDL": null, "TOADDL": null, "FRADDR": null, "TOADDR": null, "FRIADDL": null, "TOIADDL": null, "FRIADDR": null, "TOIADDR": null, "ZIPL": null, "ZIPR": null, "Shape_len": 17.8145969825}, "geometry": {"type": "LineString", "coordinates": [[-66.05329200410934, 18.395595000565446], [-66.05337699675896, 18.39545600037341]]}}, {"id": "249494", "type": "Feature", "properties": {"ID": 12858.0, "RT": "1", "VERSION": 1006.0, "TLID": 206609979.0, "SIDE1": null, "SOURCE": "C", "FENAME": "Calle Brumbaugh", "FETYPE": null, "CFCC": "A41", "FRADDL": "1201", "TOADDL": "1203", "FRADDR": null, "TOADDR": null, "FRIADDL": "0", "TOIADDL": "1", "FRIADDR": null, "TOIADDR": null, "ZIPL": "00926", "ZIPR": null, "Shape_len": 13.5824300657}, "geometry": {"type": "LineString", "coordinates": [[-66.05228499956799, 18.39562199960292], [-66.05239200061105, 18.395554000219487]]}}, {"id": "250207", "type": "Feature", "properties": {"ID": 12796.0, "RT": "1", "VERSION": 1006.0, "TLID": 206609866.0, "SIDE1": null, "SOURCE": "C", "FENAME": "Calle Caparra", "FETYPE": null, "CFCC": "A41", "FRADDL": "11", "TOADDL": "19", "FRADDR": "14", "TOADDR": "22", "FRIADDL": "0", "TOIADDL": "0", "FRIADDR": "0", "TOIADDR": "0", "ZIPL": "00926", "ZIPR": "00926", "Shape_len": 86.9625287566}, "geometry": {"type": "LineString", "coordinates": [[-66.0531490032303, 18.39582700088421], [-66.05283600175255, 18.395637999729992], [-66.05239200061105, 18.395554000219487]]}}, {"id": "252551", "type": "Feature", "properties": {"ID": 22851.0, "RT": "1", "VERSION": 1006.0, "TLID": 206632479.0, "SIDE1": null, "SOURCE": "C", "FENAME": "Calle J A D\u00edaz", "FETYPE": null, "CFCC": "A41", "FRADDL": null, "TOADDL": null, "FRADDR": null, "TOADDR": null, "FRIADDL": null, "TOIADDL": null, "FRIADDR": null, "TOIADDR": null, "ZIPL": null, "ZIPR": null, "Shape_len": 29.7947584827}, "geometry": {"type": "LineString", "coordinates": [[-66.0531490032303, 18.39582700088421], [-66.05329200410934, 18.395595000565446]]}}, {"id": "263945", "type": "Feature", "properties": {"ID": 22786.0, "RT": "1", "VERSION": 1006.0, "TLID": 206632348.0, "SIDE1": null, "SOURCE": "C", "FENAME": "Calle Capt Am\u00e9zquita", "FETYPE": null, "CFCC": "A41", "FRADDL": null, "TOADDL": null, "FRADDR": null, "TOADDR": null, "FRIADDL": null, "TOIADDL": null, "FRIADDR": null, "TOIADDR": null, "ZIPL": null, "ZIPR": null, "Shape_len": 3.26899423218}, "geometry": {"type": "LineString", "coordinates": [[-66.0478931461458, 18.393808761814103], [-66.04790165510005, 18.393780366607782]]}}, {"id": "262441", "type": "Feature", "properties": {"ID": 22786.0, "RT": "1", "VERSION": 1006.0, "TLID": 206632348.0, "SIDE1": null, "SOURCE": "C", "FENAME": "Calle Capt Am\u00e9zquita", "FETYPE": null, "CFCC": "A41", "FRADDL": null, "TOADDL": null, "FRADDR": null, "TOADDR": null, "FRIADDL": null, "TOIADDL": null, "FRIADDR": null, "TOIADDR": null, "ZIPL": null, "ZIPR": null, "Shape_len": 6.58963686784}, "geometry": {"type": "LineString", "coordinates": [[-66.04787599758495, 18.393866001890448], [-66.0478931461458, 18.393808761814103]]}}, {"id": "249495", "type": "Feature", "properties": {"ID": 12892.0, "RT": "1", "VERSION": 1006.0, "TLID": 206610026.0, "SIDE1": null, "SOURCE": "C", "FENAME": "Calle Canales", "FETYPE": null, "CFCC": "A41", "FRADDL": "169", "TOADDL": "177", "FRADDR": "166", "TOADDR": "180", "FRIADDL": "0", "TOIADDL": "0", "FRIADDR": "0", "TOIADDR": "0", "ZIPL": "00926", "ZIPR": "00926", "Shape_len": 92.819647359}, "geometry": {"type": "LineString", "coordinates": [[-66.04782500204487, 18.39404899921274], [-66.04699699730972, 18.393768999690625]]}}, {"id": "255041", "type": "Feature", "properties": {"ID": 12877.0, "RT": "1", "VERSION": 1006.0, "TLID": 206610010.0, "SIDE1": null, "SOURCE": "C", "FENAME": "Calle Bol\u00edvar", "FETYPE": null, "CFCC": "A41", "FRADDL": "1204", "TOADDL": "1200", "FRADDR": "1205", "TOADDR": "1201", "FRIADDL": "0", "TOIADDL": "0", "FRIADDR": "0", "TOIADDR": "0", "ZIPL": "00926", "ZIPR": "00926", "Shape_len": 49.8875970514}, "geometry": {"type": "LineString", "coordinates": [[-66.0454119990829, 18.393709996170568], [-66.04524900377902, 18.394133001491014]]}}, {"id": "251837", "type": "Feature", "properties": {"ID": 16430.0, "RT": "1", "VERSION": 1006.0, "TLID": 206616963.0, "SIDE1": null, "SOURCE": "C", "FENAME": "Calle Le\u00f3n", "FETYPE": null, "CFCC": "A41", "FRADDL": "205", "TOADDL": "227", "FRADDR": "204", "TOADDR": "224", "FRIADDL": "0", "TOIADDL": "0", "FRIADDR": "0", "TOIADDR": "0", "ZIPL": "00926", "ZIPR": "00926", "Shape_len": 160.109211073}, "geometry": {"type": "LineString", "coordinates": [[-66.04684100076098, 18.394190995914343], [-66.0454119990829, 18.393709996170568]]}}, {"id": "255348", "type": "Feature", "properties": {"ID": 22785.0, "RT": "1", "VERSION": 1006.0, "TLID": 206632347.0, "SIDE1": null, "SOURCE": "C", "FENAME": "Calle Capt Am\u00e9zquita", "FETYPE": null, "CFCC": "A41", "FRADDL": null, "TOADDL": null, "FRADDR": null, "TOADDR": null, "FRIADDL": null, "TOIADDL": null, "FRIADDR": null, "TOIADDR": null, "ZIPL": null, "ZIPR": null, "Shape_len": 20.9595220008}, "geometry": {"type": "LineString", "coordinates": [[-66.04782500204487, 18.39404899921274], [-66.04787599758495, 18.393866001890448]]}}, {"id": "253606", "type": "Feature", "properties": {"ID": 16433.0, "RT": "1", "VERSION": 1006.0, "TLID": 206616966.0, "SIDE1": null, "SOURCE": "J", "FENAME": "Calle Manso", "FETYPE": null, "CFCC": "A41", "FRADDL": "1201", "TOADDL": "1207", "FRADDR": null, "TOADDR": null, "FRIADDL": "0", "TOIADDL": "0", "FRIADDR": null, "TOIADDR": null, "ZIPL": "00926", "ZIPR": null, "Shape_len": 49.5317902791}, "geometry": {"type": "LineString", "coordinates": [[-66.04684100076098, 18.394190995914343], [-66.04699699730972, 18.393768999690625]]}}, {"id": "249204", "type": "Feature", "properties": {"ID": 12876.0, "RT": "1", "VERSION": 1006.0, "TLID": 206610009.0, "SIDE1": null, "SOURCE": "C", "FENAME": "Calle Col\u00f3n", "FETYPE": null, "CFCC": "A41", "FRADDL": "251", "TOADDL": "261", "FRADDR": "250", "TOADDR": "258", "FRIADDL": "0", "TOIADDL": "0", "FRIADDR": "0", "TOIADDR": "0", "ZIPL": "00926", "ZIPR": "00926", "Shape_len": 69.1170220271}, "geometry": {"type": "LineString", "coordinates": [[-66.04524900377902, 18.394133001491014], [-66.04463299959599, 18.393923000360434]]}}, {"id": "249319", "type": "Feature", "properties": {"ID": 12893.0, "RT": "1", "VERSION": 1006.0, "TLID": 206610027.0, "SIDE1": null, "SOURCE": "C", "FENAME": "Calle Capt Am\u00e9zquita", "FETYPE": null, "CFCC": "A41", "FRADDL": "1205", "TOADDL": "1207", "FRADDR": "1200", "TOADDR": "1206", "FRIADDL": "0", "TOIADDL": "0", "FRIADDR": "0", "TOIADDR": "0", "ZIPL": "00926", "ZIPR": "00926", "Shape_len": 50.7513171086}, "geometry": {"type": "LineString", "coordinates": [[-66.04766699748015, 18.394481999017014], [-66.04782500204487, 18.39404899921274]]}}, {"id": "249863", "type": "Feature", "properties": {"ID": 12890.0, "RT": "1", "VERSION": 1006.0, "TLID": 206610024.0, "SIDE1": null, "SOURCE": "C", "FENAME": "Calle Le\u00f3n", "FETYPE": null, "CFCC": "A41", "FRADDL": "169", "TOADDL": "179", "FRADDR": "168", "TOADDR": "178", "FRIADDL": "0", "TOIADDL": "0", "FRIADDR": "0", "TOIADDR": "0", "ZIPL": "00926", "ZIPR": "00926", "Shape_len": 93.0340835043}, "geometry": {"type": "LineString", "coordinates": [[-66.04766699748015, 18.394481999017014], [-66.04684100076098, 18.394190995914343]]}}, {"id": "249478", "type": "Feature", "properties": {"ID": 12879.0, "RT": "1", "VERSION": 1006.0, "TLID": 206610012.0, "SIDE1": null, "SOURCE": "C", "FENAME": "Calle Bol\u00edvar", "FETYPE": null, "CFCC": "A41", "FRADDL": null, "TOADDL": null, "FRADDR": "1199", "TOADDR": "1101", "FRIADDL": null, "TOIADDL": null, "FRIADDR": "0", "TOIADDR": "0", "ZIPL": null, "ZIPR": "00926", "Shape_len": 51.102857159}, "geometry": {"type": "LineString", "coordinates": [[-66.04524900377902, 18.394133001491014], [-66.04508400062706, 18.394566995997245]]}}, {"id": "251469", "type": "Feature", "properties": {"ID": 16428.0, "RT": "1", "VERSION": 1006.0, "TLID": 206616961.0, "SIDE1": null, "SOURCE": "C", "FENAME": "Calle Col\u00f3n", "FETYPE": null, "CFCC": "A41", "FRADDL": "203", "TOADDL": "227", "FRADDR": "202", "TOADDR": "222", "FRIADDL": "0", "TOIADDL": "0", "FRIADDR": "0", "TOIADDR": "0", "ZIPL": "00926", "ZIPR": "00926", "Shape_len": 160.86515909}, "geometry": {"type": "LineString", "coordinates": [[-66.04668300025483, 18.394620999911343], [-66.04524900377902, 18.394133001491014]]}}, {"id": "251541", "type": "Feature", "properties": {"ID": 16431.0, "RT": "1", "VERSION": 1006.0, "TLID": 206616964.0, "SIDE1": null, "SOURCE": "J", "FENAME": "Calle Manso", "FETYPE": null, "CFCC": "A41", "FRADDL": "1173", "TOADDL": "1175", "FRADDR": null, "TOADDR": null, "FRIADDL": "0", "TOIADDL": "0", "FRIADDR": null, "TOIADDR": null, "ZIPL": "00926", "ZIPR": null, "Shape_len": 50.4381562511}, "geometry": {"type": "LineString", "coordinates": [[-66.04668300025483, 18.394620999911343], [-66.04684100076098, 18.394190995914343]]}}, {"id": "257797", "type": "Feature", "properties": {"ID": 16424.0, "RT": "1", "VERSION": 1006.0, "TLID": 206616954.0, "SIDE1": null, "SOURCE": "J", "FENAME": "Calle Buen Consejo", "FETYPE": null, "CFCC": "A41", "FRADDL": "262", "TOADDL": "250", "FRADDR": "261", "TOADDR": "257", "FRIADDL": "0", "TOIADDL": "0", "FRIADDR": "0", "TOIADDR": "0", "ZIPL": "00926", "ZIPR": "00926", "Shape_len": 69.0450706905}, "geometry": {"type": "LineString", "coordinates": [[-66.0444710008862, 18.394350995987256], [-66.04508400062706, 18.394566995997245]]}}, {"id": "249787", "type": "Feature", "properties": {"ID": 12872.0, "RT": "1", "VERSION": 1006.0, "TLID": 206610002.0, "SIDE1": null, "SOURCE": "C", "FENAME": "Calle Le\u00f3n", "FETYPE": null, "CFCC": "A41", "FRADDL": "155", "TOADDL": "163", "FRADDR": "152", "TOADDR": "162", "FRIADDL": "0", "TOIADDL": "0", "FRIADDR": "0", "TOIADDR": "0", "ZIPL": "00926", "ZIPR": "00926", "Shape_len": 88.698050679}, "geometry": {"type": "LineString", "coordinates": [[-66.04846100106778, 18.39474199956718], [-66.04766699748015, 18.394481999017014]]}}, {"id": "251345", "type": "Feature", "properties": {"ID": 16423.0, "RT": "1", "VERSION": 1006.0, "TLID": 206616953.0, "SIDE1": null, "SOURCE": "C", "FENAME": "Calle Bol\u00edvar", "FETYPE": null, "CFCC": "A41", "FRADDL": null, "TOADDL": null, "FRADDR": null, "TOADDR": null, "FRIADDL": null, "TOIADDL": null, "FRIADDR": null, "TOIADDR": null, "ZIPL": null, "ZIPR": null, "Shape_len": 54.3512531731}, "geometry": {"type": "LineString", "coordinates": [[-66.04508400062706, 18.394566995997245], [-66.04485957626979, 18.3947000105786]]}}, {"id": "252130", "type": "Feature", "properties": {"ID": 12891.0, "RT": "1", "VERSION": 1006.0, "TLID": 206610025.0, "SIDE1": null, "SOURCE": "C", "FENAME": "Calle Capt Am\u00e9zquita", "FETYPE": null, "CFCC": "A41", "FRADDL": "1175", "TOADDL": "1179", "FRADDR": "1172", "TOADDR": "1178", "FRIADDL": "0", "TOIADDL": "0", "FRIADDR": "0", "TOIADDR": "0", "ZIPL": "00926", "ZIPR": "00926", "Shape_len": 50.3677953082}, "geometry": {"type": "LineString", "coordinates": [[-66.04751100412587, 18.39491199777058], [-66.04766699748015, 18.394481999017014]]}}, {"id": "249985", "type": "Feature", "properties": {"ID": 12889.0, "RT": "1", "VERSION": 1006.0, "TLID": 206610023.0, "SIDE1": null, "SOURCE": "C", "FENAME": "Calle Col\u00f3n", "FETYPE": null, "CFCC": "A41", "FRADDL": "167", "TOADDL": "181", "FRADDR": "168", "TOADDR": "176", "FRIADDL": "0", "TOIADDL": "0", "FRIADDR": "0", "TOIADDR": "0", "ZIPL": "00926", "ZIPR": "00926", "Shape_len": 93.2326836864}, "geometry": {"type": "LineString", "coordinates": [[-66.04751100412587, 18.39491199777058], [-66.04668300025483, 18.394620999911343]]}}, {"id": "251855", "type": "Feature", "properties": {"ID": 16427.0, "RT": "1", "VERSION": 1006.0, "TLID": 206616960.0, "SIDE1": null, "SOURCE": "J", "FENAME": "Calle Buen Consejo", "FETYPE": null, "CFCC": "A41", "FRADDL": "213", "TOADDL": "229", "FRADDR": "208", "TOADDR": "226", "FRIADDL": "0", "TOIADDL": "0", "FRIADDR": "0", "TOIADDR": "0", "ZIPL": "00926", "ZIPR": "00926", "Shape_len": 158.168861731}, "geometry": {"type": "MultiLineString", "coordinates": [[[-66.04650100293317, 18.394991000238704], [-66.04642999719198, 18.395008999594086], [-66.04567937519677, 18.394762507418406]], [[-66.04527592555343, 18.39463002105243], [-66.04508400062706, 18.394566995997245]]]}}, {"id": "253324", "type": "Feature", "properties": {"ID": 16429.0, "RT": "1", "VERSION": 1006.0, "TLID": 206616962.0, "SIDE1": null, "SOURCE": "J", "FENAME": "Calle Manso", "FETYPE": null, "CFCC": "A41", "FRADDL": null, "TOADDL": null, "FRADDR": "1166", "TOADDR": "1168", "FRIADDL": null, "TOIADDL": null, "FRIADDR": "0", "TOIADDR": "0", "ZIPL": null, "ZIPR": "00926", "Shape_len": 45.7493491101}, "geometry": {"type": "LineString", "coordinates": [[-66.04650100293317, 18.394991000238704], [-66.04656299590266, 18.394923998390443], [-66.04668300025483, 18.394620999911343]]}}, {"id": "256229", "type": "Feature", "properties": {"ID": 26657.0, "RT": "1", "VERSION": 1006.0, "TLID": 206642068.0, "SIDE1": null, "SOURCE": "J", "FENAME": "Calle Buen Consejo", "FETYPE": null, "CFCC": "A41", "FRADDL": null, "TOADDL": null, "FRADDR": null, "TOADDR": null, "FRIADDL": null, "TOIADDL": null, "FRIADDR": null, "TOIADDR": null, "ZIPL": null, "ZIPR": null, "Shape_len": 26.3537019876}, "geometry": {"type": "LineString", "coordinates": [[-66.0444710008862, 18.394350995987256], [-66.04423499738627, 18.394274001675573]]}}, {"id": "257282", "type": "Feature", "properties": {"ID": 26655.0, "RT": "1", "VERSION": 1006.0, "TLID": 206642066.0, "SIDE1": null, "SOURCE": "J", "FENAME": "Calle Capt Am\u00e9zquita", "FETYPE": null, "CFCC": "A41", "FRADDL": null, "TOADDL": null, "FRADDR": null, "TOADDR": null, "FRIADDL": null, "TOIADDL": null, "FRIADDR": null, "TOIADDR": null, "ZIPL": null, "ZIPR": null, "Shape_len": 16.1651411652}, "geometry": {"type": "LineString", "coordinates": [[-66.04751100412587, 18.39491199777058], [-66.04750790324825, 18.394920012005247]]}}, {"id": "252778", "type": "Feature", "properties": {"ID": 12870.0, "RT": "1", "VERSION": 1006.0, "TLID": 206609999.0, "SIDE1": null, "SOURCE": "C", "FENAME": "Calle Col\u00f3n", "FETYPE": null, "CFCC": "A41", "FRADDL": "159", "TOADDL": "163", "FRADDR": "152", "TOADDR": "158", "FRIADDL": "0", "TOIADDL": "0", "FRIADDR": "0", "TOIADDR": "0", "ZIPL": "00926", "ZIPR": "00926", "Shape_len": 92.1124816694}, "geometry": {"type": "LineString", "coordinates": [[-66.04777147976931, 18.394998015874997], [-66.04776810449522, 18.3949967831162], [-66.04751100412587, 18.39491199777058]]}}, {"id": "257019", "type": "Feature", "properties": {"ID": 27350.0, "RT": "1", "VERSION": 1006.0, "TLID": 206643763.0, "SIDE1": null, "SOURCE": "K", "FENAME": "Calle Padres Capuchinos", "FETYPE": null, "CFCC": "A41", "FRADDL": null, "TOADDL": null, "FRADDR": null, "TOADDR": null, "FRIADDL": null, "TOIADDL": null, "FRIADDR": null, "TOIADDR": null, "ZIPL": null, "ZIPR": null, "Shape_len": 18.0208741533}, "geometry": {"type": "LineString", "coordinates": [[-66.0449400020949, 18.395327000939826], [-66.04494465081737, 18.395282698555462]]}}, {"id": "260307", "type": "Feature", "properties": {"ID": 27349.0, "RT": "1", "VERSION": 1006.0, "TLID": 206643762.0, "SIDE1": null, "SOURCE": "K", "FENAME": "Calle Padres Capuchinos", "FETYPE": null, "CFCC": "A41", "FRADDL": null, "TOADDL": null, "FRADDR": null, "TOADDR": null, "FRIADDL": null, "TOIADDL": null, "FRIADDR": null, "TOIADDR": null, "ZIPL": null, "ZIPR": null, "Shape_len": 43.309281995}, "geometry": {"type": "LineString", "coordinates": [[-66.04488699831002, 18.395715000466367], [-66.0449400020949, 18.395327000939826]]}}, {"id": "249781", "type": "Feature", "properties": {"ID": 12727.0, "RT": "1", "VERSION": 1006.0, "TLID": 206609757.0, "SIDE1": null, "SOURCE": "C", "FENAME": "Calle Vallejo", "FETYPE": null, "CFCC": "A41", "FRADDL": null, "TOADDL": null, "FRADDR": null, "TOADDR": null, "FRIADDL": null, "TOIADDL": null, "FRIADDR": null, "TOIADDR": null, "ZIPL": null, "ZIPR": null, "Shape_len": 118.773968965}, "geometry": {"type": "LineString", "coordinates": [[-66.04807000504275, 18.39588099879596], [-66.04805999763518, 18.395793998114115], [-66.04799399803741, 18.39572400298493], [-66.04740221625029, 18.39539360297473]]}}, {"id": "265217", "type": "Feature", "properties": {"ID": 27141.0, "RT": "1", "VERSION": 1006.0, "TLID": 206643118.0, "SIDE1": null, "SOURCE": "K", "FENAME": "Calle Capt Am\u00e9zquita", "FETYPE": null, "CFCC": "A41", "FRADDL": null, "TOADDL": null, "FRADDR": null, "TOADDR": null, "FRIADDL": null, "TOIADDL": null, "FRIADDR": null, "TOIADDR": null, "ZIPL": null, "ZIPR": null, "Shape_len": 4.38659343227}, "geometry": {"type": "LineString", "coordinates": [[-66.04724074420095, 18.395606867739072], [-66.04725300299512, 18.395569003629184]]}}, {"id": "266818", "type": "Feature", "properties": {"ID": 27141.0, "RT": "1", "VERSION": 1006.0, "TLID": 206643118.0, "SIDE1": null, "SOURCE": "K", "FENAME": "Calle Capt Am\u00e9zquita", "FETYPE": null, "CFCC": "A41", "FRADDL": null, "TOADDL": null, "FRADDR": null, "TOADDR": null, "FRIADDL": null, "TOIADDL": null, "FRIADDR": null, "TOIADDR": null, "ZIPL": null, "ZIPR": null, "Shape_len": 19.5936247999}, "geometry": {"type": "LineString", "coordinates": [[-66.04718599921907, 18.39577599898541], [-66.04724074420095, 18.395606867739072]]}}, {"id": "251780", "type": "Feature", "properties": {"ID": 20067.0, "RT": "1", "VERSION": 1006.0, "TLID": 206626497.0, "SIDE1": null, "SOURCE": "C", "FENAME": "Calle San Jos\u00e9", "FETYPE": null, "CFCC": "A41", "FRADDL": "251", "TOADDL": "255", "FRADDR": "250", "TOADDR": "262", "FRIADDL": "0", "TOIADDL": "0", "FRIADDR": "0", "TOIADDR": "0", "ZIPL": "00925", "ZIPR": "00925", "Shape_len": 80.3383753732}, "geometry": {"type": "LineString", "coordinates": [[-66.04488699831002, 18.395715000466367], [-66.04413500066826, 18.39560800061891]]}}, {"id": "255123", "type": "Feature", "properties": {"ID": 20068.0, "RT": "1", "VERSION": 1006.0, "TLID": 206626498.0, "SIDE1": null, "SOURCE": "C", "FENAME": "Calle Moro", "FETYPE": null, "CFCC": "A41", "FRADDL": "3", "TOADDL": "9", "FRADDR": null, "TOADDR": null, "FRIADDL": "0", "TOIADDL": "0", "FRIADDR": null, "TOIADDR": null, "ZIPL": "00925", "ZIPR": null, "Shape_len": 42.0213094919}, "geometry": {"type": "LineString", "coordinates": [[-66.04413500066826, 18.39560800061891], [-66.04402200054717, 18.395972000365866]]}}, {"id": "252773", "type": "Feature", "properties": {"ID": 12710.0, "RT": "1", "VERSION": 1006.0, "TLID": 206609734.0, "SIDE1": null, "SOURCE": "C", "FENAME": "Calle la Paz", "FETYPE": null, "CFCC": "A41", "FRADDL": "16", "TOADDL": "12", "FRADDR": null, "TOADDR": null, "FRIADDL": "0", "TOIADDL": "0", "FRIADDR": null, "TOIADDR": null, "ZIPL": "00925", "ZIPR": null, "Shape_len": 46.8834603606}, "geometry": {"type": "LineString", "coordinates": [[-66.04361700089079, 18.39579899751599], [-66.04402200054717, 18.395972000365866]]}}, {"id": "249860", "type": "Feature", "properties": {"ID": 12711.0, "RT": "1", "VERSION": 1006.0, "TLID": 206609736.0, "SIDE1": null, "SOURCE": "C", "FENAME": "Calle la Paz", "FETYPE": null, "CFCC": "A41", "FRADDL": "10", "TOADDL": "2", "FRADDR": null, "TOADDR": null, "FRIADDL": "0", "TOIADDL": "0", "FRIADDR": null, "TOIADDR": null, "ZIPL": "00925", "ZIPR": null, "Shape_len": 90.5460240596}, "geometry": {"type": "LineString", "coordinates": [[-66.04402200054717, 18.395972000365866], [-66.04481500006183, 18.39628200014016]]}}, {"id": "264880", "type": "Feature", "properties": {"ID": 0.0, "RT": null, "VERSION": 0.0, "TLID": 0.0, "SIDE1": null, "SOURCE": null, "FENAME": null, "FETYPE": null, "CFCC": "A74", "FRADDL": null, "TOADDL": null, "FRADDR": null, "TOADDR": null, "FRIADDL": null, "TOIADDL": null, "FRIADDR": null, "TOIADDR": null, "ZIPL": null, "ZIPR": null, "Shape_len": 270.286046429}, "geometry": {"type": "LineString", "coordinates": [[-66.04557247436856, 18.39609142916222], [-66.04557642281601, 18.395988539244478], [-66.04549589166353, 18.395431324479283], [-66.04549596251431, 18.395399388794697], [-66.04550705761629, 18.395384991859977], [-66.04552201783399, 18.39537993105825], [-66.04589369232, 18.395377130609052], [-66.04642329696779, 18.395383521938427], [-66.04684293554148, 18.39540052195748], [-66.0468953172488, 18.39540623803785], [-66.0471468878036, 18.3954972713989], [-66.04717168931883, 18.39551537174037], [-66.04718980435936, 18.395533184867077], [-66.0472108324708, 18.395562515859528], [-66.04724074420095, 18.395606867739072]]}}, {"id": "249403", "type": "Feature", "properties": {"ID": 12729.0, "RT": "1", "VERSION": 1006.0, "TLID": 206609760.0, "SIDE1": null, "SOURCE": "C", "FENAME": "Calle Pasteo", "FETYPE": null, "CFCC": "A41", "FRADDL": "155", "TOADDL": "161", "FRADDR": "154", "TOADDR": "160", "FRIADDL": "0", "TOIADDL": "0", "FRIADDR": "0", "TOIADDR": "0", "ZIPL": "00925", "ZIPR": "00925", "Shape_len": 91.7115364619}, "geometry": {"type": "LineString", "coordinates": [[-66.0480040019807, 18.3960529960455], [-66.04718599921907, 18.39577599898541]]}}, {"id": "249385", "type": "Feature", "properties": {"ID": 12728.0, "RT": "1", "VERSION": 1006.0, "TLID": 206609759.0, "SIDE1": null, "SOURCE": "C", "FENAME": "Calle Vallejo", "FETYPE": null, "CFCC": "A41", "FRADDL": null, "TOADDL": null, "FRADDR": "1150", "TOADDR": "1154", "FRIADDL": null, "TOIADDL": null, "FRIADDR": "1", "TOIADDR": "0", "ZIPL": null, "ZIPR": "00925", "Shape_len": 20.2747538592}, "geometry": {"type": "LineString", "coordinates": [[-66.0480040019807, 18.3960529960455], [-66.04807000504275, 18.39588099879596]]}}, {"id": "251154", "type": "Feature", "properties": {"ID": 20066.0, "RT": "1", "VERSION": 1006.0, "TLID": 206626495.0, "SIDE1": null, "SOURCE": "C", "FENAME": "Calle Padres Capuchinos", "FETYPE": null, "CFCC": "A41", "FRADDL": "1135", "TOADDL": "1141", "FRADDR": null, "TOADDR": null, "FRIADDL": "0", "TOIADDL": "0", "FRIADDR": null, "TOIADDR": null, "ZIPL": "00925", "ZIPR": null, "Shape_len": 63.2176386051}, "geometry": {"type": "LineString", "coordinates": [[-66.04481500006183, 18.39628200014016], [-66.04488699831002, 18.395715000466367]]}}, {"id": "245639", "type": "Feature", "properties": {"ID": 12743.0, "RT": "1", "VERSION": 1006.0, "TLID": 206609778.0, "SIDE1": null, "SOURCE": "C", "FENAME": "Calle Capt Am\u00e9zquita", "FETYPE": null, "CFCC": "A41", "FRADDL": null, "TOADDL": null, "FRADDR": null, "TOADDR": null, "FRIADDL": null, "TOIADDL": null, "FRIADDR": null, "TOIADDR": null, "ZIPL": null, "ZIPR": null, "Shape_len": 59.1461288975}, "geometry": {"type": "LineString", "coordinates": [[-66.04700000053738, 18.39628000051676], [-66.04718599921907, 18.39577599898541]]}}, {"id": "255036", "type": "Feature", "properties": {"ID": 12724.0, "RT": "1", "VERSION": 1006.0, "TLID": 206609754.0, "SIDE1": null, "SOURCE": "C", "FENAME": "Calle Vallejo", "FETYPE": null, "CFCC": "A41", "FRADDL": null, "TOADDL": null, "FRADDR": "1144", "TOADDR": "1148", "FRIADDL": null, "TOIADDL": null, "FRIADDR": "0", "TOIADDR": "1", "ZIPL": null, "ZIPR": "00925", "Shape_len": 44.3128165687}, "geometry": {"type": "LineString", "coordinates": [[-66.04787199840838, 18.39643299732208], [-66.0480040019807, 18.3960529960455]]}}, {"id": "260782", "type": "Feature", "properties": {"ID": 25245.0, "RT": "1", "VERSION": 1006.0, "TLID": 206637763.0, "SIDE1": null, "SOURCE": null, "FENAME": "Calle Padres Capuchinos", "FETYPE": null, "CFCC": "A41", "FRADDL": null, "TOADDL": null, "FRADDR": null, "TOADDR": null, "FRIADDL": null, "TOIADDL": null, "FRIADDR": null, "TOIADDR": null, "ZIPL": null, "ZIPR": null, "Shape_len": 13.0761497548}, "geometry": {"type": "LineString", "coordinates": [[-66.04480900272696, 18.396400000021888], [-66.04481500006183, 18.39628200014016]]}}, {"id": "249743", "type": "Feature", "properties": {"ID": 12742.0, "RT": "1", "VERSION": 1006.0, "TLID": 206609777.0, "SIDE1": null, "SOURCE": "C", "FENAME": "Calle Capt Am\u00e9zquita", "FETYPE": null, "CFCC": "A41", "FRADDL": null, "TOADDL": null, "FRADDR": null, "TOADDR": null, "FRIADDL": null, "TOIADDL": null, "FRIADDR": null, "TOIADDR": null, "ZIPL": null, "ZIPR": null, "Shape_len": 20.1502552882}, "geometry": {"type": "LineString", "coordinates": [[-66.04691299823394, 18.39644200066616], [-66.04700000053738, 18.39628000051676]]}}, {"id": "249092", "type": "Feature", "properties": {"ID": 12712.0, "RT": "1", "VERSION": 1006.0, "TLID": 206609737.0, "SIDE1": null, "SOURCE": "C", "FENAME": "Calle la Paz", "FETYPE": null, "CFCC": "A41", "FRADDL": null, "TOADDL": null, "FRADDR": "221", "TOADDR": "203", "FRIADDL": null, "TOIADDL": null, "FRIADDR": "0", "TOIADDR": "0", "ZIPL": null, "ZIPR": "00925", "Shape_len": 132.472429187}, "geometry": {"type": "LineString", "coordinates": [[-66.04480900272696, 18.396400000021888], [-66.04606199716909, 18.396440001628143]]}}, {"id": "250294", "type": "Feature", "properties": {"ID": 12726.0, "RT": "1", "VERSION": 1006.0, "TLID": 206609756.0, "SIDE1": null, "SOURCE": "C", "FENAME": "Calle Garc\u00eda Moreno", "FETYPE": null, "CFCC": "A41", "FRADDL": "155", "TOADDL": "161", "FRADDR": "156", "TOADDR": "158", "FRIADDL": "0", "TOIADDL": "0", "FRIADDR": "0", "TOIADDR": "0", "ZIPL": "00925", "ZIPR": "00925", "Shape_len": 92.2097032722}, "geometry": {"type": "LineString", "coordinates": [[-66.04782000256797, 18.39656500077329], [-66.04700000053738, 18.39628000051676]]}}, {"id": "252097", "type": "Feature", "properties": {"ID": 12713.0, "RT": "1", "VERSION": 1006.0, "TLID": 206609738.0, "SIDE1": null, "SOURCE": "C", "FENAME": "Calle la Paz", "FETYPE": null, "CFCC": "A41", "FRADDL": null, "TOADDL": null, "FRADDR": "173", "TOADDR": "165", "FRIADDL": null, "TOIADDL": null, "FRIADDR": "0", "TOIADDR": "0", "ZIPL": null, "ZIPR": "00925", "Shape_len": 89.9218054475}, "geometry": {"type": "LineString", "coordinates": [[-66.04606199716909, 18.396440001628143], [-66.04691299823394, 18.39644200066616]]}}, {"id": "260476", "type": "Feature", "properties": {"ID": 25246.0, "RT": "1", "VERSION": 1006.0, "TLID": 206637764.0, "SIDE1": null, "SOURCE": null, "FENAME": "Calle Vallejo", "FETYPE": null, "CFCC": "A41", "FRADDL": null, "TOADDL": null, "FRADDR": null, "TOADDR": null, "FRIADDL": null, "TOIADDL": null, "FRIADDR": null, "TOIADDR": null, "ZIPL": null, "ZIPR": null, "Shape_len": 15.6096251348}, "geometry": {"type": "LineString", "coordinates": [[-66.04787199840838, 18.39643299732208], [-66.04782000256797, 18.39656500077329]]}}, {"id": "266578", "type": "Feature", "properties": {"ID": 30449.0, "RT": "1", "VERSION": 1006.0, "TLID": 206649275.0, "SIDE1": null, "SOURCE": "O", "FENAME": "Calle Padres Capuchinos", "FETYPE": null, "CFCC": "A41", "FRADDL": null, "TOADDL": null, "FRADDR": null, "TOADDR": null, "FRIADDL": null, "TOIADDL": null, "FRIADDR": null, "TOIADDR": null, "ZIPL": null, "ZIPR": null, "Shape_len": 51.9413160431}, "geometry": {"type": "LineString", "coordinates": [[-66.04479899904887, 18.396868998523157], [-66.04479600128413, 18.396709998173783], [-66.04480900272696, 18.396400000021888]]}}, {"id": "265176", "type": "Feature", "properties": {"ID": 30450.0, "RT": "1", "VERSION": 1006.0, "TLID": 206649276.0, "SIDE1": null, "SOURCE": "O", "FENAME": "Calle Monse\u00f1or William Jones", "FETYPE": null, "CFCC": "A41", "FRADDL": null, "TOADDL": null, "FRADDR": "1124", "TOADDR": "1130", "FRIADDL": null, "TOIADDL": null, "FRIADDR": "1", "TOIADDR": "0", "ZIPL": null, "ZIPR": "00925", "Shape_len": 49.7075202606}, "geometry": {"type": "LineString", "coordinates": [[-66.04605299890062, 18.396889000316015], [-66.04605499892898, 18.396712001232636], [-66.04606199716909, 18.396440001628143]]}}, {"id": "266267", "type": "Feature", "properties": {"ID": 30454.0, "RT": "1", "VERSION": 1006.0, "TLID": 206649280.0, "SIDE1": null, "SOURCE": "O", "FENAME": null, "FETYPE": null, "CFCC": "A41", "FRADDL": null, "TOADDL": null, "FRADDR": null, "TOADDR": null, "FRIADDL": null, "TOIADDL": null, "FRIADDR": null, "TOIADDR": null, "ZIPL": null, "ZIPR": null, "Shape_len": 50.7476753874}, "geometry": {"type": "LineString", "coordinates": [[-66.04689799826306, 18.396899995787205], [-66.04689600086562, 18.396713999127623], [-66.04691299823394, 18.39644200066616]]}}, {"id": "273766", "type": "Feature", "properties": {"ID": 31450.0, "RT": "1", "VERSION": 1006.0, "TLID": 206650607.0, "SIDE1": null, "SOURCE": "O", "FENAME": "Calle Vallejo", "FETYPE": null, "CFCC": "A41", "FRADDL": null, "TOADDL": null, "FRADDR": "1138", "TOADDR": "1142", "FRIADDL": null, "TOIADDL": null, "FRIADDR": "1", "TOIADDR": "0", "ZIPL": null, "ZIPR": "00925", "Shape_len": 42.0601649466}, "geometry": {"type": "LineString", "coordinates": [[-66.04767799990977, 18.39691999545497], [-66.04775899964424, 18.396715999607043], [-66.04782000256797, 18.39656500077329]]}}, {"id": "249093", "type": "Feature", "properties": {"ID": 12714.0, "RT": "1", "VERSION": 1006.0, "TLID": 206609741.0, "SIDE1": null, "SOURCE": "C", "FENAME": "Calle Arizmendi", "FETYPE": null, "CFCC": "A41", "FRADDL": "220", "TOADDL": "202", "FRADDR": "219", "TOADDR": "209", "FRIADDL": "0", "TOIADDL": "0", "FRIADDR": "0", "TOIADDR": "0", "ZIPL": "00925", "ZIPR": "00925", "Shape_len": 132.5228012}, "geometry": {"type": "LineString", "coordinates": [[-66.04479899904887, 18.396868998523157], [-66.04605299890062, 18.396889000316015]]}}, {"id": "249411", "type": "Feature", "properties": {"ID": 12715.0, "RT": "1", "VERSION": 1006.0, "TLID": 206609743.0, "SIDE1": null, "SOURCE": "C", "FENAME": "Calle Arizmendi", "FETYPE": null, "CFCC": "A41", "FRADDL": "172", "TOADDL": "162", "FRADDR": "171", "TOADDR": "167", "FRIADDL": "0", "TOIADDL": "0", "FRIADDR": "0", "TOIADDR": "0", "ZIPL": "00925", "ZIPR": "00925", "Shape_len": 89.2954221492}, "geometry": {"type": "LineString", "coordinates": [[-66.04605299890062, 18.396889000316015], [-66.04689799826306, 18.396899995787205]]}}, {"id": "252016", "type": "Feature", "properties": {"ID": 12741.0, "RT": "1", "VERSION": 1006.0, "TLID": 206609775.0, "SIDE1": null, "SOURCE": "C", "FENAME": "Calle Arizmendi", "FETYPE": null, "CFCC": "A41", "FRADDL": "156", "TOADDL": "152", "FRADDR": null, "TOADDR": null, "FRIADDL": "0", "TOIADDL": "0", "FRIADDR": null, "TOIADDR": null, "ZIPL": "00925", "ZIPR": null, "Shape_len": 82.4488388576}, "geometry": {"type": "LineString", "coordinates": [[-66.04689799826306, 18.396899995787205], [-66.04767799990977, 18.39691999545497]]}}, {"id": "249576", "type": "Feature", "properties": {"ID": 12720.0, "RT": "1", "VERSION": 1006.0, "TLID": 206609749.0, "SIDE1": null, "SOURCE": "C", "FENAME": "Calle Padres Capuchinos", "FETYPE": null, "CFCC": "A41", "FRADDL": null, "TOADDL": null, "FRADDR": "1114", "TOADDR": "1118", "FRIADDL": null, "TOIADDL": null, "FRIADDR": "0", "TOIADDR": "0", "ZIPL": null, "ZIPR": "00925", "Shape_len": 83.7977958943}, "geometry": {"type": "LineString", "coordinates": [[-66.04478699618599, 18.397625997135798], [-66.04479899904887, 18.396868998523157]]}}, {"id": "271303", "type": "Feature", "properties": {"ID": 31320.0, "RT": "1", "VERSION": 1006.0, "TLID": 206650364.0, "SIDE1": null, "SOURCE": "O", "FENAME": "Calle Camelia Soto", "FETYPE": null, "CFCC": "A41", "FRADDL": null, "TOADDL": null, "FRADDR": null, "TOADDR": null, "FRIADDL": null, "TOIADDL": null, "FRIADDR": null, "TOIADDR": null, "ZIPL": null, "ZIPR": null, "Shape_len": 36.9231154812}, "geometry": {"type": "LineString", "coordinates": [[-66.04985399780357, 18.395845001707507], [-66.04987399573582, 18.39575700404726], [-66.04988611568352, 18.39558378784621]]}}, {"id": "258452", "type": "Feature", "properties": {"ID": 27738.0, "RT": "1", "VERSION": 1006.0, "TLID": 206644601.0, "SIDE1": null, "SOURCE": "L", "FENAME": null, "FETYPE": null, "CFCC": "A41", "FRADDL": null, "TOADDL": null, "FRADDR": null, "TOADDR": null, "FRIADDL": null, "TOIADDL": null, "FRIADDR": null, "TOIADDR": null, "ZIPL": null, "ZIPR": null, "Shape_len": 195.54647356}, "geometry": {"type": "LineString", "coordinates": [[-66.04986899962785, 18.395874000530355], [-66.05068699805473, 18.395702001768818], [-66.05144941369122, 18.395700495446377]]}}, {"id": "258391", "type": "Feature", "properties": {"ID": 27736.0, "RT": "1", "VERSION": 1006.0, "TLID": 206644596.0, "SIDE1": null, "SOURCE": "C", "FENAME": "Calle Camelia Soto", "FETYPE": null, "CFCC": "A41", "FRADDL": null, "TOADDL": null, "FRADDR": null, "TOADDR": null, "FRIADDL": null, "TOIADDL": null, "FRIADDR": null, "TOIADDR": null, "ZIPL": null, "ZIPR": null, "Shape_len": 3.77418259362}, "geometry": {"type": "LineString", "coordinates": [[-66.04984499820681, 18.395878000088366], [-66.04985399780357, 18.395845001707507]]}}, {"id": "260854", "type": "Feature", "properties": {"ID": 27737.0, "RT": "1", "VERSION": 1006.0, "TLID": 206644600.0, "SIDE1": null, "SOURCE": "L", "FENAME": null, "FETYPE": null, "CFCC": "A41", "FRADDL": null, "TOADDL": null, "FRADDR": null, "TOADDR": null, "FRIADDL": null, "TOIADDL": null, "FRIADDR": null, "TOIADDR": null, "ZIPL": null, "ZIPR": null, "Shape_len": 2.5744791784}, "geometry": {"type": "LineString", "coordinates": [[-66.04984499820681, 18.395878000088366], [-66.04986899962785, 18.395874000530355]]}}, {"id": "262162", "type": "Feature", "properties": {"ID": 23334.0, "RT": "1", "VERSION": 1006.0, "TLID": 206633387.0, "SIDE1": null, "SOURCE": "C", "FENAME": "Calle Camelia Soto", "FETYPE": null, "CFCC": "A41", "FRADDL": null, "TOADDL": null, "FRADDR": null, "TOADDR": null, "FRIADDL": null, "TOIADDL": null, "FRIADDR": null, "TOIADDR": null, "ZIPL": null, "ZIPR": null, "Shape_len": 6.54873792497}, "geometry": {"type": "LineString", "coordinates": [[-66.0498250013535, 18.395934001390145], [-66.04984499820681, 18.395878000088366]]}}, {"id": "252423", "type": "Feature", "properties": {"ID": 12736.0, "RT": "1", "VERSION": 1006.0, "TLID": 206609769.0, "SIDE1": null, "SOURCE": "C", "FENAME": "Calle Tav\u00e1rez", "FETYPE": null, "CFCC": "A41", "FRADDL": null, "TOADDL": null, "FRADDR": null, "TOADDR": null, "FRIADDL": null, "TOIADDL": null, "FRIADDR": null, "TOIADDR": null, "ZIPL": null, "ZIPR": null, "Shape_len": 24.8697022873}, "geometry": {"type": "LineString", "coordinates": [[-66.05133099928312, 18.39609000084399], [-66.05138799824785, 18.395871999761567]]}}, {"id": "251073", "type": "Feature", "properties": {"ID": 20065.0, "RT": "1", "VERSION": 1006.0, "TLID": 206626494.0, "SIDE1": null, "SOURCE": "K", "FENAME": "Calle Tizol", "FETYPE": null, "CFCC": "A41", "FRADDL": null, "TOADDL": null, "FRADDR": "56", "TOADDR": "58", "FRIADDL": null, "TOIADDL": null, "FRIADDR": "1", "TOIADDR": "0", "ZIPL": null, "ZIPR": "00925", "Shape_len": 162.61873203}, "geometry": {"type": "LineString", "coordinates": [[-66.05133099928312, 18.39609000084399], [-66.05080500107896, 18.39596199622812], [-66.05035200017116, 18.39603300030312], [-66.0498250013535, 18.395934001390145]]}}, {"id": "249247", "type": "Feature", "properties": {"ID": 12751.0, "RT": "1", "VERSION": 1006.0, "TLID": 206609790.0, "SIDE1": null, "SOURCE": "C", "FENAME": "Calle Pi\u00f1eiro", "FETYPE": null, "CFCC": "A41", "FRADDL": "103", "TOADDL": "113", "FRADDR": null, "TOADDR": null, "FRIADDL": "0", "TOIADDL": "0", "FRIADDR": null, "TOIADDR": null, "ZIPL": "00925", "ZIPR": null, "Shape_len": 178.238513424}, "geometry": {"type": "LineString", "coordinates": [[-66.04969899981263, 18.39629899846135], [-66.04807000504275, 18.39588099879596]]}}, {"id": "255038", "type": "Feature", "properties": {"ID": 12797.0, "RT": "1", "VERSION": 1006.0, "TLID": 206609868.0, "SIDE1": null, "SOURCE": "C", "FENAME": "Calle Brumbaugh", "FETYPE": null, "CFCC": "A41", "FRADDL": null, "TOADDL": null, "FRADDR": null, "TOADDR": null, "FRIADDL": null, "TOIADDL": null, "FRIADDR": null, "TOIADDR": null, "ZIPL": null, "ZIPR": null, "Shape_len": 55.518387807}, "geometry": {"type": "LineString", "coordinates": [[-66.05228628172772, 18.395626138629428], [-66.05228499956799, 18.39562199960292]]}}, {"id": "249079", "type": "Feature", "properties": {"ID": 12795.0, "RT": "1", "VERSION": 1006.0, "TLID": 206609865.0, "SIDE1": null, "SOURCE": "C", "FENAME": "Calle Caparra", "FETYPE": null, "CFCC": "A41", "FRADDL": "5", "TOADDL": "9", "FRADDR": null, "TOADDR": null, "FRIADDL": "0", "TOIADDL": "0", "FRIADDR": null, "TOIADDR": null, "ZIPL": "00926", "ZIPR": null, "Shape_len": 76.0973226229}, "geometry": {"type": "LineString", "coordinates": [[-66.05341039962174, 18.39600961360273], [-66.0531490032303, 18.39582700088421]]}}, {"id": "251324", "type": "Feature", "properties": {"ID": 25974.0, "RT": "1", "VERSION": 1006.0, "TLID": 206640093.0, "SIDE1": null, "SOURCE": "C", "FENAME": "Calle Brumbaugh", "FETYPE": null, "CFCC": "A41", "FRADDL": null, "TOADDL": null, "FRADDR": "1168", "TOADDR": "1172", "FRIADDL": null, "TOIADDL": null, "FRIADDR": "0", "TOIADDR": "0", "ZIPL": null, "ZIPR": "00925", "Shape_len": 29.9164002402}, "geometry": {"type": "LineString", "coordinates": [[-66.0521619957914, 18.39617799940708], [-66.05235801123447, 18.396123950839037]]}}, {"id": "250073", "type": "Feature", "properties": {"ID": 12737.0, "RT": "1", "VERSION": 1006.0, "TLID": 206609771.0, "SIDE1": null, "SOURCE": "C", "FENAME": "Calle Tizol", "FETYPE": null, "CFCC": "A41", "FRADDL": "58", "TOADDL": "56", "FRADDR": null, "TOADDR": null, "FRIADDL": "0", "TOIADDL": "0", "FRIADDR": null, "TOIADDR": null, "ZIPL": "00925", "ZIPR": null, "Shape_len": 87.2446085331}, "geometry": {"type": "LineString", "coordinates": [[-66.05133099928312, 18.39609000084399], [-66.05213100030403, 18.3962849997887]]}}, {"id": "256412", "type": "Feature", "properties": {"ID": 25973.0, "RT": "1", "VERSION": 1006.0, "TLID": 206640092.0, "SIDE1": null, "SOURCE": "C", "FENAME": "Calle Brumbaugh", "FETYPE": null, "CFCC": "A41", "FRADDL": null, "TOADDL": null, "FRADDR": "1164", "TOADDR": "1166", "FRIADDL": null, "TOIADDL": null, "FRIADDR": "1", "TOIADDR": "0", "ZIPL": null, "ZIPR": "00925", "Shape_len": 12.2878240653}, "geometry": {"type": "LineString", "coordinates": [[-66.05213100030403, 18.3962849997887], [-66.0521619957914, 18.39617799940708]]}}, {"id": "264973", "type": "Feature", "properties": {"ID": 30453.0, "RT": "1", "VERSION": 1006.0, "TLID": 206649279.0, "SIDE1": null, "SOURCE": "O", "FENAME": "Calle Brumbaugh", "FETYPE": null, "CFCC": "A41", "FRADDL": "1163", "TOADDL": "1165", "FRADDR": "1164", "TOADDR": "1166", "FRIADDL": "0", "TOIADDL": "0", "FRIADDR": "0", "TOIADDR": "0", "ZIPL": "00925", "ZIPR": "00925", "Shape_len": 63.4791287992}, "geometry": {"type": "LineString", "coordinates": [[-66.0519680034008, 18.396836997971715], [-66.05200199990743, 18.396724000040305], [-66.05213100030403, 18.3962849997887]]}}, {"id": "366136", "type": "Feature", "properties": {"ID": 16748.0, "RT": "1", "VERSION": 1006.0, "TLID": 206617597.0, "SIDE1": null, "SOURCE": "C", "FENAME": "Ave Ponce de Le\u00f3n (PR-25)", "FETYPE": null, "CFCC": "A21", "FRADDL": null, "TOADDL": null, "FRADDR": null, "TOADDR": null, "FRIADDL": null, "TOIADDL": null, "FRIADDR": "0", "TOIADDR": "0", "ZIPL": null, "ZIPR": "00925", "Shape_len": 86.2607888259}, "geometry": {"type": "LineString", "coordinates": [[-66.05296412866709, 18.397085780958115], [-66.05299792225863, 18.396967032777415], [-66.0530091110159, 18.39691630892273], [-66.05304484427445, 18.39677684442109], [-66.05304753961231, 18.396745506621862], [-66.0530435929181, 18.396704735184084], [-66.05303288023205, 18.396669122153757]]}}, {"id": "269704", "type": "Feature", "properties": {"ID": 30452.0, "RT": "1", "VERSION": 1006.0, "TLID": 206649278.0, "SIDE1": null, "SOURCE": "O", "FENAME": "Calle Pi\u00f1eiro", "FETYPE": null, "CFCC": "A41", "FRADDL": "55", "TOADDL": "61", "FRADDR": "50", "TOADDR": "58", "FRIADDL": "0", "TOIADDL": "0", "FRIADDR": "0", "TOIADDR": "0", "ZIPL": "00925", "ZIPR": "00925", "Shape_len": 85.5638856697}, "geometry": {"type": "LineString", "coordinates": [[-66.0519680034008, 18.396836997971715], [-66.05117999899102, 18.39665900116105]]}}, {"id": "365897", "type": "Feature", "properties": {"ID": 29912.0, "RT": "1", "VERSION": 1006.0, "TLID": 206648670.0, "SIDE1": null, "SOURCE": "O", "FENAME": null, "FETYPE": null, "CFCC": "A63", "FRADDL": null, "TOADDL": null, "FRADDR": null, "TOADDR": null, "FRIADDL": null, "TOIADDL": null, "FRIADDR": null, "TOIADDR": null, "ZIPL": null, "ZIPR": null, "Shape_len": 89.608047793}, "geometry": {"type": "LineString", "coordinates": [[-66.05408718335434, 18.397123524534575], [-66.0539831404405, 18.397104290844137], [-66.05388574560801, 18.397080841110665], [-66.05379943280624, 18.39705529913796], [-66.05379472463675, 18.397052810827272]]}}, {"id": "272699", "type": "Feature", "properties": {"ID": 31165.0, "RT": "1", "VERSION": 1006.0, "TLID": 206650195.0, "SIDE1": null, "SOURCE": "O", "FENAME": "Calle Camelia Soto", "FETYPE": null, "CFCC": "A41", "FRADDL": null, "TOADDL": null, "FRADDR": "74", "TOADDR": "76", "FRIADDL": null, "TOIADDL": null, "FRIADDR": "1", "TOIADDR": "1", "ZIPL": null, "ZIPR": "00925", "Shape_len": 42.536945061}, "geometry": {"type": "LineString", "coordinates": [[-66.04969899981263, 18.39629899846135], [-66.0498250013535, 18.395934001390145]]}}, {"id": "249432", "type": "Feature", "properties": {"ID": 12735.0, "RT": "1", "VERSION": 1006.0, "TLID": 206609768.0, "SIDE1": null, "SOURCE": "C", "FENAME": "Calle Tav\u00e1rez", "FETYPE": null, "CFCC": "A41", "FRADDL": null, "TOADDL": null, "FRADDR": "1160", "TOADDR": "1162", "FRIADDL": null, "TOIADDL": null, "FRIADDR": "0", "TOIADDR": "0", "ZIPL": null, "ZIPR": "00925", "Shape_len": 64.9693397277}, "geometry": {"type": "LineString", "coordinates": [[-66.05117999899102, 18.39665900116105], [-66.05133099928312, 18.39609000084399]]}}, {"id": "249956", "type": "Feature", "properties": {"ID": 12734.0, "RT": "1", "VERSION": 1006.0, "TLID": 206609767.0, "SIDE1": null, "SOURCE": "C", "FENAME": "Calle Pi\u00f1eiro", "FETYPE": null, "CFCC": "A41", "FRADDL": "63", "TOADDL": "83", "FRADDR": "60", "TOADDR": "78", "FRIADDL": "0", "TOIADDL": "0", "FRIADDR": "0", "TOIADDR": "0", "ZIPL": "00925", "ZIPR": "00925", "Shape_len": 161.484002605}, "geometry": {"type": "LineString", "coordinates": [[-66.05117999899102, 18.39665900116105], [-66.04969899981263, 18.39629899846135]]}}, {"id": "248532", "type": "Feature", "properties": {"ID": 12747.0, "RT": "1", "VERSION": 1006.0, "TLID": 206609783.0, "SIDE1": null, "SOURCE": "C", "FENAME": "Calle Georgetti", "FETYPE": null, "CFCC": "A41", "FRADDL": null, "TOADDL": null, "FRADDR": "116", "TOADDR": "124", "FRIADDL": null, "TOIADDL": null, "FRIADDR": "0", "TOIADDR": "0", "ZIPL": null, "ZIPR": "00925", "Shape_len": 69.4612547616}, "geometry": {"type": "LineString", "coordinates": [[-66.04850900037806, 18.396587999776507], [-66.04787199840838, 18.39643299732208]]}}, {"id": "266481", "type": "Feature", "properties": {"ID": 30458.0, "RT": "1", "VERSION": 1006.0, "TLID": 206649285.0, "SIDE1": null, "SOURCE": "O", "FENAME": "Calle Camelia Soto", "FETYPE": null, "CFCC": "A41", "FRADDL": "1129", "TOADDL": "1199", "FRADDR": null, "TOADDR": null, "FRIADDL": "1", "TOIADDL": "0", "FRIADDR": null, "TOIADDR": null, "ZIPL": "00925", "ZIPR": null, "Shape_len": 64.9871233747}, "geometry": {"type": "LineString", "coordinates": [[-66.04952100046995, 18.396861002113432], [-66.04954799664525, 18.396778002941268], [-66.04956599867411, 18.39671899726395], [-66.04969899981263, 18.39629899846135]]}}, {"id": "266352", "type": "Feature", "properties": {"ID": 30456.0, "RT": "1", "VERSION": 1006.0, "TLID": 206649282.0, "SIDE1": null, "SOURCE": "O", "FENAME": "Calle Georgetti", "FETYPE": null, "CFCC": "A41", "FRADDL": "107", "TOADDL": "115", "FRADDR": "110", "TOADDR": "112", "FRIADDL": "0", "TOIADDL": "0", "FRIADDR": "0", "TOIADDR": "0", "ZIPL": "00925", "ZIPR": "00925", "Shape_len": 111.120876066}, "geometry": {"type": "LineString", "coordinates": [[-66.04952100046995, 18.396861002113432], [-66.04899299856004, 18.396717999083425], [-66.04850900037806, 18.396587999776507]]}}, {"id": "260643", "type": "Feature", "properties": {"ID": 25248.0, "RT": "1", "VERSION": 1006.0, "TLID": 206637766.0, "SIDE1": null, "SOURCE": null, "FENAME": "Calle Camelia Soto", "FETYPE": null, "CFCC": "A41", "FRADDL": null, "TOADDL": null, "FRADDR": null, "TOADDR": null, "FRIADDL": null, "TOIADDL": null, "FRIADDR": null, "TOIADDR": null, "ZIPL": null, "ZIPR": null, "Shape_len": 7.76551033738}, "geometry": {"type": "LineString", "coordinates": [[-66.04951599939848, 18.39693099829868], [-66.04952100046995, 18.396861002113432]]}}, {"id": "269299", "type": "Feature", "properties": {"ID": 30455.0, "RT": "1", "VERSION": 1006.0, "TLID": 206649281.0, "SIDE1": null, "SOURCE": "O", "FENAME": "Calle Monse\u00f1or Torres", "FETYPE": null, "CFCC": "A41", "FRADDL": null, "TOADDL": null, "FRADDR": null, "TOADDR": null, "FRIADDL": null, "TOIADDL": null, "FRIADDR": null, "TOIADDR": null, "ZIPL": null, "ZIPR": null, "Shape_len": 120.208689423}, "geometry": {"type": "LineString", "coordinates": [[-66.04849899978882, 18.397674003525992], [-66.04850900037806, 18.396587999776507]]}}, {"id": "249490", "type": "Feature", "properties": {"ID": 12731.0, "RT": "1", "VERSION": 1006.0, "TLID": 206609762.0, "SIDE1": null, "SOURCE": "C", "FENAME": "Calle Georgetti", "FETYPE": null, "CFCC": "A41", "FRADDL": null, "TOADDL": null, "FRADDR": "52", "TOADDR": "84", "FRIADDL": null, "TOIADDL": null, "FRIADDR": "0", "TOIADDR": "0", "ZIPL": null, "ZIPR": "00925", "Shape_len": 246.3057317}, "geometry": {"type": "LineString", "coordinates": [[-66.05176699775451, 18.3975090004073], [-66.04951599939848, 18.39693099829868]]}}, {"id": "266043", "type": "Feature", "properties": {"ID": 30457.0, "RT": "1", "VERSION": 1006.0, "TLID": 206649283.0, "SIDE1": null, "SOURCE": "O", "FENAME": "Calle Camelia Soto", "FETYPE": null, "CFCC": "A41", "FRADDL": "101", "TOADDL": "193", "FRADDR": null, "TOADDR": null, "FRIADDL": "0", "TOIADDL": "1", "FRIADDR": null, "TOIADDR": null, "ZIPL": "00925", "ZIPR": null, "Shape_len": 80.6990864335}, "geometry": {"type": "LineString", "coordinates": [[-66.04950399609835, 18.39765999775554], [-66.04951599939848, 18.39693099829868]]}}, {"id": "366382", "type": "Feature", "properties": {"ID": 29912.0, "RT": "1", "VERSION": 1006.0, "TLID": 206648670.0, "SIDE1": null, "SOURCE": "O", "FENAME": null, "FETYPE": null, "CFCC": "A63", "FRADDL": null, "TOADDL": null, "FRADDR": null, "TOADDR": null, "FRIADDL": null, "TOIADDL": null, "FRIADDR": null, "TOIADDR": null, "ZIPL": null, "ZIPR": null, "Shape_len": 133.017846541}, "geometry": {"type": "LineString", "coordinates": [[-66.05409712073997, 18.397124149773664], [-66.05408718335434, 18.397123524534575]]}}, {"id": "370604", "type": "Feature", "properties": {"ID": 0.0, "RT": null, "VERSION": 0.0, "TLID": 0.0, "SIDE1": null, "SOURCE": null, "FENAME": "Ave Ponce de Le\u00f3n (PR-25)", "FETYPE": null, "CFCC": "A21", "FRADDL": null, "TOADDL": null, "FRADDR": null, "TOADDR": null, "FRIADDL": null, "TOIADDL": null, "FRIADDR": null, "TOIADDR": null, "ZIPL": null, "ZIPR": null, "Shape_len": 132.554155178}, "geometry": {"type": "MultiLineString", "coordinates": [[[-66.05296060002276, 18.39709819485058], [-66.05306212470812, 18.396979845673517], [-66.05310649631099, 18.396941872297088], [-66.05313566723513, 18.396923389130272], [-66.0531775256045, 18.396908732901203], [-66.05319515586069, 18.39690611073913], [-66.05324168244896, 18.396899860587066], [-66.0533233800064, 18.396903793096527]], [[-66.0536094307371, 18.397009097725704], [-66.05369315692103, 18.397042404126474], [-66.05381405496543, 18.397091697207326], [-66.05385430637855, 18.397103623125627], [-66.05392466114003, 18.397116994502365], [-66.0540096653801, 18.39712759497356], [-66.05408718335434, 18.397123524534575]]]}}, {"id": "368887", "type": "Feature", "properties": {"ID": 16748.0, "RT": "1", "VERSION": 1006.0, "TLID": 206617597.0, "SIDE1": null, "SOURCE": "C", "FENAME": "Ave Ponce de Le\u00f3n (PR-25)", "FETYPE": null, "CFCC": "A21", "FRADDL": null, "TOADDL": null, "FRADDR": "1154", "TOADDR": "1154", "FRIADDL": null, "TOIADDL": null, "FRIADDR": "0", "TOIADDR": "0", "ZIPL": null, "ZIPR": "00925", "Shape_len": 1.42371873627}, "geometry": {"type": "LineString", "coordinates": [[-66.05296060002276, 18.39709819485058], [-66.05296412866709, 18.397085780958115]]}}, {"id": "250158", "type": "Feature", "properties": {"ID": 12733.0, "RT": "1", "VERSION": 1006.0, "TLID": 206609764.0, "SIDE1": null, "SOURCE": "C", "FENAME": "Calle Brumbaugh", "FETYPE": null, "CFCC": "A41", "FRADDL": "1155", "TOADDL": "1157", "FRADDR": null, "TOADDR": null, "FRIADDL": "0", "TOIADDL": "0", "FRIADDR": null, "TOIADDR": null, "ZIPL": "00925", "ZIPR": null, "Shape_len": 77.3534350028}, "geometry": {"type": "LineString", "coordinates": [[-66.05176699775451, 18.3975090004073], [-66.0519680034008, 18.396836997971715]]}}, {"id": "366357", "type": "Feature", "properties": {"ID": 16748.0, "RT": "1", "VERSION": 1006.0, "TLID": 206617597.0, "SIDE1": null, "SOURCE": "C", "FENAME": "Ave Ponce de Le\u00f3n (PR-25)", "FETYPE": null, "CFCC": "A21", "FRADDL": null, "TOADDL": null, "FRADDR": "1154", "TOADDR": "1154", "FRIADDL": null, "TOIADDL": null, "FRIADDR": "0", "TOIADDR": "0", "ZIPL": null, "ZIPR": "00925", "Shape_len": 50.2149955127}, "geometry": {"type": "LineString", "coordinates": [[-66.05283599874812, 18.3975359991009], [-66.05296060002276, 18.39709819485058]]}}, {"id": "242621", "type": "Feature", "properties": {"ID": 11908.0, "RT": "1", "VERSION": 1006.0, "TLID": 206608620.0, "SIDE1": null, "SOURCE": "C", "FENAME": "Calle Juli\u00e1n E Blanco", "FETYPE": null, "CFCC": "A41", "FRADDL": "15", "TOADDL": "11", "FRADDR": "6", "TOADDR": "2", "FRIADDL": "0", "TOIADDL": "0", "FRIADDR": "0", "TOIADDR": "0", "ZIPL": "00925", "ZIPR": "00925", "Shape_len": 46.8619662003}, "geometry": {"type": "LineString", "coordinates": [[-66.05321900212208, 18.397732997295318], [-66.05307601616823, 18.39762706225844], [-66.05297639725192, 18.397565287931677], [-66.05283599874812, 18.3975359991009]]}}, {"id": "261982", "type": "Feature", "properties": {"ID": 12725.0, "RT": "1", "VERSION": 1006.0, "TLID": 206609755.0, "SIDE1": null, "SOURCE": "C", "FENAME": "Calle Georgetti", "FETYPE": null, "CFCC": "A41", "FRADDL": null, "TOADDL": null, "FRADDR": "2", "TOADDR": "30", "FRIADDL": null, "TOIADDL": null, "FRIADDR": "0", "TOIADDR": "0", "ZIPL": null, "ZIPR": "00925", "Shape_len": 105.35401447}, "geometry": {"type": "LineString", "coordinates": [[-66.05272514369265, 18.397772319042616], [-66.05176699775451, 18.3975090004073]]}}, {"id": "249449", "type": "Feature", "properties": {"ID": 12723.0, "RT": "1", "VERSION": 1006.0, "TLID": 206609753.0, "SIDE1": null, "SOURCE": "C", "FENAME": "Ave Ponce de Le\u00f3n (PR-25)", "FETYPE": null, "CFCC": "A21", "FRADDL": null, "TOADDL": null, "FRADDR": "1126", "TOADDR": "1146", "FRIADDL": null, "TOIADDL": null, "FRIADDR": "0", "TOIADDR": "0", "ZIPL": null, "ZIPR": "00925", "Shape_len": 28.3778188778}, "geometry": {"type": "LineString", "coordinates": [[-66.05276400386644, 18.39778299925477], [-66.05283599874812, 18.3975359991009]]}}, {"id": "258266", "type": "Feature", "properties": {"ID": 12725.0, "RT": "1", "VERSION": 1006.0, "TLID": 206609755.0, "SIDE1": null, "SOURCE": "C", "FENAME": "Calle Georgetti", "FETYPE": null, "CFCC": "A41", "FRADDL": null, "TOADDL": null, "FRADDR": "2", "TOADDR": "2", "FRIADDL": null, "TOIADDL": null, "FRIADDR": "0", "TOIADDR": "0", "ZIPL": null, "ZIPR": "00925", "Shape_len": 4.27293001581}, "geometry": {"type": "LineString", "coordinates": [[-66.05276400386644, 18.39778299925477], [-66.05272514369265, 18.397772319042616]]}}, {"id": "250430", "type": "Feature", "properties": {"ID": 12542.0, "RT": "1", "VERSION": 1006.0, "TLID": 206609531.0, "SIDE1": null, "SOURCE": "C", "FENAME": "Calle Juli\u00e1n E Blanco", "FETYPE": null, "CFCC": "A41", "FRADDL": "15", "TOADDL": "11", "FRADDR": "28", "TOADDR": "12", "FRIADDL": "0", "TOIADDL": "0", "FRIADDR": "0", "TOIADDR": "0", "ZIPL": "00925", "ZIPR": "00925", "Shape_len": 122.739746293}, "geometry": {"type": "LineString", "coordinates": [[-66.05436500294185, 18.397842998958538], [-66.05369364052278, 18.397839459707786], [-66.05348551138628, 18.39781579058154], [-66.0533460702641, 18.397779572609455], [-66.05321900212208, 18.397732997295318]]}}, {"id": "251318", "type": "Feature", "properties": {"ID": 12732.0, "RT": "1", "VERSION": 1006.0, "TLID": 206609763.0, "SIDE1": null, "SOURCE": "C", "FENAME": "Calle Brumbaugh", "FETYPE": null, "CFCC": "A41", "FRADDL": null, "TOADDL": null, "FRADDR": null, "TOADDR": null, "FRIADDL": null, "TOIADDL": null, "FRIADDR": null, "TOIADDR": null, "ZIPL": null, "ZIPR": null, "Shape_len": 72.5545311933}, "geometry": {"type": "LineString", "coordinates": [[-66.05158099999478, 18.398139999595664], [-66.05176699775451, 18.3975090004073]]}}, {"id": "257859", "type": "Feature", "properties": {"ID": 21155.0, "RT": "1", "VERSION": 1006.0, "TLID": 206628965.0, "SIDE1": null, "SOURCE": "C", "FENAME": "Calle Gonz\u00e1lez", "FETYPE": null, "CFCC": "A41", "FRADDL": null, "TOADDL": null, "FRADDR": "1115", "TOADDR": "1107", "FRIADDL": null, "TOIADDL": null, "FRIADDR": "0", "TOIADDR": "1", "ZIPL": null, "ZIPR": "00925", "Shape_len": 31.5482318783}, "geometry": {"type": "LineString", "coordinates": [[-66.05321900212208, 18.397732997295318], [-66.05316900172986, 18.39801399985527]]}}, {"id": "256367", "type": "Feature", "properties": {"ID": 21156.0, "RT": "1", "VERSION": 1006.0, "TLID": 206628966.0, "SIDE1": null, "SOURCE": "C", "FENAME": "Calle Gonz\u00e1lez", "FETYPE": null, "CFCC": "A41", "FRADDL": null, "TOADDL": null, "FRADDR": "1105", "TOADDR": "1103", "FRIADDL": null, "TOIADDL": null, "FRIADDR": "1", "TOIADDR": "1", "ZIPL": null, "ZIPR": "00925", "Shape_len": 15.0124883897}, "geometry": {"type": "LineString", "coordinates": [[-66.05316900172986, 18.39801399985527], [-66.05314700101667, 18.398147996675434]]}}, {"id": "247848", "type": "Feature", "properties": {"ID": 12547.0, "RT": "1", "VERSION": 1006.0, "TLID": 206609538.0, "SIDE1": null, "SOURCE": "C", "FENAME": "Calle Ram\u00edrez Pab\u00f3n", "FETYPE": null, "CFCC": "A41", "FRADDL": "1009", "TOADDL": "1005", "FRADDR": null, "TOADDR": null, "FRIADDL": "0", "TOIADDL": "0", "FRIADDR": null, "TOIADDR": null, "ZIPL": "00925", "ZIPR": null, "Shape_len": 64.8639905332}, "geometry": {"type": "LineString", "coordinates": [[-66.05408600049847, 18.398364998476076], [-66.05436500294185, 18.397842998958538]]}}, {"id": "250082", "type": "Feature", "properties": {"ID": 12716.0, "RT": "1", "VERSION": 1006.0, "TLID": 206609744.0, "SIDE1": null, "SOURCE": "C", "FENAME": "Ave Ponce de Le\u00f3n (PR-25)", "FETYPE": null, "CFCC": "A21", "FRADDL": null, "TOADDL": null, "FRADDR": "1120", "TOADDR": "1124", "FRIADDL": null, "TOIADDL": null, "FRIADDR": "0", "TOIADDR": "0", "ZIPL": null, "ZIPR": "00925", "Shape_len": 74.2023493554}, "geometry": {"type": "LineString", "coordinates": [[-66.05258799916133, 18.398431995528224], [-66.05276400386644, 18.39778299925477]]}}, {"id": "259036", "type": "Feature", "properties": {"ID": 21157.0, "RT": "1", "VERSION": 1006.0, "TLID": 206628967.0, "SIDE1": null, "SOURCE": "L", "FENAME": "Calle Santander", "FETYPE": null, "CFCC": "A41", "FRADDL": null, "TOADDL": null, "FRADDR": null, "TOADDR": null, "FRIADDL": null, "TOIADDL": null, "FRIADDR": null, "TOIADDR": null, "ZIPL": null, "ZIPR": null, "Shape_len": 41.2557873072}, "geometry": {"type": "LineString", "coordinates": [[-66.05339300011849, 18.398237996153604], [-66.05340700745454, 18.398191075147437], [-66.05340904457994, 18.398140773141893], [-66.0533989493298, 18.398112938959223], [-66.05336776653449, 18.398082938950637], [-66.05316900172986, 18.39801399985527]]}}, {"id": "255625", "type": "Feature", "properties": {"ID": 21154.0, "RT": "1", "VERSION": 1006.0, "TLID": 206628964.0, "SIDE1": null, "SOURCE": "C", "FENAME": "Calle Santander", "FETYPE": null, "CFCC": "A41", "FRADDL": "11", "TOADDL": "9", "FRADDR": "14", "TOADDR": "10", "FRIADDL": "1", "TOIADDL": "0", "FRIADDR": "1", "TOIADDR": "0", "ZIPL": "00925", "ZIPR": "00925", "Shape_len": 27.8368233418}, "geometry": {"type": "LineString", "coordinates": [[-66.05339300011849, 18.398237996153604], [-66.05314700101667, 18.398147996675434]]}}, {"id": "249855", "type": "Feature", "properties": {"ID": 25972.0, "RT": "1", "VERSION": 1006.0, "TLID": 206640085.0, "SIDE1": null, "SOURCE": "C", "FENAME": "Calle Arzuaga", "FETYPE": null, "CFCC": "A41", "FRADDL": "11", "TOADDL": "31", "FRADDR": null, "TOADDR": null, "FRIADDL": "1", "TOIADDL": "0", "FRIADDR": null, "TOIADDR": null, "ZIPL": "00925", "ZIPR": null, "Shape_len": 74.6319174415}, "geometry": {"type": "LineString", "coordinates": [[-66.05225899664282, 18.398328996368033], [-66.05158099999478, 18.398139999595664]]}}, {"id": "256466", "type": "Feature", "properties": {"ID": 21153.0, "RT": "1", "VERSION": 1006.0, "TLID": 206628963.0, "SIDE1": null, "SOURCE": "C", "FENAME": "Calle Santander", "FETYPE": null, "CFCC": "A41", "FRADDL": "17", "TOADDL": "13", "FRADDR": "20", "TOADDR": "16", "FRIADDL": "0", "TOIADDL": "1", "FRIADDR": "0", "TOIADDR": "1", "ZIPL": "00925", "ZIPR": "00925", "Shape_len": 75.1835870809}, "geometry": {"type": "LineString", "coordinates": [[-66.05408600049847, 18.398364998476076], [-66.0535012933187, 18.398291034628652], [-66.05339300011849, 18.398237996153604]]}}, {"id": "253079", "type": "Feature", "properties": {"ID": 25971.0, "RT": "1", "VERSION": 1006.0, "TLID": 206640084.0, "SIDE1": null, "SOURCE": "C", "FENAME": "Calle Arzuaga", "FETYPE": null, "CFCC": "A41", "FRADDL": "1", "TOADDL": "9", "FRADDR": null, "TOADDR": null, "FRIADDL": "0", "TOIADDL": "1", "FRIADDR": null, "TOIADDR": null, "ZIPL": "00925", "ZIPR": null, "Shape_len": 30.9785731151}, "geometry": {"type": "LineString", "coordinates": [[-66.05253757650466, 18.39841621483461], [-66.05225899664282, 18.398328996368033]]}}, {"id": "260371", "type": "Feature", "properties": {"ID": 25244.0, "RT": "1", "VERSION": 1006.0, "TLID": 206637762.0, "SIDE1": null, "SOURCE": null, "FENAME": "Calle Ram\u00edrez Pab\u00f3n", "FETYPE": null, "CFCC": "A41", "FRADDL": null, "TOADDL": null, "FRADDR": null, "TOADDR": null, "FRIADDL": null, "TOIADDL": null, "FRIADDR": null, "TOIADDR": null, "ZIPL": null, "ZIPR": null, "Shape_len": 5.58939746484}, "geometry": {"type": "LineString", "coordinates": [[-66.05406199789303, 18.398409998869475], [-66.05408600049847, 18.398364998476076]]}}, {"id": "262816", "type": "Feature", "properties": {"ID": 25247.0, "RT": "1", "VERSION": 1006.0, "TLID": 206637765.0, "SIDE1": null, "SOURCE": null, "FENAME": "Calle Arzuaga", "FETYPE": null, "CFCC": "A41", "FRADDL": null, "TOADDL": null, "FRADDR": null, "TOADDR": null, "FRIADDL": null, "TOIADDL": null, "FRIADDR": null, "TOIADDR": null, "ZIPL": null, "ZIPR": null, "Shape_len": 10.1095294787}, "geometry": {"type": "LineString", "coordinates": [[-66.04950399609835, 18.39765999775554], [-66.04941400009612, 18.397690998167413]]}}, {"id": "245285", "type": "Feature", "properties": {"ID": 12749.0, "RT": "1", "VERSION": 1006.0, "TLID": 206609786.0, "SIDE1": null, "SOURCE": "C", "FENAME": "Calle Arzuaga", "FETYPE": null, "CFCC": "A41", "FRADDL": "103", "TOADDL": "105", "FRADDR": null, "TOADDR": null, "FRIADDL": "0", "TOIADDL": "0", "FRIADDR": null, "TOIADDR": null, "ZIPL": "00925", "ZIPR": null, "Shape_len": 96.7016614439}, "geometry": {"type": "LineString", "coordinates": [[-66.04941400009612, 18.397690998167413], [-66.04849899978882, 18.397674003525992]]}}, {"id": "250206", "type": "Feature", "properties": {"ID": 12739.0, "RT": "1", "VERSION": 1006.0, "TLID": 206609773.0, "SIDE1": null, "SOURCE": "C", "FENAME": "Calle Arzuaga", "FETYPE": null, "CFCC": "A41", "FRADDL": "61", "TOADDL": "71", "FRADDR": null, "TOADDR": null, "FRIADDL": "0", "TOIADDL": "0", "FRIADDR": null, "TOIADDR": null, "ZIPL": "00925", "ZIPR": null, "Shape_len": 152.817232424}, "geometry": {"type": "LineString", "coordinates": [[-66.05090965787724, 18.397984777216095], [-66.04950399609835, 18.39765999775554]]}}, {"id": "245770", "type": "Feature", "properties": {"ID": 12746.0, "RT": "1", "VERSION": 1006.0, "TLID": 206609782.0, "SIDE1": null, "SOURCE": "C", "FENAME": "Calle Monse\u00f1or Torres", "FETYPE": null, "CFCC": "A41", "FRADDL": null, "TOADDL": null, "FRADDR": null, "TOADDR": null, "FRIADDL": null, "TOIADDL": null, "FRIADDR": null, "TOIADDR": null, "ZIPL": null, "ZIPR": null, "Shape_len": 85.5700264496}, "geometry": {"type": "LineString", "coordinates": [[-66.0484860009934, 18.398447000676278], [-66.04849899978882, 18.397674003525992]]}}, {"id": "249310", "type": "Feature", "properties": {"ID": 12730.0, "RT": "1", "VERSION": 1006.0, "TLID": 206609761.0, "SIDE1": null, "SOURCE": "C", "FENAME": "Calle Arzuaga", "FETYPE": null, "CFCC": "A41", "FRADDL": null, "TOADDL": null, "FRADDR": null, "TOADDR": null, "FRIADDL": null, "TOIADDL": null, "FRIADDR": null, "TOIADDR": null, "ZIPL": null, "ZIPR": null, "Shape_len": 72.9880209975}, "geometry": {"type": "LineString", "coordinates": [[-66.05158099999478, 18.398139999595664], [-66.05090965787724, 18.397984777216095]]}}, {"id": "246317", "type": "Feature", "properties": {"ID": 12750.0, "RT": "1", "VERSION": 1006.0, "TLID": 206609787.0, "SIDE1": null, "SOURCE": "C", "FENAME": "Calle Camelia Soto", "FETYPE": null, "CFCC": "A41", "FRADDL": null, "TOADDL": null, "FRADDR": null, "TOADDR": null, "FRIADDL": null, "TOIADDL": null, "FRIADDR": null, "TOIADDR": null, "ZIPL": null, "ZIPR": null, "Shape_len": 85.4511714188}, "geometry": {"type": "LineString", "coordinates": [[-66.04942000262336, 18.398462999832216], [-66.04941400009612, 18.397690998167413]]}}, {"id": "243095", "type": "Feature", "properties": {"ID": 14533.0, "RT": "1", "VERSION": 1006.0, "TLID": 206613009.0, "SIDE1": null, "SOURCE": "J", "FENAME": "Calle del Carmen", "FETYPE": null, "CFCC": "A41", "FRADDL": "1101", "TOADDL": "1105", "FRADDR": null, "TOADDR": null, "FRIADDL": "0", "TOIADDL": "0", "FRIADDR": null, "TOIADDR": null, "ZIPL": "00925", "ZIPR": null, "Shape_len": 48.8091578712}, "geometry": {"type": "LineString", "coordinates": [[-66.05079334647434, 18.398411543582117], [-66.05090965787724, 18.397984777216095]]}}, {"id": "244070", "type": "Feature", "properties": {"ID": 14531.0, "RT": "1", "VERSION": 1006.0, "TLID": 206613007.0, "SIDE1": null, "SOURCE": "J", "FENAME": "Calle Brumbaugh", "FETYPE": null, "CFCC": "A41", "FRADDL": null, "TOADDL": null, "FRADDR": null, "TOADDR": null, "FRIADDL": null, "TOIADDL": null, "FRIADDR": null, "TOIADDR": null, "ZIPL": null, "ZIPR": null, "Shape_len": 30.5737509123}, "geometry": {"type": "LineString", "coordinates": [[-66.05150300214764, 18.398405998098116], [-66.05158099999478, 18.398139999595664]]}}, {"id": "245130", "type": "Feature", "properties": {"ID": 12748.0, "RT": "1", "VERSION": 1006.0, "TLID": 206609785.0, "SIDE1": null, "SOURCE": "C", "FENAME": "Calle Jos\u00e9 de Diego (PR-47)", "FETYPE": null, "CFCC": "A21", "FRADDL": null, "TOADDL": null, "FRADDR": null, "TOADDR": null, "FRIADDL": null, "TOIADDL": null, "FRIADDR": null, "TOIADDR": null, "ZIPL": null, "ZIPR": null, "Shape_len": 98.7065867677}, "geometry": {"type": "LineString", "coordinates": [[-66.04942000262336, 18.398462999832216], [-66.0484860009934, 18.398447000676278]]}}, {"id": "249923", "type": "Feature", "properties": {"ID": 12694.0, "RT": "1", "VERSION": 1006.0, "TLID": 206609717.0, "SIDE1": null, "SOURCE": "C", "FENAME": "Calle Jos\u00e9 de Diego (PR-47)", "FETYPE": null, "CFCC": "A21", "FRADDL": "101", "TOADDL": "109", "FRADDR": "76", "TOADDR": "98", "FRIADDL": "0", "TOIADDL": "1", "FRIADDR": "1", "TOIADDR": "0", "ZIPL": "00925", "ZIPR": "00925", "Shape_len": 61.0263198436}, "geometry": {"type": "LineString", "coordinates": [[-66.049976999678, 18.398512996892507], [-66.04994000066743, 18.39847099928799], [-66.04942000262336, 18.398462999832216]]}}, {"id": "249077", "type": "Feature", "properties": {"ID": 12722.0, "RT": "1", "VERSION": 1006.0, "TLID": 206609752.0, "SIDE1": null, "SOURCE": "C", "FENAME": "Calle Arzuaga", "FETYPE": null, "CFCC": "A41", "FRADDL": null, "TOADDL": null, "FRADDR": null, "TOADDR": null, "FRIADDL": null, "TOIADDL": null, "FRIADDR": null, "TOIADDR": null, "ZIPL": null, "ZIPR": null, "Shape_len": 148.564413637}, "geometry": {"type": "LineString", "coordinates": [[-66.04478699618599, 18.397625997135798], [-66.04346714262914, 18.39762694026082]]}}, {"id": "249335", "type": "Feature", "properties": {"ID": 12707.0, "RT": "1", "VERSION": 1006.0, "TLID": 206609731.0, "SIDE1": null, "SOURCE": "C", "FENAME": "Calle Jos\u00e9 de Diego (PR-47)", "FETYPE": null, "CFCC": "A21", "FRADDL": null, "TOADDL": null, "FRADDR": "230", "TOADDR": "266", "FRIADDL": null, "TOIADDL": null, "FRIADDR": "0", "TOIADDR": "0", "ZIPL": null, "ZIPR": "00925", "Shape_len": 136.759768637}, "geometry": {"type": "LineString", "coordinates": [[-66.0447749986721, 18.398397999575646], [-66.04350265177071, 18.398372437168568]]}}, {"id": "249550", "type": "Feature", "properties": {"ID": 12718.0, "RT": "1", "VERSION": 1006.0, "TLID": 206609747.0, "SIDE1": null, "SOURCE": "C", "FENAME": "Calle Monse\u00f1or William Jones", "FETYPE": null, "CFCC": "A41", "FRADDL": "1113", "TOADDL": "1117", "FRADDR": null, "TOADDR": null, "FRIADDL": "0", "TOIADDL": "0", "FRIADDR": null, "TOIADDR": null, "ZIPL": "00925", "ZIPR": null, "Shape_len": 83.6839176025}, "geometry": {"type": "LineString", "coordinates": [[-66.04604300435689, 18.397644996584436], [-66.04605299890062, 18.396889000316015]]}}, {"id": "252841", "type": "Feature", "properties": {"ID": 12717.0, "RT": "1", "VERSION": 1006.0, "TLID": 206609746.0, "SIDE1": null, "SOURCE": "C", "FENAME": "Calle Vallejo", "FETYPE": null, "CFCC": "A41", "FRADDL": null, "TOADDL": null, "FRADDR": "1112", "TOADDR": "1126", "FRIADDL": null, "TOIADDL": null, "FRIADDR": "0", "TOIADDR": "0", "ZIPL": null, "ZIPR": "00925", "Shape_len": 83.6439642252}, "geometry": {"type": "LineString", "coordinates": [[-66.04756299895242, 18.397661000791672], [-66.04758499987884, 18.397189999864796], [-66.04767799990977, 18.39691999545497]]}}, {"id": "249708", "type": "Feature", "properties": {"ID": 12721.0, "RT": "1", "VERSION": 1006.0, "TLID": 206609750.0, "SIDE1": null, "SOURCE": "C", "FENAME": "Calle Arzuaga", "FETYPE": null, "CFCC": "A41", "FRADDL": "201", "TOADDL": "217", "FRADDR": "204", "TOADDR": "212", "FRIADDL": "0", "TOIADDL": "0", "FRIADDR": "0", "TOIADDR": "0", "ZIPL": "00925", "ZIPR": "00925", "Shape_len": 132.732603}, "geometry": {"type": "LineString", "coordinates": [[-66.04604300435689, 18.397644996584436], [-66.04478699618599, 18.397625997135798]]}}, {"id": "250072", "type": "Feature", "properties": {"ID": 12719.0, "RT": "1", "VERSION": 1006.0, "TLID": 206609748.0, "SIDE1": null, "SOURCE": "C", "FENAME": "Calle Arzuaga", "FETYPE": null, "CFCC": "A41", "FRADDL": "153", "TOADDL": "161", "FRADDR": "164", "TOADDR": "166", "FRIADDL": "0", "TOIADDL": "0", "FRIADDR": "0", "TOIADDR": "0", "ZIPL": "00925", "ZIPR": "00925", "Shape_len": 160.619787166}, "geometry": {"type": "LineString", "coordinates": [[-66.04756299895242, 18.397661000791672], [-66.04604300435689, 18.397644996584436]]}}, {"id": "245576", "type": "Feature", "properties": {"ID": 12745.0, "RT": "1", "VERSION": 1006.0, "TLID": 206609781.0, "SIDE1": null, "SOURCE": "C", "FENAME": "Calle Arzuaga", "FETYPE": null, "CFCC": "A41", "FRADDL": null, "TOADDL": null, "FRADDR": "118", "TOADDR": "122", "FRIADDL": null, "TOIADDL": null, "FRIADDR": "0", "TOIADDR": "0", "ZIPL": null, "ZIPR": "00925", "Shape_len": 98.912861622}, "geometry": {"type": "LineString", "coordinates": [[-66.04849899978882, 18.397674003525992], [-66.04756299895242, 18.397661000791672]]}}, {"id": "250127", "type": "Feature", "properties": {"ID": 12709.0, "RT": "1", "VERSION": 1006.0, "TLID": 206609733.0, "SIDE1": null, "SOURCE": "C", "FENAME": "Calle Padres Capuchinos", "FETYPE": null, "CFCC": "A41", "FRADDL": "1105", "TOADDL": "1111", "FRADDR": null, "TOADDR": null, "FRIADDL": "0", "TOIADDL": "0", "FRIADDR": null, "TOIADDR": null, "ZIPL": "00925", "ZIPR": null, "Shape_len": 85.4583057808}, "geometry": {"type": "LineString", "coordinates": [[-66.0447749986721, 18.398397999575646], [-66.04478699618599, 18.397625997135798]]}}, {"id": "249489", "type": "Feature", "properties": {"ID": 12695.0, "RT": "1", "VERSION": 1006.0, "TLID": 206609718.0, "SIDE1": null, "SOURCE": "C", "FENAME": "Calle Monse\u00f1or William Jones", "FETYPE": null, "CFCC": "A41", "FRADDL": null, "TOADDL": null, "FRADDR": "1104", "TOADDR": "1106", "FRIADDL": null, "TOIADDL": null, "FRIADDR": "0", "TOIADDR": "0", "ZIPL": null, "ZIPR": "00925", "Shape_len": 84.4638567211}, "geometry": {"type": "LineString", "coordinates": [[-66.04603000265209, 18.398407998513125], [-66.04604300435689, 18.397644996584436]]}}, {"id": "249859", "type": "Feature", "properties": {"ID": 12693.0, "RT": "1", "VERSION": 1006.0, "TLID": 206609716.0, "SIDE1": null, "SOURCE": "C", "FENAME": "Calle Vallejo", "FETYPE": null, "CFCC": "A41", "FRADDL": null, "TOADDL": null, "FRADDR": null, "TOADDR": null, "FRIADDL": null, "TOIADDL": null, "FRIADDR": null, "TOIADDR": null, "ZIPL": null, "ZIPR": null, "Shape_len": 85.5597096837}, "geometry": {"type": "LineString", "coordinates": [[-66.04755999656976, 18.39843399901989], [-66.04756299895242, 18.397661000791672]]}}, {"id": "255035", "type": "Feature", "properties": {"ID": 12698.0, "RT": "1", "VERSION": 1006.0, "TLID": 206609721.0, "SIDE1": null, "SOURCE": "C", "FENAME": "Calle Jos\u00e9 de Diego (PR-47)", "FETYPE": null, "CFCC": "A21", "FRADDL": "205", "TOADDL": "217", "FRADDR": null, "TOADDR": null, "FRIADDL": "0", "TOIADDL": "0", "FRIADDR": null, "TOIADDR": null, "ZIPL": "00925", "ZIPR": null, "Shape_len": 132.613871195}, "geometry": {"type": "LineString", "coordinates": [[-66.04603000265209, 18.398407998513125], [-66.0447749986721, 18.398397999575646]]}}, {"id": "249309", "type": "Feature", "properties": {"ID": 12696.0, "RT": "1", "VERSION": 1006.0, "TLID": 206609719.0, "SIDE1": null, "SOURCE": "C", "FENAME": "Calle Jos\u00e9 de Diego (PR-47)", "FETYPE": null, "CFCC": "A21", "FRADDL": "163", "TOADDL": "169", "FRADDR": "154", "TOADDR": "162", "FRIADDL": "0", "TOIADDL": "0", "FRIADDR": "0", "TOIADDR": "0", "ZIPL": "00925", "ZIPR": "00925", "Shape_len": 161.691498188}, "geometry": {"type": "LineString", "coordinates": [[-66.04755999656976, 18.39843399901989], [-66.04603000265209, 18.398407998513125]]}}, {"id": "250205", "type": "Feature", "properties": {"ID": 12705.0, "RT": "1", "VERSION": 1006.0, "TLID": 206609729.0, "SIDE1": null, "SOURCE": "C", "FENAME": "Calle Padre Col\u00f3n", "FETYPE": null, "CFCC": "A41", "FRADDL": "253", "TOADDL": "265", "FRADDR": null, "TOADDR": null, "FRIADDL": "0", "TOIADDL": "0", "FRIADDR": null, "TOIADDR": null, "ZIPL": "00925", "ZIPR": null, "Shape_len": 135.795951867}, "geometry": {"type": "LineString", "coordinates": [[-66.04476600267998, 18.399194002322826], [-66.04354087574904, 18.399174930734883]]}}, {"id": "364900", "type": "Feature", "properties": {"ID": 0.0, "RT": null, "VERSION": 0.0, "TLID": 0.0, "SIDE1": null, "SOURCE": null, "FENAME": "Calle Padre Col\u00f3n", "FETYPE": null, "CFCC": "A41", "FRADDL": null, "TOADDL": null, "FRADDR": null, "TOADDR": null, "FRIADDL": null, "TOIADDL": null, "FRIADDR": null, "TOIADDR": null, "ZIPL": null, "ZIPR": null, "Shape_len": 43.8777809062}, "geometry": {"type": "LineString", "coordinates": [[-66.0423250332269, 18.39919071932241], [-66.04229471878223, 18.399201100388048], [-66.04226682053265, 18.399214349799937], [-66.04223247416193, 18.39923577058344], [-66.04220668081818, 18.399263346063385], [-66.04218196541846, 18.399290920123995], [-66.04214972422795, 18.399330765104047], [-66.04213036499803, 18.39935937913144], [-66.04212923587791, 18.399383936720206], [-66.0421420609148, 18.39940237918031]]}}, {"id": "247769", "type": "Feature", "properties": {"ID": 12744.0, "RT": "1", "VERSION": 1006.0, "TLID": 206609780.0, "SIDE1": null, "SOURCE": "C", "FENAME": "Calle Jos\u00e9 de Diego (PR-47)", "FETYPE": null, "CFCC": "A21", "FRADDL": "123", "TOADDL": "133", "FRADDR": "110", "TOADDR": "134", "FRIADDL": "1", "TOIADDL": "0", "FRIADDR": "0", "TOIADDR": "0", "ZIPL": "00925", "ZIPR": "00925", "Shape_len": 97.856270798}, "geometry": {"type": "LineString", "coordinates": [[-66.0484860009934, 18.398447000676278], [-66.04755999656976, 18.39843399901989]]}}, {"id": "249780", "type": "Feature", "properties": {"ID": 12708.0, "RT": "1", "VERSION": 1006.0, "TLID": 206609732.0, "SIDE1": null, "SOURCE": "C", "FENAME": "Calle Padres Capuchinos", "FETYPE": null, "CFCC": "A41", "FRADDL": null, "TOADDL": null, "FRADDR": "1082", "TOADDR": "1086", "FRIADDL": null, "TOIADDL": null, "FRIADDR": "0", "TOIADDR": "0", "ZIPL": null, "ZIPR": "00925", "Shape_len": 88.1105088897}, "geometry": {"type": "LineString", "coordinates": [[-66.04476600267998, 18.399194002322826], [-66.0447749986721, 18.398397999575646]]}}, {"id": "251435", "type": "Feature", "properties": {"ID": 12685.0, "RT": "1", "VERSION": 1006.0, "TLID": 206609705.0, "SIDE1": null, "SOURCE": "C", "FENAME": "Calle Monse\u00f1or William Jones", "FETYPE": null, "CFCC": "A41", "FRADDL": "1069", "TOADDL": "1071", "FRADDR": null, "TOADDR": null, "FRIADDL": "0", "TOIADDL": "0", "FRIADDR": null, "TOIADDR": null, "ZIPL": "00925", "ZIPR": null, "Shape_len": 88.6667619233}, "geometry": {"type": "LineString", "coordinates": [[-66.04601899965576, 18.39920900427711], [-66.04603000265209, 18.398407998513125]]}}, {"id": "249448", "type": "Feature", "properties": {"ID": 12684.0, "RT": "1", "VERSION": 1006.0, "TLID": 206609704.0, "SIDE1": null, "SOURCE": "C", "FENAME": "Calle Vallejo", "FETYPE": null, "CFCC": "A41", "FRADDL": null, "TOADDL": null, "FRADDR": "1052", "TOADDR": "1064", "FRIADDL": null, "TOIADDL": null, "FRIADDR": "1", "TOIADDR": "0", "ZIPL": null, "ZIPR": "00925", "Shape_len": 88.0223852406}, "geometry": {"type": "LineString", "coordinates": [[-66.04753899998758, 18.39922899927559], [-66.04755999656976, 18.39843399901989]]}}, {"id": "249410", "type": "Feature", "properties": {"ID": 12687.0, "RT": "1", "VERSION": 1006.0, "TLID": 206609708.0, "SIDE1": null, "SOURCE": "C", "FENAME": "Calle Padre Col\u00f3n", "FETYPE": null, "CFCC": "A41", "FRADDL": "203", "TOADDL": "217", "FRADDR": null, "TOADDR": null, "FRIADDL": "0", "TOIADDL": "0", "FRIADDR": null, "TOIADDR": null, "ZIPL": "00925", "ZIPR": null, "Shape_len": 132.406991658}, "geometry": {"type": "LineString", "coordinates": [[-66.04601899965576, 18.39920900427711], [-66.04476600267998, 18.399194002322826]]}}, {"id": "249707", "type": "Feature", "properties": {"ID": 12686.0, "RT": "1", "VERSION": 1006.0, "TLID": 206609706.0, "SIDE1": null, "SOURCE": "C", "FENAME": "Calle Padre Col\u00f3n", "FETYPE": null, "CFCC": "A41", "FRADDL": "167", "TOADDL": "169", "FRADDR": "164", "TOADDR": "168", "FRIADDL": "0", "TOIADDL": "0", "FRIADDR": "0", "TOIADDR": "0", "ZIPL": "00925", "ZIPR": "00925", "Shape_len": 160.624433487}, "geometry": {"type": "LineString", "coordinates": [[-66.04753899998758, 18.39922899927559], [-66.04601899965576, 18.39920900427711]]}}, {"id": "252015", "type": "Feature", "properties": {"ID": 12706.0, "RT": "1", "VERSION": 1006.0, "TLID": 206609730.0, "SIDE1": null, "SOURCE": "C", "FENAME": "Calle Padres Capuchinos", "FETYPE": null, "CFCC": "A41", "FRADDL": "1079", "TOADDL": "1087", "FRADDR": "1074", "TOADDR": "1080", "FRIADDL": "0", "TOIADDL": "0", "FRIADDR": "0", "TOIADDR": "0", "ZIPL": "00925", "ZIPR": "00925", "Shape_len": 62.1011087071}, "geometry": {"type": "LineString", "coordinates": [[-66.04475699899848, 18.399754999235466], [-66.04476600267998, 18.399194002322826]]}}, {"id": "250081", "type": "Feature", "properties": {"ID": 12679.0, "RT": "1", "VERSION": 1006.0, "TLID": 206609697.0, "SIDE1": null, "SOURCE": "C", "FENAME": "Calle Monse\u00f1or William Jones", "FETYPE": null, "CFCC": "A41", "FRADDL": "1059", "TOADDL": "1061", "FRADDR": null, "TOADDR": null, "FRIADDL": "0", "TOIADDL": "0", "FRIADDR": null, "TOIADDR": null, "ZIPL": "00925", "ZIPR": null, "Shape_len": 61.4341295146}, "geometry": {"type": "LineString", "coordinates": [[-66.04601199600151, 18.39976400082559], [-66.04601899965576, 18.39920900427711]]}}, {"id": "252056", "type": "Feature", "properties": {"ID": 12678.0, "RT": "1", "VERSION": 1006.0, "TLID": 206609696.0, "SIDE1": null, "SOURCE": "C", "FENAME": "Calle Vallejo", "FETYPE": null, "CFCC": "A41", "FRADDL": null, "TOADDL": null, "FRADDR": null, "TOADDR": null, "FRIADDL": null, "TOIADDL": null, "FRIADDR": null, "TOIADDR": null, "ZIPL": null, "ZIPR": null, "Shape_len": 58.7771865582}, "geometry": {"type": "LineString", "coordinates": [[-66.04754500089295, 18.399760000601997], [-66.04753899998758, 18.39922899927559]]}}, {"id": "252840", "type": "Feature", "properties": {"ID": 12682.0, "RT": "1", "VERSION": 1006.0, "TLID": 206609700.0, "SIDE1": null, "SOURCE": "C", "FENAME": "Calle Parque", "FETYPE": null, "CFCC": "A41", "FRADDL": null, "TOADDL": null, "FRADDR": "212", "TOADDR": "214", "FRIADDL": null, "TOIADDL": null, "FRIADDR": "0", "TOIADDR": "0", "ZIPL": null, "ZIPR": "00925", "Shape_len": 132.611229704}, "geometry": {"type": "LineString", "coordinates": [[-66.04601199600151, 18.39976400082559], [-66.04475699899848, 18.399754999235466]]}}, {"id": "258078", "type": "Feature", "properties": {"ID": 27910.0, "RT": "1", "VERSION": 1006.0, "TLID": 206645020.0, "SIDE1": null, "SOURCE": "K", "FENAME": "Calle Parque", "FETYPE": null, "CFCC": "A41", "FRADDL": "303", "TOADDL": "307", "FRADDR": "300", "TOADDR": "302", "FRIADDL": "0", "TOIADDL": "1", "FRIADDR": "0", "TOIADDR": "1", "ZIPL": "00923", "ZIPR": "00923", "Shape_len": 62.5362716065}, "geometry": {"type": "LineString", "coordinates": [[-66.04212914972504, 18.399729918320272], [-66.04201599991119, 18.399728998806864]]}}, {"id": "269115", "type": "Feature", "properties": {"ID": 30448.0, "RT": "1", "VERSION": 1006.0, "TLID": 206649274.0, "SIDE1": null, "SOURCE": "O", "FENAME": "Calle Parque", "FETYPE": null, "CFCC": "A41", "FRADDL": null, "TOADDL": null, "FRADDR": "258", "TOADDR": "266", "FRIADDL": null, "TOIADDL": null, "FRIADDR": "0", "TOIADDR": "1", "ZIPL": null, "ZIPR": "00925", "Shape_len": 137.061878121}, "geometry": {"type": "LineString", "coordinates": [[-66.04475699899848, 18.399754999235466], [-66.04356767530666, 18.399737574224538]]}}, {"id": "249126", "type": "Feature", "properties": {"ID": 12645.0, "RT": "1", "VERSION": 1006.0, "TLID": 206609662.0, "SIDE1": null, "SOURCE": "C", "FENAME": "Calle Robles", "FETYPE": null, "CFCC": "A41", "FRADDL": null, "TOADDL": null, "FRADDR": null, "TOADDR": null, "FRIADDL": null, "TOIADDL": null, "FRIADDR": null, "TOIADDR": null, "ZIPL": null, "ZIPR": null, "Shape_len": 63.1927603253}, "geometry": {"type": "LineString", "coordinates": [[-66.0440450007647, 18.40022299604385], [-66.04359050715162, 18.400216917544707]]}}, {"id": "252994", "type": "Feature", "properties": {"ID": 25971.0, "RT": "1", "VERSION": 1006.0, "TLID": 206640084.0, "SIDE1": null, "SOURCE": "C", "FENAME": "Calle Arzuaga", "FETYPE": null, "CFCC": "A41", "FRADDL": "1", "TOADDL": "1", "FRADDR": null, "TOADDR": null, "FRIADDL": "0", "TOIADDL": "0", "FRIADDR": null, "TOIADDR": null, "ZIPL": "00925", "ZIPR": null, "Shape_len": 5.60688858548}, "geometry": {"type": "LineString", "coordinates": [[-66.05258799916133, 18.398431995528224], [-66.05253757650466, 18.39841621483461]]}}, {"id": "249675", "type": "Feature", "properties": {"ID": 12549.0, "RT": "1", "VERSION": 1006.0, "TLID": 206609540.0, "SIDE1": null, "SOURCE": "C", "FENAME": "Calle Gonz\u00e1lez", "FETYPE": null, "CFCC": "A41", "FRADDL": "1106", "TOADDL": "1104", "FRADDR": null, "TOADDR": null, "FRIADDL": "0", "TOIADDL": "0", "FRIADDR": null, "TOIADDR": null, "ZIPL": "00925", "ZIPR": null, "Shape_len": 67.7127082792}, "geometry": {"type": "LineString", "coordinates": [[-66.05314700101667, 18.398147996675434], [-66.0530329996166, 18.39875000031075]]}}, {"id": "248853", "type": "Feature", "properties": {"ID": 12548.0, "RT": "1", "VERSION": 1006.0, "TLID": 206609539.0, "SIDE1": null, "SOURCE": "C", "FENAME": "Calle Santander", "FETYPE": null, "CFCC": "A41", "FRADDL": "25", "TOADDL": "21", "FRADDR": "30", "TOADDR": "24", "FRIADDL": "0", "TOIADDL": "0", "FRIADDR": "0", "TOIADDR": "0", "ZIPL": "00925", "ZIPR": "00925", "Shape_len": 67.0144942001}, "geometry": {"type": "LineString", "coordinates": [[-66.05462100032535, 18.398695996806115], [-66.05406199789303, 18.398409998869475]]}}, {"id": "248193", "type": "Feature", "properties": {"ID": 12544.0, "RT": "1", "VERSION": 1006.0, "TLID": 206609534.0, "SIDE1": null, "SOURCE": "C", "FENAME": "Calle Ram\u00edrez Pab\u00f3n", "FETYPE": null, "CFCC": "A41", "FRADDL": null, "TOADDL": null, "FRADDR": "1004", "TOADDR": "1002", "FRIADDL": null, "TOIADDL": null, "FRIADDR": "0", "TOIADDR": "0", "ZIPL": null, "ZIPR": "00925", "Shape_len": 56.2442953972}, "geometry": {"type": "LineString", "coordinates": [[-66.05380500177131, 18.39885499725889], [-66.05406199789303, 18.398409998869475]]}}, {"id": "249803", "type": "Feature", "properties": {"ID": 12546.0, "RT": "1", "VERSION": 1006.0, "TLID": 206609537.0, "SIDE1": null, "SOURCE": "C", "FENAME": "Calle Celis Aguilera", "FETYPE": null, "CFCC": "A41", "FRADDL": "15", "TOADDL": "11", "FRADDR": "18", "TOADDR": "12", "FRIADDL": "0", "TOIADDL": "0", "FRIADDR": "0", "TOIADDR": "0", "ZIPL": "00925", "ZIPR": "00925", "Shape_len": 82.8187185613}, "geometry": {"type": "LineString", "coordinates": [[-66.05380500177131, 18.39885499725889], [-66.05372399805304, 18.398819998317816], [-66.0530329996166, 18.39875000031075]]}}, {"id": "250293", "type": "Feature", "properties": {"ID": 12690.0, "RT": "1", "VERSION": 1006.0, "TLID": 206609712.0, "SIDE1": null, "SOURCE": "C", "FENAME": "Ave Ponce de Le\u00f3n (PR-25)", "FETYPE": null, "CFCC": "A21", "FRADDL": "1105", "TOADDL": "1107", "FRADDR": "1104", "TOADDR": "1112", "FRIADDL": "0", "TOIADDL": "0", "FRIADDR": "0", "TOIADDR": "0", "ZIPL": "00925", "ZIPR": "00925", "Shape_len": 109.858303673}, "geometry": {"type": "LineString", "coordinates": [[-66.05232399965625, 18.399391998489257], [-66.05258799916133, 18.398431995528224]]}}, {"id": "252615", "type": "Feature", "properties": {"ID": 0.0, "RT": null, "VERSION": 0.0, "TLID": 0.0, "SIDE1": null, "SOURCE": null, "FENAME": "Calle Jos\u00e9 de Diego", "FETYPE": null, "CFCC": "A41", "FRADDL": null, "TOADDL": null, "FRADDR": null, "TOADDR": null, "FRIADDL": null, "TOIADDL": null, "FRIADDR": null, "TOIADDR": null, "ZIPL": null, "ZIPR": null, "Shape_len": 101.315515639}, "geometry": {"type": "LineString", "coordinates": [[-66.05139019824666, 18.398786447327492], [-66.05230810316279, 18.399051064736746]]}}, {"id": "247021", "type": "Feature", "properties": {"ID": 12545.0, "RT": "1", "VERSION": 1006.0, "TLID": 206609535.0, "SIDE1": null, "SOURCE": "C", "FENAME": "Calle Celis Aguilera", "FETYPE": null, "CFCC": "A41", "FRADDL": null, "TOADDL": null, "FRADDR": "26", "TOADDR": "22", "FRIADDL": null, "TOIADDL": null, "FRIADDR": "0", "TOIADDR": "0", "ZIPL": null, "ZIPR": "00925", "Shape_len": 73.0023295673}, "geometry": {"type": "LineString", "coordinates": [[-66.0544120004447, 18.39917000354093], [-66.05380500177131, 18.39885499725889]]}}, {"id": "246373", "type": "Feature", "properties": {"ID": 12543.0, "RT": "1", "VERSION": 1006.0, "TLID": 206609533.0, "SIDE1": null, "SOURCE": "C", "FENAME": "Calle Humacao", "FETYPE": null, "CFCC": "A41", "FRADDL": "1103", "TOADDL": "1105", "FRADDR": "1104", "TOADDR": "1110", "FRIADDL": "0", "TOIADDL": "0", "FRIADDR": "0", "TOIADDR": "0", "ZIPL": "00925", "ZIPR": "00925", "Shape_len": 38.1676304284}, "geometry": {"type": "LineString", "coordinates": [[-66.0544120004447, 18.39917000354093], [-66.05450700237134, 18.39906799895326], [-66.05471400144133, 18.399001999092352]]}}, {"id": "251807", "type": "Feature", "properties": {"ID": 20063.0, "RT": "1", "VERSION": 1006.0, "TLID": 206626490.0, "SIDE1": null, "SOURCE": "C", "FENAME": "Calle Ram\u00edrez Pab\u00f3n", "FETYPE": null, "CFCC": "A41", "FRADDL": null, "TOADDL": null, "FRADDR": "1098", "TOADDR": "1094", "FRIADDL": null, "TOIADDL": null, "FRIADDR": "0", "TOIADDR": "0", "ZIPL": null, "ZIPR": "00925", "Shape_len": 60.7037119104}, "geometry": {"type": "LineString", "coordinates": [[-66.05352899908144, 18.399335997003504], [-66.05380500177131, 18.39885499725889]]}}, {"id": "265727", "type": "Feature", "properties": {"ID": 30436.0, "RT": "1", "VERSION": 1006.0, "TLID": 206649262.0, "SIDE1": null, "SOURCE": "O", "FENAME": "Calle Juli\u00e1n E Blanco", "FETYPE": null, "CFCC": "A41", "FRADDL": "29", "TOADDL": "23", "FRADDR": "38", "TOADDR": "30", "FRIADDL": "0", "TOIADDL": "0", "FRIADDR": "0", "TOIADDR": "0", "ZIPL": "00925", "ZIPR": "00925", "Shape_len": 99.528307643}, "geometry": {"type": "LineString", "coordinates": [[-66.05530499723216, 18.39789399975298], [-66.05477499619047, 18.397852001182404], [-66.05436500294185, 18.397842998958538]]}}, {"id": "251455", "type": "Feature", "properties": {"ID": 25900.0, "RT": "1", "VERSION": 1006.0, "TLID": 206639807.0, "SIDE1": null, "SOURCE": "C", "FENAME": "Calle Juli\u00e1n E Blanco", "FETYPE": null, "CFCC": "A41", "FRADDL": null, "TOADDL": null, "FRADDR": null, "TOADDR": null, "FRIADDL": null, "TOIADDL": null, "FRIADDR": null, "TOIADDR": null, "ZIPL": null, "ZIPR": null, "Shape_len": 42.9526745079}, "geometry": {"type": "LineString", "coordinates": [[-66.0556504187333, 18.39790909531457], [-66.05530499723216, 18.39789399975298]]}}, {"id": "268852", "type": "Feature", "properties": {"ID": 30903.0, "RT": "1", "VERSION": 1006.0, "TLID": 206649856.0, "SIDE1": null, "SOURCE": "O", "FENAME": "Calle Humacao", "FETYPE": null, "CFCC": "A41", "FRADDL": "1109", "TOADDL": "1121", "FRADDR": "1114", "TOADDR": "1122", "FRIADDL": "1", "TOIADDL": "0", "FRIADDR": "1", "TOIADDR": "0", "ZIPL": "00925", "ZIPR": "00925", "Shape_len": 143.579066474}, "geometry": {"type": "LineString", "coordinates": [[-66.05471400144133, 18.399001999092352], [-66.05477200282705, 18.39898299707702], [-66.05489700056233, 18.398918996265696], [-66.05499499851214, 18.3987919965611], [-66.05530499723216, 18.39789399975298]]}}, {"id": "270613", "type": "Feature", "properties": {"ID": 30441.0, "RT": "1", "VERSION": 1006.0, "TLID": 206649267.0, "SIDE1": null, "SOURCE": "O", "FENAME": "Calle Margarita", "FETYPE": null, "CFCC": "A41", "FRADDL": "61", "TOADDL": "51", "FRADDR": "60", "TOADDR": "52", "FRIADDL": "0", "TOIADDL": "0", "FRIADDR": "0", "TOIADDR": "0", "ZIPL": "00925", "ZIPR": "00925", "Shape_len": 105.310048395}, "geometry": {"type": "LineString", "coordinates": [[-66.05525699914283, 18.399580002516288], [-66.05477100197915, 18.39948799696791], [-66.05428000184037, 18.399392002327787]]}}, {"id": "249016", "type": "Feature", "properties": {"ID": 12539.0, "RT": "1", "VERSION": 1006.0, "TLID": 206609527.0, "SIDE1": null, "SOURCE": "C", "FENAME": "Calle Margarita", "FETYPE": null, "CFCC": "A41", "FRADDL": null, "TOADDL": null, "FRADDR": null, "TOADDR": null, "FRIADDL": null, "TOIADDL": null, "FRIADDR": null, "TOIADDR": null, "ZIPL": null, "ZIPR": null, "Shape_len": 96.4734774185}, "geometry": {"type": "LineString", "coordinates": [[-66.05607003930798, 18.39974097385854], [-66.05525699914283, 18.399580002516288]]}}, {"id": "245628", "type": "Feature", "properties": {"ID": 12532.0, "RT": "1", "VERSION": 1006.0, "TLID": 206609516.0, "SIDE1": null, "SOURCE": "C", "FENAME": "Calle Manila", "FETYPE": null, "CFCC": "A41", "FRADDL": null, "TOADDL": null, "FRADDR": null, "TOADDR": null, "FRIADDL": null, "TOIADDL": null, "FRIADDR": null, "TOIADDR": null, "ZIPL": null, "ZIPR": null, "Shape_len": 57.7489786155}, "geometry": {"type": "LineString", "coordinates": [[-66.0551279980637, 18.40008700328043], [-66.05525699914283, 18.399580002516288]]}}, {"id": "254191", "type": "Feature", "properties": {"ID": 12740.0, "RT": "1", "VERSION": 1006.0, "TLID": 206609774.0, "SIDE1": null, "SOURCE": "J", "FENAME": "Calle del Carmen", "FETYPE": null, "CFCC": "A41", "FRADDL": null, "TOADDL": null, "FRADDR": null, "TOADDR": null, "FRIADDL": null, "TOIADDL": null, "FRIADDR": null, "TOIADDR": null, "ZIPL": null, "ZIPR": null, "Shape_len": 22.8698554993}, "geometry": {"type": "LineString", "coordinates": [[-66.05073934263383, 18.39861163007847], [-66.05079334647434, 18.398411543582117]]}}, {"id": "253652", "type": "Feature", "properties": {"ID": 19326.0, "RT": "1", "VERSION": 1006.0, "TLID": 206624846.0, "SIDE1": null, "SOURCE": "K", "FENAME": "Calle Jos\u00e9 de Diego", "FETYPE": null, "CFCC": "A41", "FRADDL": "91", "TOADDL": "99", "FRADDR": "68", "TOADDR": "74", "FRIADDL": "1", "TOIADDL": "0", "FRIADDR": "0", "TOIADDR": "1", "ZIPL": "925", "ZIPR": "925", "Shape_len": 85.5233675185}, "geometry": {"type": "LineString", "coordinates": [[-66.05073934263383, 18.39861163007847], [-66.05018600042833, 18.398463001823693], [-66.05011000134688, 18.398447363648273], [-66.05005446062, 18.3984554082908], [-66.05000342873991, 18.398505213926082], [-66.049976999678, 18.398512996892507]]}}, {"id": "257118", "type": "Feature", "properties": {"ID": 12691.0, "RT": "1", "VERSION": 1006.0, "TLID": 206609713.0, "SIDE1": null, "SOURCE": "J", "FENAME": "Calle Brumbaugh", "FETYPE": null, "CFCC": "A41", "FRADDL": null, "TOADDL": null, "FRADDR": null, "TOADDR": null, "FRIADDL": null, "TOIADDL": null, "FRIADDR": null, "TOIADDR": null, "ZIPL": null, "ZIPR": null, "Shape_len": 43.7643386371}, "geometry": {"type": "LineString", "coordinates": [[-66.05139019824666, 18.398786447327492], [-66.05150300214764, 18.398405998098116]]}}, {"id": "252627", "type": "Feature", "properties": {"ID": 19326.0, "RT": "1", "VERSION": 1006.0, "TLID": 206624846.0, "SIDE1": null, "SOURCE": "K", "FENAME": "Calle Jos\u00e9 de Diego", "FETYPE": null, "CFCC": "A41", "FRADDL": "87", "TOADDL": "91", "FRADDR": "64", "TOADDR": "68", "FRIADDL": "1", "TOIADDL": "1", "FRIADDR": "0", "TOIADDR": "0", "ZIPL": "925", "ZIPR": "925", "Shape_len": 71.4424021836}, "geometry": {"type": "LineString", "coordinates": [[-66.05139019824666, 18.398786447327492], [-66.05073934263383, 18.39861163007847]]}}, {"id": "249575", "type": "Feature", "properties": {"ID": 12703.0, "RT": "1", "VERSION": 1006.0, "TLID": 206609726.0, "SIDE1": null, "SOURCE": "C", "FENAME": "Calle Ferrocarril", "FETYPE": null, "CFCC": "A41", "FRADDL": null, "TOADDL": null, "FRADDR": null, "TOADDR": null, "FRIADDL": null, "TOIADDL": null, "FRIADDR": null, "TOIADDR": null, "ZIPL": null, "ZIPR": null, "Shape_len": 73.4065018661}, "geometry": {"type": "LineString", "coordinates": [[-66.04983700307025, 18.399155000135995], [-66.04999400121883, 18.398587001464133], [-66.049976999678, 18.398512996892507]]}}, {"id": "253036", "type": "Feature", "properties": {"ID": 12691.0, "RT": "1", "VERSION": 1006.0, "TLID": 206609713.0, "SIDE1": null, "SOURCE": "J", "FENAME": "Calle Brumbaugh", "FETYPE": null, "CFCC": "A41", "FRADDL": null, "TOADDL": null, "FRADDR": null, "TOADDR": null, "FRIADDL": null, "TOIADDL": null, "FRIADDR": null, "TOIADDR": null, "ZIPL": null, "ZIPR": null, "Shape_len": 41.5906005757}, "geometry": {"type": "LineString", "coordinates": [[-66.05128299997516, 18.399148000747], [-66.05139019824666, 18.398786447327492]]}}, {"id": "249431", "type": "Feature", "properties": {"ID": 12702.0, "RT": "1", "VERSION": 1006.0, "TLID": 206609725.0, "SIDE1": null, "SOURCE": "C", "FENAME": "Calle Brumbaugh", "FETYPE": null, "CFCC": "A41", "FRADDL": null, "TOADDL": null, "FRADDR": null, "TOADDR": null, "FRIADDL": null, "TOIADDL": null, "FRIADDR": null, "TOIADDR": null, "ZIPL": null, "ZIPR": null, "Shape_len": 31.4836881615}, "geometry": {"type": "LineString", "coordinates": [[-66.05120300197004, 18.399422001642126], [-66.05128299997516, 18.399148000747]]}}, {"id": "249076", "type": "Feature", "properties": {"ID": 12704.0, "RT": "1", "VERSION": 1006.0, "TLID": 206609727.0, "SIDE1": null, "SOURCE": "C", "FENAME": "Calle del Pilar", "FETYPE": null, "CFCC": "A41", "FRADDL": "55", "TOADDL": "65", "FRADDR": "62", "TOADDR": "64", "FRIADDL": "0", "TOIADDL": "0", "FRIADDR": "0", "TOIADDR": "0", "ZIPL": "00925", "ZIPR": "00925", "Shape_len": 147.331167323}, "geometry": {"type": "LineString", "coordinates": [[-66.05120300197004, 18.399422001642126], [-66.04983700307025, 18.399155000135995]]}}, {"id": "251690", "type": "Feature", "properties": {"ID": 12617.0, "RT": "1", "VERSION": 1006.0, "TLID": 206609632.0, "SIDE1": null, "SOURCE": "C", "FENAME": "Calle Ferrocarril", "FETYPE": null, "CFCC": "A41", "FRADDL": null, "TOADDL": null, "FRADDR": "1054", "TOADDR": "1056", "FRIADDL": null, "TOIADDL": null, "FRIADDR": "0", "TOIADDR": "0", "ZIPL": null, "ZIPR": "00925", "Shape_len": 67.6797129297}, "geometry": {"type": "LineString", "coordinates": [[-66.04968500252237, 18.399748996898513], [-66.04983700307025, 18.399155000135995]]}}, {"id": "248328", "type": "Feature", "properties": {"ID": 12615.0, "RT": "1", "VERSION": 1006.0, "TLID": 206609629.0, "SIDE1": null, "SOURCE": "C", "FENAME": "Calle Brumbaugh", "FETYPE": null, "CFCC": "A41", "FRADDL": "1049", "TOADDL": "1061", "FRADDR": null, "TOADDR": null, "FRIADDL": "0", "TOIADDL": "0", "FRIADDR": null, "TOIADDR": null, "ZIPL": "00925", "ZIPR": null, "Shape_len": 52.1720581373}, "geometry": {"type": "LineString", "coordinates": [[-66.05107799615811, 18.399878002364513], [-66.05120300197004, 18.399422001642126]]}}, {"id": "253842", "type": "Feature", "properties": {"ID": 20061.0, "RT": "1", "VERSION": 1006.0, "TLID": 206626488.0, "SIDE1": null, "SOURCE": "K", "FENAME": "Calle Gonz\u00e1lez", "FETYPE": null, "CFCC": "A41", "FRADDL": "1070", "TOADDL": "1060", "FRADDR": "1065", "TOADDR": "1061", "FRIADDL": "0", "TOIADDL": "0", "FRIADDR": "0", "TOIADDR": "0", "ZIPL": "00925", "ZIPR": "00925", "Shape_len": 94.7442124207}, "geometry": {"type": "LineString", "coordinates": [[-66.0530329996166, 18.39875000031075], [-66.05297200020885, 18.39960399956464]]}}, {"id": "249854", "type": "Feature", "properties": {"ID": 25970.0, "RT": "1", "VERSION": 1006.0, "TLID": 206640077.0, "SIDE1": null, "SOURCE": "C", "FENAME": "Calle Jos\u00e9 de Diego (PR-47)", "FETYPE": null, "CFCC": "A21", "FRADDL": null, "TOADDL": null, "FRADDR": null, "TOADDR": null, "FRIADDL": null, "TOIADDL": null, "FRIADDR": null, "TOIADDR": null, "ZIPL": null, "ZIPR": null, "Shape_len": 70.7514274876}, "geometry": {"type": "LineString", "coordinates": [[-66.05193100270225, 18.39930899913561], [-66.05128299997516, 18.399148000747]]}}, {"id": "246108", "type": "Feature", "properties": {"ID": 12540.0, "RT": "1", "VERSION": 1006.0, "TLID": 206609528.0, "SIDE1": null, "SOURCE": "C", "FENAME": "Calle Humacao", "FETYPE": null, "CFCC": "A41", "FRADDL": null, "TOADDL": null, "FRADDR": null, "TOADDR": null, "FRIADDL": null, "TOIADDL": null, "FRIADDR": null, "TOIADDR": null, "ZIPL": null, "ZIPR": null, "Shape_len": 28.2543789889}, "geometry": {"type": "LineString", "coordinates": [[-66.05428000184037, 18.399392002327787], [-66.0544120004447, 18.39917000354093]]}}, {"id": "254205", "type": "Feature", "properties": {"ID": 25969.0, "RT": "1", "VERSION": 1006.0, "TLID": 206640076.0, "SIDE1": null, "SOURCE": "C", "FENAME": "Calle Jos\u00e9 de Diego (PR-47)", "FETYPE": null, "CFCC": "A21", "FRADDL": null, "TOADDL": null, "FRADDR": null, "TOADDR": null, "FRIADDL": null, "TOIADDL": null, "FRIADDR": null, "TOIADDR": null, "ZIPL": null, "ZIPR": null, "Shape_len": 34.8862977389}, "geometry": {"type": "LineString", "coordinates": [[-66.05225337112, 18.399377081960033], [-66.05193100270225, 18.39930899913561]]}}, {"id": "253654", "type": "Feature", "properties": {"ID": 25969.0, "RT": "1", "VERSION": 1006.0, "TLID": 206640076.0, "SIDE1": null, "SOURCE": "C", "FENAME": "Calle Jos\u00e9 de Diego (PR-47)", "FETYPE": null, "CFCC": "A21", "FRADDL": null, "TOADDL": null, "FRADDR": null, "TOADDR": null, "FRIADDL": null, "TOIADDL": null, "FRIADDR": null, "TOIADDR": null, "ZIPL": null, "ZIPR": null, "Shape_len": 7.64333016034}, "geometry": {"type": "LineString", "coordinates": [[-66.05232399965625, 18.399391998489257], [-66.05225337112, 18.399377081960033]]}}, {"id": "251051", "type": "Feature", "properties": {"ID": 20064.0, "RT": "1", "VERSION": 1006.0, "TLID": 206626491.0, "SIDE1": null, "SOURCE": "K", "FENAME": "Calle Mej\u00eda", "FETYPE": null, "CFCC": "A41", "FRADDL": "22", "TOADDL": "24", "FRADDR": null, "TOADDR": null, "FRIADDL": "0", "TOIADDL": "0", "FRIADDR": null, "TOIADDR": null, "ZIPL": "00925", "ZIPR": null, "Shape_len": 39.6350407781}, "geometry": {"type": "LineString", "coordinates": [[-66.05352899908144, 18.399335997003504], [-66.05385799925081, 18.39950799817357]]}}, {"id": "250344", "type": "Feature", "properties": {"ID": 22182.0, "RT": "1", "VERSION": 1006.0, "TLID": 206631204.0, "SIDE1": null, "SOURCE": "C", "FENAME": "Ave Ponce de Le\u00f3n (PR-25)", "FETYPE": null, "CFCC": "A21", "FRADDL": null, "TOADDL": null, "FRADDR": "1074", "TOADDR": "1102", "FRIADDL": null, "TOIADDL": null, "FRIADDR": "1", "TOIADDR": "0", "ZIPL": null, "ZIPR": "00925", "Shape_len": 18.3677337203}, "geometry": {"type": "LineString", "coordinates": [[-66.05230800169551, 18.399557003306924], [-66.05231899787192, 18.39941200038218], [-66.05232399965625, 18.399391998489257]]}}, {"id": "251515", "type": "Feature", "properties": {"ID": 20062.0, "RT": "1", "VERSION": 1006.0, "TLID": 206626489.0, "SIDE1": null, "SOURCE": "C", "FENAME": "Calle Ram\u00edrez Pab\u00f3n", "FETYPE": null, "CFCC": "A41", "FRADDL": null, "TOADDL": null, "FRADDR": null, "TOADDR": null, "FRIADDL": null, "TOIADDL": null, "FRIADDR": null, "TOIADDR": null, "ZIPL": null, "ZIPR": null, "Shape_len": 37.2114979764}, "geometry": {"type": "LineString", "coordinates": [[-66.05336799691706, 18.399634999978925], [-66.05352899908144, 18.399335997003504]]}}, {"id": "247699", "type": "Feature", "properties": {"ID": 22183.0, "RT": "1", "VERSION": 1006.0, "TLID": 206631205.0, "SIDE1": null, "SOURCE": "L", "FENAME": "Callej\u00f3n Borinquen", "FETYPE": null, "CFCC": "A41", "FRADDL": null, "TOADDL": null, "FRADDR": null, "TOADDR": null, "FRIADDL": null, "TOIADDL": null, "FRIADDR": null, "TOIADDR": null, "ZIPL": null, "ZIPR": null, "Shape_len": 70.3531053632}, "geometry": {"type": "LineString", "coordinates": [[-66.05297200020885, 18.39960399956464], [-66.05230800169551, 18.399557003306924]]}}, {"id": "246202", "type": "Feature", "properties": {"ID": 12541.0, "RT": "1", "VERSION": 1006.0, "TLID": 206609530.0, "SIDE1": null, "SOURCE": "C", "FENAME": "Calle Borinque\u00f1a", "FETYPE": null, "CFCC": "A41", "FRADDL": null, "TOADDL": null, "FRADDR": null, "TOADDR": null, "FRIADDL": null, "TOIADDL": null, "FRIADDR": null, "TOIADDR": null, "ZIPL": null, "ZIPR": null, "Shape_len": 41.9829210705}, "geometry": {"type": "LineString", "coordinates": [[-66.05336799691706, 18.399634999978925], [-66.05297200020885, 18.39960399956464]]}}, {"id": "247213", "type": "Feature", "properties": {"ID": 12533.0, "RT": "1", "VERSION": 1006.0, "TLID": 206609519.0, "SIDE1": null, "SOURCE": "C", "FENAME": "Calle Humacao", "FETYPE": null, "CFCC": "A41", "FRADDL": "1063", "TOADDL": "1067", "FRADDR": null, "TOADDR": null, "FRIADDL": "0", "TOIADDL": "0", "FRIADDR": null, "TOIADDR": null, "ZIPL": "00925", "ZIPR": null, "Shape_len": 59.4708438488}, "geometry": {"type": "LineString", "coordinates": [[-66.05411100038036, 18.39990199788319], [-66.0541909981071, 18.399578997094032], [-66.05428000184037, 18.399392002327787]]}}, {"id": "246683", "type": "Feature", "properties": {"ID": 12537.0, "RT": "1", "VERSION": 1006.0, "TLID": 206609524.0, "SIDE1": null, "SOURCE": "C", "FENAME": "Calle Borinque\u00f1a", "FETYPE": null, "CFCC": "A41", "FRADDL": "15", "TOADDL": "13", "FRADDR": null, "TOADDR": null, "FRIADDL": "0", "TOIADDL": "0", "FRIADDR": null, "TOIADDR": null, "ZIPL": "00925", "ZIPR": null, "Shape_len": 30.5333776718}, "geometry": {"type": "LineString", "coordinates": [[-66.05363299828274, 18.399744997092565], [-66.05336799691706, 18.399634999978925]]}}, {"id": "248701", "type": "Feature", "properties": {"ID": 22181.0, "RT": "1", "VERSION": 1006.0, "TLID": 206631203.0, "SIDE1": null, "SOURCE": "C", "FENAME": "Ave Ponce de Le\u00f3n (PR-25)", "FETYPE": null, "CFCC": "A21", "FRADDL": null, "TOADDL": null, "FRADDR": "1058", "TOADDR": "1072", "FRIADDL": null, "TOIADDL": null, "FRIADDR": "1", "TOIADDR": "1", "ZIPL": null, "ZIPR": "00925", "Shape_len": 58.8145953798}, "geometry": {"type": "LineString", "coordinates": [[-66.05226800135814, 18.400086999642422], [-66.05230800169551, 18.399557003306924]]}}, {"id": "246146", "type": "Feature", "properties": {"ID": 12535.0, "RT": "1", "VERSION": 1006.0, "TLID": 206609522.0, "SIDE1": null, "SOURCE": "C", "FENAME": "Calle Borinque\u00f1a", "FETYPE": null, "CFCC": "A41", "FRADDL": "21", "TOADDL": "17", "FRADDR": "22", "TOADDR": "18", "FRIADDL": "0", "TOIADDL": "0", "FRIADDR": "0", "TOIADDR": "0", "ZIPL": "00925", "ZIPR": "00925", "Shape_len": 53.4132778371}, "geometry": {"type": "LineString", "coordinates": [[-66.05411100038036, 18.39990199788319], [-66.05363299828274, 18.399744997092565]]}}, {"id": "245816", "type": "Feature", "properties": {"ID": 22177.0, "RT": "1", "VERSION": 1006.0, "TLID": 206631198.0, "SIDE1": null, "SOURCE": "C", "FENAME": "Calle Gonz\u00e1lez", "FETYPE": null, "CFCC": "A41", "FRADDL": null, "TOADDL": null, "FRADDR": null, "TOADDR": null, "FRIADDL": null, "TOIADDL": null, "FRIADDR": null, "TOIADDR": null, "ZIPL": null, "ZIPR": null, "Shape_len": 55.2895391705}, "geometry": {"type": "LineString", "coordinates": [[-66.05297200020885, 18.39960399956464], [-66.05294800014508, 18.400102996330393]]}}, {"id": "245020", "type": "Feature", "properties": {"ID": 12534.0, "RT": "1", "VERSION": 1006.0, "TLID": 206609520.0, "SIDE1": null, "SOURCE": "C", "FENAME": "Calle Borinquen", "FETYPE": null, "CFCC": "A41", "FRADDL": null, "TOADDL": null, "FRADDR": "54", "TOADDR": "52", "FRIADDL": null, "TOIADDL": null, "FRIADDR": "0", "TOIADDR": "0", "ZIPL": null, "ZIPR": "00925", "Shape_len": 54.2194693371}, "geometry": {"type": "LineString", "coordinates": [[-66.05461500273529, 18.399993998182275], [-66.05411100038036, 18.39990199788319]]}}, {"id": "248740", "type": "Feature", "properties": {"ID": 22180.0, "RT": "1", "VERSION": 1006.0, "TLID": 206631202.0, "SIDE1": null, "SOURCE": "L", "FENAME": "Calle Blanco Romano", "FETYPE": null, "CFCC": "A41", "FRADDL": null, "TOADDL": null, "FRADDR": null, "TOADDR": null, "FRIADDL": null, "TOIADDL": null, "FRIADDR": null, "TOIADDR": null, "ZIPL": null, "ZIPR": null, "Shape_len": 71.872786642}, "geometry": {"type": "LineString", "coordinates": [[-66.05294800014508, 18.400102996330393], [-66.05226800135814, 18.400086999642422]]}}, {"id": "248700", "type": "Feature", "properties": {"ID": 22179.0, "RT": "1", "VERSION": 1006.0, "TLID": 206631200.0, "SIDE1": null, "SOURCE": "C", "FENAME": "Ave Ponce de Le\u00f3n (PR-25)", "FETYPE": null, "CFCC": "A21", "FRADDL": null, "TOADDL": null, "FRADDR": "1052", "TOADDR": "1056", "FRIADDL": null, "TOIADDL": null, "FRIADDR": "0", "TOIADDR": "1", "ZIPL": null, "ZIPR": "00925", "Shape_len": 4.20721834589}, "geometry": {"type": "LineString", "coordinates": [[-66.05226700051406, 18.400124998440003], [-66.05226800135814, 18.400086999642422]]}}, {"id": "245931", "type": "Feature", "properties": {"ID": 12538.0, "RT": "1", "VERSION": 1006.0, "TLID": 206609525.0, "SIDE1": null, "SOURCE": "C", "FENAME": "Calle Joaqu\u00edn L\u00f3pez L\u00f3pez", "FETYPE": null, "CFCC": "A41", "FRADDL": "1053", "TOADDL": "1057", "FRADDR": "1054", "TOADDR": "1058", "FRIADDL": "0", "TOIADDL": "0", "FRIADDR": "0", "TOIADDR": "0", "ZIPL": "00925", "ZIPR": "00925", "Shape_len": 85.5729779943}, "geometry": {"type": "LineString", "coordinates": [[-66.05344500242857, 18.400497001749358], [-66.05363299828274, 18.399744997092565]]}}, {"id": "246983", "type": "Feature", "properties": {"ID": 12551.0, "RT": "1", "VERSION": 1006.0, "TLID": 206609543.0, "SIDE1": null, "SOURCE": "C", "FENAME": "Ave Ponce de Le\u00f3n (PR-25)", "FETYPE": null, "CFCC": "A21", "FRADDL": null, "TOADDL": null, "FRADDR": null, "TOADDR": null, "FRIADDL": null, "TOIADDL": null, "FRIADDR": null, "TOIADDR": null, "ZIPL": null, "ZIPR": null, "Shape_len": 8.53311175715}, "geometry": {"type": "LineString", "coordinates": [[-66.05226300067469, 18.400201997625253], [-66.05226700051406, 18.400124998440003]]}}, {"id": "247357", "type": "Feature", "properties": {"ID": 12619.0, "RT": "1", "VERSION": 1006.0, "TLID": 206609634.0, "SIDE1": null, "SOURCE": "C", "FENAME": "Calle Robles", "FETYPE": null, "CFCC": "A41", "FRADDL": null, "TOADDL": null, "FRADDR": "104", "TOADDR": "110", "FRIADDL": null, "TOIADDL": null, "FRIADDR": "0", "TOIADDR": "0", "ZIPL": null, "ZIPR": "00925", "Shape_len": 127.723116229}, "geometry": {"type": "LineString", "coordinates": [[-66.04968500252237, 18.399748996898513], [-66.04847999572853, 18.399839999893654]]}}, {"id": "248020", "type": "Feature", "properties": {"ID": 12618.0, "RT": "1", "VERSION": 1006.0, "TLID": 206609633.0, "SIDE1": null, "SOURCE": "C", "FENAME": "Calle Robles", "FETYPE": null, "CFCC": "A41", "FRADDL": "53", "TOADDL": "67", "FRADDR": "60", "TOADDR": "68", "FRIADDL": "0", "TOIADDL": "0", "FRIADDR": "0", "TOIADDR": "0", "ZIPL": "00925", "ZIPR": "00925", "Shape_len": 129.514887241}, "geometry": {"type": "LineString", "coordinates": [[-66.05090500228799, 18.399861999536693], [-66.04968500252237, 18.399748996898513]]}}, {"id": "251896", "type": "Feature", "properties": {"ID": 17069.0, "RT": "1", "VERSION": 1006.0, "TLID": 206618276.0, "SIDE1": null, "SOURCE": "C", "FENAME": "Calle Robles", "FETYPE": null, "CFCC": "A41", "FRADDL": null, "TOADDL": null, "FRADDR": "112", "TOADDR": "116", "FRIADDL": null, "TOIADDL": null, "FRIADDR": "1", "TOIADDR": "1", "ZIPL": null, "ZIPR": "00925", "Shape_len": 60.8369028887}, "geometry": {"type": "LineString", "coordinates": [[-66.04847999572853, 18.399839999893654], [-66.04790599970366, 18.399882999922816]]}}, {"id": "248019", "type": "Feature", "properties": {"ID": 12616.0, "RT": "1", "VERSION": 1006.0, "TLID": 206609631.0, "SIDE1": null, "SOURCE": "C", "FENAME": "Calle Robles", "FETYPE": null, "CFCC": "A41", "FRADDL": "35", "TOADDL": "51", "FRADDR": "36", "TOADDR": "56", "FRIADDL": "0", "TOIADDL": "1", "FRIADDR": "0", "TOIADDR": "0", "ZIPL": "00925", "ZIPR": "00925", "Shape_len": 18.3647600434}, "geometry": {"type": "LineString", "coordinates": [[-66.05107799615811, 18.399878002364513], [-66.05090500228799, 18.399861999536693]]}}, {"id": "253593", "type": "Feature", "properties": {"ID": 25961.0, "RT": "1", "VERSION": 1006.0, "TLID": 206640063.0, "SIDE1": null, "SOURCE": "C", "FENAME": "Calle Robles", "FETYPE": null, "CFCC": "A41", "FRADDL": null, "TOADDL": null, "FRADDR": null, "TOADDR": null, "FRIADDL": null, "TOIADDL": null, "FRIADDR": null, "TOIADDR": null, "ZIPL": null, "ZIPR": null, "Shape_len": 83.3804526883}, "geometry": {"type": "LineString", "coordinates": [[-66.05186599623171, 18.39991799827554], [-66.05107799615811, 18.399878002364513]]}}, {"id": "249042", "type": "Feature", "properties": {"ID": 12609.0, "RT": "1", "VERSION": 1006.0, "TLID": 206609621.0, "SIDE1": null, "SOURCE": "C", "FENAME": "Calle Brumbaugh", "FETYPE": null, "CFCC": "A41", "FRADDL": null, "TOADDL": null, "FRADDR": null, "TOADDR": null, "FRIADDL": null, "TOIADDL": null, "FRIADDR": null, "TOIADDR": null, "ZIPL": null, "ZIPR": null, "Shape_len": 10.5748446268}, "geometry": {"type": "LineString", "coordinates": [[-66.0510510004248, 18.399970001161822], [-66.05107799615811, 18.399878002364513]]}}, {"id": "257145", "type": "Feature", "properties": {"ID": 28669.0, "RT": "1", "VERSION": 1006.0, "TLID": 206646939.0, "SIDE1": null, "SOURCE": null, "FENAME": "Calle Rosales", "FETYPE": null, "CFCC": "A41", "FRADDL": null, "TOADDL": null, "FRADDR": null, "TOADDR": null, "FRIADDL": null, "TOIADDL": null, "FRIADDR": null, "TOIADDR": null, "ZIPL": null, "ZIPR": null, "Shape_len": 17.4730537517}, "geometry": {"type": "LineString", "coordinates": [[-66.05117899743712, 18.400002998806514], [-66.05107799615811, 18.399878002364513]]}}, {"id": "250463", "type": "Feature", "properties": {"ID": 12612.0, "RT": "1", "VERSION": 1006.0, "TLID": 206609624.0, "SIDE1": null, "SOURCE": "C", "FENAME": "Calle Ferrocarril", "FETYPE": null, "CFCC": "A41", "FRADDL": null, "TOADDL": null, "FRADDR": null, "TOADDR": null, "FRIADDL": null, "TOIADDL": null, "FRIADDR": null, "TOIADDR": null, "ZIPL": null, "ZIPR": null, "Shape_len": 60.6823552552}, "geometry": {"type": "LineString", "coordinates": [[-66.04963899742064, 18.40022999642427], [-66.04958399957853, 18.400224999544996], [-66.04956300168857, 18.400174999345083], [-66.04968500252237, 18.399748996898513]]}}, {"id": "248766", "type": "Feature", "properties": {"ID": 12610.0, "RT": "1", "VERSION": 1006.0, "TLID": 206609622.0, "SIDE1": null, "SOURCE": "C", "FENAME": "Calle Brumbaugh", "FETYPE": null, "CFCC": "A41", "FRADDL": null, "TOADDL": null, "FRADDR": null, "TOADDR": null, "FRIADDL": null, "TOIADDL": null, "FRIADDR": null, "TOIADDR": null, "ZIPL": null, "ZIPR": null, "Shape_len": 43.9350296785}, "geometry": {"type": "LineString", "coordinates": [[-66.05093799618285, 18.40035199908587], [-66.0510510004248, 18.399970001161822]]}}, {"id": "249726", "type": "Feature", "properties": {"ID": 25330.0, "RT": "1", "VERSION": 1006.0, "TLID": 206637862.0, "SIDE1": null, "SOURCE": "C", "FENAME": "Calle Rosales", "FETYPE": null, "CFCC": "A41", "FRADDL": null, "TOADDL": null, "FRADDR": null, "TOADDR": null, "FRIADDL": null, "TOIADDL": null, "FRIADDR": null, "TOIADDR": null, "ZIPL": null, "ZIPR": null, "Shape_len": 55.1412249572}, "geometry": {"type": "LineString", "coordinates": [[-66.05149699964122, 18.400398002374363], [-66.05117899743712, 18.400002998806514]]}}, {"id": "249463", "type": "Feature", "properties": {"ID": 12680.0, "RT": "1", "VERSION": 1006.0, "TLID": 206609698.0, "SIDE1": null, "SOURCE": "C", "FENAME": "Calle Parque", "FETYPE": null, "CFCC": "A41", "FRADDL": "153", "TOADDL": "173", "FRADDR": "154", "TOADDR": "172", "FRIADDL": "0", "TOIADDL": "0", "FRIADDR": "0", "TOIADDR": "0", "ZIPL": "00925", "ZIPR": "00925", "Shape_len": 161.983400681}, "geometry": {"type": "LineString", "coordinates": [[-66.04754500089295, 18.399760000601997], [-66.04601199600151, 18.39976400082559]]}}, {"id": "249043", "type": "Feature", "properties": {"ID": 12627.0, "RT": "1", "VERSION": 1006.0, "TLID": 206609643.0, "SIDE1": null, "SOURCE": "C", "FENAME": "Calle Vallejo", "FETYPE": null, "CFCC": "A41", "FRADDL": null, "TOADDL": null, "FRADDR": null, "TOADDR": null, "FRIADDL": null, "TOIADDL": null, "FRIADDR": null, "TOIADDR": null, "ZIPL": null, "ZIPR": null, "Shape_len": 15.4215546149}, "geometry": {"type": "LineString", "coordinates": [[-66.0475350001314, 18.39989900170699], [-66.04754500089295, 18.399760000601997]]}}, {"id": "257285", "type": "Feature", "properties": {"ID": 26750.0, "RT": "1", "VERSION": 1006.0, "TLID": 206642292.0, "SIDE1": null, "SOURCE": "C", "FENAME": "Calle Robles", "FETYPE": null, "CFCC": "A41", "FRADDL": null, "TOADDL": null, "FRADDR": "120", "TOADDR": "122", "FRIADDL": null, "TOIADDL": null, "FRIADDR": "0", "TOIADDR": "1", "ZIPL": null, "ZIPR": "00925", "Shape_len": 10.7982887904}, "geometry": {"type": "LineString", "coordinates": [[-66.04790599970366, 18.399882999922816], [-66.04780399833604, 18.39988900357899]]}}, {"id": "254808", "type": "Feature", "properties": {"ID": 26751.0, "RT": "1", "VERSION": 1006.0, "TLID": 206642293.0, "SIDE1": null, "SOURCE": "C", "FENAME": "Calle Robles", "FETYPE": null, "CFCC": "A41", "FRADDL": null, "TOADDL": null, "FRADDR": "124", "TOADDR": "136", "FRIADDL": null, "TOIADDL": null, "FRIADDR": "1", "TOIADDR": "0", "ZIPL": null, "ZIPR": "00925", "Shape_len": 28.4448286875}, "geometry": {"type": "LineString", "coordinates": [[-66.04780399833604, 18.39988900357899], [-66.0475350001314, 18.39989900170699]]}}, {"id": "252162", "type": "Feature", "properties": {"ID": 12624.0, "RT": "1", "VERSION": 1006.0, "TLID": 206609640.0, "SIDE1": null, "SOURCE": "C", "FENAME": "Calle Robles", "FETYPE": null, "CFCC": "A41", "FRADDL": "153", "TOADDL": "155", "FRADDR": null, "TOADDR": null, "FRIADDL": "0", "TOIADDL": "0", "FRIADDR": null, "TOIADDR": null, "ZIPL": "00925", "ZIPR": null, "Shape_len": 49.5946555834}, "geometry": {"type": "LineString", "coordinates": [[-66.0475350001314, 18.39989900170699], [-66.04707699916598, 18.399996998969023]]}}, {"id": "252168", "type": "Feature", "properties": {"ID": 12639.0, "RT": "1", "VERSION": 1006.0, "TLID": 206609655.0, "SIDE1": null, "SOURCE": "C", "FENAME": "Calle Monse\u00f1or William Jones", "FETYPE": null, "CFCC": "A41", "FRADDL": null, "TOADDL": null, "FRADDR": "1038", "TOADDR": "1060", "FRIADDL": null, "TOIADDL": null, "FRIADDR": "0", "TOIADDR": "0", "ZIPL": null, "ZIPR": "00925", "Shape_len": 53.8629032312}, "geometry": {"type": "LineString", "coordinates": [[-66.04598599846702, 18.40025000083762], [-66.04601199600151, 18.39976400082559]]}}, {"id": "248833", "type": "Feature", "properties": {"ID": 12629.0, "RT": "1", "VERSION": 1006.0, "TLID": 206609645.0, "SIDE1": null, "SOURCE": "C", "FENAME": "Calle Robles", "FETYPE": null, "CFCC": "A41", "FRADDL": null, "TOADDL": null, "FRADDR": null, "TOADDR": null, "FRIADDL": null, "TOIADDL": null, "FRIADDR": null, "TOIADDR": null, "ZIPL": null, "ZIPR": null, "Shape_len": 39.0891008601}, "geometry": {"type": "LineString", "coordinates": [[-66.04707699916598, 18.399996998969023], [-66.04671899946037, 18.400085998502448]]}}, {"id": "247796", "type": "Feature", "properties": {"ID": 12632.0, "RT": "1", "VERSION": 1006.0, "TLID": 206609648.0, "SIDE1": null, "SOURCE": "C", "FENAME": "Calle Robles", "FETYPE": null, "CFCC": "A41", "FRADDL": "165", "TOADDL": "169", "FRADDR": "170", "TOADDR": "176", "FRIADDL": "0", "TOIADDL": "0", "FRIADDR": "0", "TOIADDR": "0", "ZIPL": "00925", "ZIPR": "00925", "Shape_len": 50.4639332321}, "geometry": {"type": "LineString", "coordinates": [[-66.04671899946037, 18.400085998502448], [-66.04625500168316, 18.40019400208324]]}}, {"id": "250283", "type": "Feature", "properties": {"ID": 12654.0, "RT": "1", "VERSION": 1006.0, "TLID": 206609671.0, "SIDE1": null, "SOURCE": "C", "FENAME": "Calle Vallejo", "FETYPE": null, "CFCC": "A41", "FRADDL": "1017", "TOADDL": "1021", "FRADDR": "1014", "TOADDR": "1024", "FRIADDL": "0", "TOIADDL": "0", "FRIADDR": "0", "TOIADDR": "0", "ZIPL": "00925", "ZIPR": "00925", "Shape_len": 69.6001613691}, "geometry": {"type": "LineString", "coordinates": [[-66.04758499675984, 18.400526001859102], [-66.0475350001314, 18.39989900170699]]}}, {"id": "251431", "type": "Feature", "properties": {"ID": 12635.0, "RT": "1", "VERSION": 1006.0, "TLID": 206609651.0, "SIDE1": null, "SOURCE": "C", "FENAME": "Calle Robles", "FETYPE": null, "CFCC": "A41", "FRADDL": null, "TOADDL": null, "FRADDR": null, "TOADDR": null, "FRIADDL": null, "TOIADDL": null, "FRIADDR": null, "TOIADDR": null, "ZIPL": null, "ZIPR": null, "Shape_len": 29.0917258211}, "geometry": {"type": "LineString", "coordinates": [[-66.04625500168316, 18.40019400208324], [-66.04598599846702, 18.40025000083762]]}}, {"id": "266141", "type": "Feature", "properties": {"ID": 30439.0, "RT": "1", "VERSION": 1006.0, "TLID": 206649265.0, "SIDE1": null, "SOURCE": "O", "FENAME": "Calle Borinquen", "FETYPE": null, "CFCC": "A41", "FRADDL": null, "TOADDL": null, "FRADDR": "60", "TOADDR": "58", "FRIADDL": null, "TOIADDL": null, "FRIADDR": "0", "TOIADDR": "1", "ZIPL": null, "ZIPR": "00925", "Shape_len": 55.1755276322}, "geometry": {"type": "LineString", "coordinates": [[-66.0551279980637, 18.40008700328043], [-66.05477000117862, 18.400024001145127], [-66.05461500273529, 18.399993998182275]]}}, {"id": "257087", "type": "Feature", "properties": {"ID": 17825.0, "RT": "1", "VERSION": 1006.0, "TLID": 206620803.0, "SIDE1": null, "SOURCE": "J", "FENAME": "Calle Borinquen", "FETYPE": null, "CFCC": "A41", "FRADDL": "103", "TOADDL": "101", "FRADDR": null, "TOADDR": null, "FRIADDL": "0", "TOIADDL": "0", "FRIADDR": null, "TOIADDR": null, "ZIPL": "00925", "ZIPR": null, "Shape_len": 51.2519454726}, "geometry": {"type": "LineString", "coordinates": [[-66.05560499988313, 18.40017100082795], [-66.0551279980637, 18.40008700328043]]}}, {"id": "271359", "type": "Feature", "properties": {"ID": 31049.0, "RT": "1", "VERSION": 1006.0, "TLID": 206650031.0, "SIDE1": null, "SOURCE": "O", "FENAME": "Calle Borinquen", "FETYPE": null, "CFCC": "A41", "FRADDL": "103", "TOADDL": "101", "FRADDR": null, "TOADDR": null, "FRIADDL": "0", "TOIADDL": "0", "FRIADDR": null, "TOIADDR": null, "ZIPL": "00925", "ZIPR": null, "Shape_len": 63.671050065}, "geometry": {"type": "LineString", "coordinates": [[-66.056113523082, 18.400138536268358], [-66.05607599975012, 18.400141999434478], [-66.05560499988313, 18.40017100082795]]}}, {"id": "242623", "type": "Feature", "properties": {"ID": 12509.0, "RT": "1", "VERSION": 1006.0, "TLID": 206609488.0, "SIDE1": null, "SOURCE": "C", "FENAME": "Calle Manila", "FETYPE": null, "CFCC": "A41", "FRADDL": "1051", "TOADDL": "1057", "FRADDR": "1050", "TOADDR": "1056", "FRIADDL": "0", "TOIADDL": "0", "FRIADDR": "0", "TOIADDR": "0", "ZIPL": "00925", "ZIPR": "00925", "Shape_len": 84.349232909}, "geometry": {"type": "LineString", "coordinates": [[-66.05494600460673, 18.400829001727317], [-66.0551279980637, 18.40008700328043]]}}, {"id": "248610", "type": "Feature", "properties": {"ID": 22178.0, "RT": "1", "VERSION": 1006.0, "TLID": 206631199.0, "SIDE1": null, "SOURCE": "C", "FENAME": "Calle Gonz\u00e1lez", "FETYPE": null, "CFCC": "A41", "FRADDL": "1056", "TOADDL": "1054", "FRADDR": null, "TOADDR": null, "FRIADDL": "1", "TOIADDL": "0", "FRIADDR": null, "TOIADDR": null, "ZIPL": "00925", "ZIPR": null, "Shape_len": 17.3938365268}, "geometry": {"type": "LineString", "coordinates": [[-66.05294800014508, 18.400102996330393], [-66.05294099960221, 18.40026000164485]]}}, {"id": "247768", "type": "Feature", "properties": {"ID": 12518.0, "RT": "1", "VERSION": 1006.0, "TLID": 206609499.0, "SIDE1": null, "SOURCE": "C", "FENAME": "Calle Humacao", "FETYPE": null, "CFCC": "A41", "FRADDL": "1051", "TOADDL": "1057", "FRADDR": "1052", "TOADDR": "1058", "FRIADDL": "0", "TOIADDL": "0", "FRIADDR": "0", "TOIADDR": "0", "ZIPL": "00925", "ZIPR": "00925", "Shape_len": 78.0669642321}, "geometry": {"type": "LineString", "coordinates": [[-66.05393499800088, 18.400587002005683], [-66.05411100038036, 18.39990199788319]]}}, {"id": "248083", "type": "Feature", "properties": {"ID": 12613.0, "RT": "1", "VERSION": 1006.0, "TLID": 206609625.0, "SIDE1": null, "SOURCE": "C", "FENAME": "Ave Ponce de Le\u00f3n (PR-25)", "FETYPE": null, "CFCC": "A21", "FRADDL": null, "TOADDL": null, "FRADDR": null, "TOADDR": null, "FRIADDL": null, "TOIADDL": null, "FRIADDR": null, "TOIADDR": null, "ZIPL": null, "ZIPR": null, "Shape_len": 28.2405034431}, "geometry": {"type": "LineString", "coordinates": [[-66.05225399907901, 18.400456996347582], [-66.05226300067469, 18.400201997625253]]}}, {"id": "247171", "type": "Feature", "properties": {"ID": 12515.0, "RT": "1", "VERSION": 1006.0, "TLID": 206609495.0, "SIDE1": null, "SOURCE": "C", "FENAME": "Calle Madrid", "FETYPE": null, "CFCC": "A41", "FRADDL": "1055", "TOADDL": "1059", "FRADDR": "1050", "TOADDR": "1058", "FRIADDL": "0", "TOIADDL": "0", "FRIADDR": "0", "TOIADDR": "0", "ZIPL": "00925", "ZIPR": "00925", "Shape_len": 81.4274748065}, "geometry": {"type": "LineString", "coordinates": [[-66.05443800284087, 18.400710000588624], [-66.05461500273529, 18.399993998182275]]}}, {"id": "248862", "type": "Feature", "properties": {"ID": 12550.0, "RT": "1", "VERSION": 1006.0, "TLID": 206609542.0, "SIDE1": null, "SOURCE": "C", "FENAME": "Calle Gonz\u00e1lez", "FETYPE": null, "CFCC": "A41", "FRADDL": null, "TOADDL": null, "FRADDR": null, "TOADDR": null, "FRIADDL": null, "TOIADDL": null, "FRIADDR": null, "TOIADDR": null, "ZIPL": null, "ZIPR": null, "Shape_len": 22.4885849666}, "geometry": {"type": "LineString", "coordinates": [[-66.05294099960221, 18.40026000164485], [-66.05293200048044, 18.40046299676016]]}}, {"id": "257563", "type": "Feature", "properties": {"ID": 12614.0, "RT": "1", "VERSION": 1006.0, "TLID": 206609627.0, "SIDE1": null, "SOURCE": "C", "FENAME": "Calle Salda\u00f1a", "FETYPE": null, "CFCC": "A41", "FRADDL": "3", "TOADDL": "7", "FRADDR": null, "TOADDR": null, "FRIADDL": "0", "TOIADDL": "0", "FRIADDR": null, "TOIADDR": null, "ZIPL": "00925", "ZIPR": null, "Shape_len": 51.5066669107}, "geometry": {"type": "LineString", "coordinates": [[-66.05198284412086, 18.40043586652187], [-66.05149699964122, 18.400398002374363]]}}, {"id": "258184", "type": "Feature", "properties": {"ID": 12614.0, "RT": "1", "VERSION": 1006.0, "TLID": 206609627.0, "SIDE1": null, "SOURCE": "C", "FENAME": "Calle Salda\u00f1a", "FETYPE": null, "CFCC": "A41", "FRADDL": "1", "TOADDL": "3", "FRADDR": null, "TOADDR": null, "FRIADDL": "0", "TOIADDL": "0", "FRIADDR": null, "TOIADDR": null, "ZIPL": "00925", "ZIPR": null, "Shape_len": 28.7463893667}, "geometry": {"type": "LineString", "coordinates": [[-66.05225399907901, 18.400456996347582], [-66.05198284412086, 18.40043586652187]]}}, {"id": "248991", "type": "Feature", "properties": {"ID": 12536.0, "RT": "1", "VERSION": 1006.0, "TLID": 206609523.0, "SIDE1": null, "SOURCE": "C", "FENAME": "Calle Jorge Romany", "FETYPE": null, "CFCC": "A41", "FRADDL": null, "TOADDL": null, "FRADDR": "14", "TOADDR": "12", "FRIADDL": null, "TOIADDL": null, "FRIADDR": "0", "TOIADDR": "0", "ZIPL": null, "ZIPR": "00925", "Shape_len": 54.3359200097}, "geometry": {"type": "LineString", "coordinates": [[-66.05344500242857, 18.400497001749358], [-66.05293200048044, 18.40046299676016]]}}, {"id": "244835", "type": "Feature", "properties": {"ID": 12516.0, "RT": "1", "VERSION": 1006.0, "TLID": 206609496.0, "SIDE1": null, "SOURCE": "C", "FENAME": "Calle Jorge Romany", "FETYPE": null, "CFCC": "A41", "FRADDL": "19", "TOADDL": "15", "FRADDR": "20", "TOADDR": "16", "FRIADDL": "0", "TOIADDL": "0", "FRIADDR": "0", "TOIADDR": "0", "ZIPL": "00925", "ZIPR": "00925", "Shape_len": 52.7240860849}, "geometry": {"type": "LineString", "coordinates": [[-66.05393499800088, 18.400587002005683], [-66.05344500242857, 18.400497001749358]]}}, {"id": "245019", "type": "Feature", "properties": {"ID": 12513.0, "RT": "1", "VERSION": 1006.0, "TLID": 206609493.0, "SIDE1": null, "SOURCE": "C", "FENAME": "Calle Jorge Romany", "FETYPE": null, "CFCC": "A41", "FRADDL": "55", "TOADDL": "51", "FRADDR": "54", "TOADDR": "50", "FRIADDL": "0", "TOIADDL": "0", "FRIADDR": "0", "TOIADDR": "0", "ZIPL": "00925", "ZIPR": "00925", "Shape_len": 54.8649430913}, "geometry": {"type": "LineString", "coordinates": [[-66.05443800284087, 18.400710000588624], [-66.05393499800088, 18.400587002005683]]}}, {"id": "248865", "type": "Feature", "properties": {"ID": 12611.0, "RT": "1", "VERSION": 1006.0, "TLID": 206609623.0, "SIDE1": null, "SOURCE": "C", "FENAME": "Calle Norte", "FETYPE": null, "CFCC": "A41", "FRADDL": null, "TOADDL": null, "FRADDR": "54", "TOADDR": "70", "FRIADDL": null, "TOIADDL": null, "FRIADDR": "0", "TOIADDR": "0", "ZIPL": null, "ZIPR": "00925", "Shape_len": 137.919134431}, "geometry": {"type": "LineString", "coordinates": [[-66.05093799618285, 18.40035199908587], [-66.04963899742064, 18.40022999642427]]}}, {"id": "249267", "type": "Feature", "properties": {"ID": 12604.0, "RT": "1", "VERSION": 1006.0, "TLID": 206609616.0, "SIDE1": null, "SOURCE": "C", "FENAME": null, "FETYPE": null, "CFCC": "A41", "FRADDL": null, "TOADDL": null, "FRADDR": null, "TOADDR": null, "FRIADDL": null, "TOIADDL": null, "FRIADDR": null, "TOIADDR": null, "ZIPL": null, "ZIPR": null, "Shape_len": 143.378937518}, "geometry": {"type": "LineString", "coordinates": [[-66.04832307875067, 18.40095065212939], [-66.0484950006292, 18.40095100163791], [-66.04854800127578, 18.400889999169106], [-66.04847999572853, 18.399839999893654]]}}, {"id": "249292", "type": "Feature", "properties": {"ID": 12608.0, "RT": "1", "VERSION": 1006.0, "TLID": 206609620.0, "SIDE1": null, "SOURCE": "C", "FENAME": "Calle Brumbaugh", "FETYPE": null, "CFCC": "A41", "FRADDL": null, "TOADDL": null, "FRADDR": "1010", "TOADDR": "1014", "FRIADDL": null, "TOIADDL": null, "FRIADDR": "0", "TOIADDR": "0", "ZIPL": null, "ZIPR": "00925", "Shape_len": 54.6611587112}, "geometry": {"type": "LineString", "coordinates": [[-66.0508080015758, 18.4008299981128], [-66.05093799618285, 18.40035199908587]]}}, {"id": "250383", "type": "Feature", "properties": {"ID": 0.0, "RT": null, "VERSION": 0.0, "TLID": 0.0, "SIDE1": null, "SOURCE": null, "FENAME": null, "FETYPE": null, "CFCC": "A72", "FRADDL": null, "TOADDL": null, "FRADDR": null, "TOADDR": null, "FRIADDL": null, "TOIADDL": null, "FRIADDR": null, "TOIADDR": null, "ZIPL": null, "ZIPR": null, "Shape_len": 32.4166565946}, "geometry": {"type": "LineString", "coordinates": [[-66.0508080015758, 18.4008299981128], [-66.05073037602281, 18.40111334172164]]}}, {"id": "254459", "type": "Feature", "properties": {"ID": 25029.0, "RT": "1", "VERSION": 1006.0, "TLID": 206637201.0, "SIDE1": null, "SOURCE": "N", "FENAME": "Avenida Dr Jos\u00e9 N G\u00e1ndara", "FETYPE": null, "CFCC": "A41", "FRADDL": null, "TOADDL": null, "FRADDR": null, "TOADDR": null, "FRIADDL": null, "TOIADDL": null, "FRIADDR": null, "TOIADDR": null, "ZIPL": null, "ZIPR": null, "Shape_len": 8.81368734696}, "geometry": {"type": "LineString", "coordinates": [[-66.05073037602281, 18.40111334172164], [-66.05064699871095, 18.401111000753296]]}}, {"id": "261439", "type": "Feature", "properties": {"ID": 25029.0, "RT": "1", "VERSION": 1006.0, "TLID": 206637201.0, "SIDE1": null, "SOURCE": "N", "FENAME": "Avenida Dr Jos\u00e9 N G\u00e1ndara", "FETYPE": null, "CFCC": "A41", "FRADDL": null, "TOADDL": null, "FRADDR": null, "TOADDR": null, "FRIADDL": null, "TOIADDL": null, "FRIADDR": null, "TOIADDR": null, "ZIPL": null, "ZIPR": null, "Shape_len": 119.888702237}, "geometry": {"type": "LineString", "coordinates": [[-66.05184000097948, 18.401311999170545], [-66.05146018356884, 18.40119904079064], [-66.05119432986307, 18.40115212819536], [-66.05095504447054, 18.401119664058054], [-66.05073037602281, 18.40111334172164]]}}, {"id": "252507", "type": "Feature", "properties": {"ID": 17067.0, "RT": "1", "VERSION": 1006.0, "TLID": 206618274.0, "SIDE1": null, "SOURCE": "J", "FENAME": "Avenida Dr Jos\u00e9 N G\u00e1ndara", "FETYPE": null, "CFCC": "A41", "FRADDL": null, "TOADDL": null, "FRADDR": null, "TOADDR": null, "FRIADDL": null, "TOIADDL": null, "FRIADDR": null, "TOIADDR": null, "ZIPL": null, "ZIPR": null, "Shape_len": 261.300523658}, "geometry": {"type": "LineString", "coordinates": [[-66.05064699871095, 18.401111000753296], [-66.05036285112081, 18.401131547721253], [-66.04819000378103, 18.40137699821197]]}}, {"id": "250562", "type": "Feature", "properties": {"ID": 0.0, "RT": null, "VERSION": 0.0, "TLID": 0.0, "SIDE1": null, "SOURCE": null, "FENAME": null, "FETYPE": null, "CFCC": "A72", "FRADDL": null, "TOADDL": null, "FRADDR": null, "TOADDR": null, "FRIADDL": null, "TOIADDL": null, "FRIADDR": null, "TOIADDR": null, "ZIPL": null, "ZIPR": null, "Shape_len": 31.1595943075}, "geometry": {"type": "LineString", "coordinates": [[-66.05073037602281, 18.40111334172164], [-66.05065576114315, 18.401385697891282]]}}, {"id": "249036", "type": "Feature", "properties": {"ID": 12595.0, "RT": "1", "VERSION": 1006.0, "TLID": 206609607.0, "SIDE1": null, "SOURCE": "C", "FENAME": null, "FETYPE": null, "CFCC": "A41", "FRADDL": null, "TOADDL": null, "FRADDR": null, "TOADDR": null, "FRIADDL": null, "TOIADDL": null, "FRIADDR": null, "TOIADDR": null, "ZIPL": null, "ZIPR": null, "Shape_len": 55.7092062917}, "geometry": {"type": "LineString", "coordinates": [[-66.04837699924086, 18.401814997336995], [-66.04826534985165, 18.40173126115628], [-66.04821621103264, 18.40164841023692], [-66.04819000378103, 18.40137699821197]]}}, {"id": "255268", "type": "Feature", "properties": {"ID": 0.0, "RT": null, "VERSION": 0.0, "TLID": 0.0, "SIDE1": null, "SOURCE": null, "FENAME": null, "FETYPE": null, "CFCC": "A74", "FRADDL": null, "TOADDL": null, "FRADDR": null, "TOADDR": null, "FRIADDL": null, "TOIADDL": null, "FRIADDR": null, "TOIADDR": null, "ZIPL": null, "ZIPR": null, "Shape_len": 36.1442309677}, "geometry": {"type": "LineString", "coordinates": [[-66.04897765934916, 18.401786088320407], [-66.04899991613436, 18.401460229329246]]}}, {"id": "253194", "type": "Feature", "properties": {"ID": 17071.0, "RT": "1", "VERSION": 1006.0, "TLID": 206618281.0, "SIDE1": null, "SOURCE": "C", "FENAME": "Calle Robles", "FETYPE": null, "CFCC": "A41", "FRADDL": "215", "TOADDL": "251", "FRADDR": null, "TOADDR": null, "FRIADDL": "0", "TOIADDL": "0", "FRIADDR": null, "TOIADDR": null, "ZIPL": "00925", "ZIPR": null, "Shape_len": 51.0472683717}, "geometry": {"type": "LineString", "coordinates": [[-66.04500499657462, 18.400243000417476], [-66.04452199759099, 18.40023299997601]]}}, {"id": "252965", "type": "Feature", "properties": {"ID": 17070.0, "RT": "1", "VERSION": 1006.0, "TLID": 206618280.0, "SIDE1": null, "SOURCE": "C", "FENAME": "Calle Robles", "FETYPE": null, "CFCC": "A41", "FRADDL": null, "TOADDL": null, "FRADDR": null, "TOADDR": null, "FRIADDL": null, "TOIADDL": null, "FRIADDR": null, "TOIADDR": null, "ZIPL": null, "ZIPR": null, "Shape_len": 52.3064709087}, "geometry": {"type": "LineString", "coordinates": [[-66.04549999860106, 18.400247998819534], [-66.04500499657462, 18.400243000417476]]}}, {"id": "250433", "type": "Feature", "properties": {"ID": 12620.0, "RT": "1", "VERSION": 1006.0, "TLID": 206609636.0, "SIDE1": null, "SOURCE": "C", "FENAME": "Calle Robles", "FETYPE": null, "CFCC": "A41", "FRADDL": null, "TOADDL": null, "FRADDR": null, "TOADDR": null, "FRIADDL": null, "TOIADDL": null, "FRIADDR": null, "TOIADDR": null, "ZIPL": null, "ZIPR": null, "Shape_len": 51.3528241064}, "geometry": {"type": "LineString", "coordinates": [[-66.04598599846702, 18.40025000083762], [-66.04549999860106, 18.400247998819534]]}}, {"id": "248619", "type": "Feature", "properties": {"ID": 12655.0, "RT": "1", "VERSION": 1006.0, "TLID": 206609672.0, "SIDE1": null, "SOURCE": "C", "FENAME": "Calle 3", "FETYPE": null, "CFCC": "A41", "FRADDL": "1017", "TOADDL": "1023", "FRADDR": "1018", "TOADDR": "1020", "FRIADDL": "0", "TOIADDL": "0", "FRIADDR": "0", "TOIADDR": "0", "ZIPL": "00925", "ZIPR": "00925", "Shape_len": 70.3758580643}, "geometry": {"type": "LineString", "coordinates": [[-66.0472419992995, 18.400613001534474], [-66.04707699916598, 18.399996998969023]]}}, {"id": "249387", "type": "Feature", "properties": {"ID": 12657.0, "RT": "1", "VERSION": 1006.0, "TLID": 206609674.0, "SIDE1": null, "SOURCE": "C", "FENAME": "Calle 4", "FETYPE": null, "CFCC": "A41", "FRADDL": "1021", "TOADDL": "1025", "FRADDR": "1018", "TOADDR": "1024", "FRIADDL": "0", "TOIADDL": "0", "FRIADDR": "0", "TOIADDR": "0", "ZIPL": "00925", "ZIPR": "00925", "Shape_len": 70.9986589821}, "geometry": {"type": "LineString", "coordinates": [[-66.04687900011865, 18.40070899679154], [-66.04671899946037, 18.400085998502448]]}}, {"id": "249371", "type": "Feature", "properties": {"ID": 12602.0, "RT": "1", "VERSION": 1006.0, "TLID": 206609614.0, "SIDE1": null, "SOURCE": "C", "FENAME": "Calle 2", "FETYPE": null, "CFCC": "A41", "FRADDL": null, "TOADDL": null, "FRADDR": null, "TOADDR": null, "FRIADDL": null, "TOIADDL": null, "FRIADDR": null, "TOIADDR": null, "ZIPL": null, "ZIPR": null, "Shape_len": 120.861813613}, "geometry": {"type": "LineString", "coordinates": [[-66.04798399979218, 18.400963000173903], [-66.04789499885655, 18.400664996622865], [-66.04790599970366, 18.399882999922816]]}}, {"id": "257714", "type": "Feature", "properties": {"ID": 28673.0, "RT": "1", "VERSION": 1006.0, "TLID": 206646943.0, "SIDE1": null, "SOURCE": null, "FENAME": null, "FETYPE": null, "CFCC": "A41", "FRADDL": null, "TOADDL": null, "FRADDR": null, "TOADDR": null, "FRIADDL": null, "TOIADDL": null, "FRIADDR": null, "TOIADDR": null, "ZIPL": null, "ZIPR": null, "Shape_len": 125.928469823}, "geometry": {"type": "LineString", "coordinates": [[-66.04780399833604, 18.39988900357899], [-66.04781899648808, 18.40069900041817], [-66.04790000087253, 18.400924997769852], [-66.04798399979218, 18.400963000173903]]}}, {"id": "249486", "type": "Feature", "properties": {"ID": 12659.0, "RT": "1", "VERSION": 1006.0, "TLID": 206609676.0, "SIDE1": null, "SOURCE": "C", "FENAME": "Calle 5", "FETYPE": null, "CFCC": "A41", "FRADDL": "1019", "TOADDL": "1021", "FRADDR": null, "TOADDR": null, "FRIADDL": "0", "TOIADDL": "0", "FRIADDR": null, "TOIADDR": null, "ZIPL": "00925", "ZIPR": null, "Shape_len": 70.4827920413}, "geometry": {"type": "LineString", "coordinates": [[-66.04642000163244, 18.40081100186757], [-66.04625500168316, 18.40019400208324]]}}, {"id": "247904", "type": "Feature", "properties": {"ID": 12665.0, "RT": "1", "VERSION": 1006.0, "TLID": 206609682.0, "SIDE1": null, "SOURCE": "C", "FENAME": "Calle 7", "FETYPE": null, "CFCC": "A41", "FRADDL": "1019", "TOADDL": "1025", "FRADDR": "1016", "TOADDR": "1018", "FRIADDL": "0", "TOIADDL": "0", "FRIADDR": "0", "TOIADDR": "0", "ZIPL": "00925", "ZIPR": "00925", "Shape_len": 71.8346876647}, "geometry": {"type": "LineString", "coordinates": [[-66.04500200087648, 18.40089199639216], [-66.04500499657462, 18.400243000417476]]}}, {"id": "248729", "type": "Feature", "properties": {"ID": 12656.0, "RT": "1", "VERSION": 1006.0, "TLID": 206609673.0, "SIDE1": null, "SOURCE": "C", "FENAME": "Calle Capetillo", "FETYPE": null, "CFCC": "A41", "FRADDL": "153", "TOADDL": "155", "FRADDR": null, "TOADDR": null, "FRIADDL": "0", "TOIADDL": "0", "FRIADDR": null, "TOIADDR": null, "ZIPL": "00925", "ZIPR": null, "Shape_len": 37.4996438656}, "geometry": {"type": "LineString", "coordinates": [[-66.04758499675984, 18.400526001859102], [-66.0472419992995, 18.400613001534474]]}}, {"id": "248334", "type": "Feature", "properties": {"ID": 12644.0, "RT": "1", "VERSION": 1006.0, "TLID": 206609660.0, "SIDE1": null, "SOURCE": "C", "FENAME": "Calle Robles", "FETYPE": null, "CFCC": "A41", "FRADDL": "255", "TOADDL": "257", "FRADDR": null, "TOADDR": null, "FRIADDL": "0", "TOIADDL": "0", "FRIADDR": null, "TOIADDR": null, "ZIPL": "00925", "ZIPR": null, "Shape_len": 50.413222977}, "geometry": {"type": "LineString", "coordinates": [[-66.04452199759099, 18.40023299997601], [-66.0440450007647, 18.40022299604385]]}}, {"id": "248335", "type": "Feature", "properties": {"ID": 12669.0, "RT": "1", "VERSION": 1006.0, "TLID": 206609686.0, "SIDE1": null, "SOURCE": "C", "FENAME": "Calle 9", "FETYPE": null, "CFCC": "A41", "FRADDL": "1015", "TOADDL": "1017", "FRADDR": "1020", "TOADDR": "1022", "FRIADDL": "0", "TOIADDL": "0", "FRIADDR": "0", "TOIADDR": "0", "ZIPL": "00925", "ZIPR": "00925", "Shape_len": 73.499926657}, "geometry": {"type": "LineString", "coordinates": [[-66.04403700417235, 18.400886999315674], [-66.0440450007647, 18.40022299604385]]}}, {"id": "251433", "type": "Feature", "properties": {"ID": 12667.0, "RT": "1", "VERSION": 1006.0, "TLID": 206609684.0, "SIDE1": null, "SOURCE": "C", "FENAME": "Calle 8", "FETYPE": null, "CFCC": "A41", "FRADDL": "1011", "TOADDL": "1017", "FRADDR": "1010", "TOADDR": "1018", "FRIADDL": "0", "TOIADDL": "0", "FRIADDR": "0", "TOIADDR": "0", "ZIPL": "00925", "ZIPR": "00925", "Shape_len": 72.6221382085}, "geometry": {"type": "LineString", "coordinates": [[-66.04450899802525, 18.400888999233594], [-66.04452199759099, 18.40023299997601]]}}, {"id": "249427", "type": "Feature", "properties": {"ID": 12663.0, "RT": "1", "VERSION": 1006.0, "TLID": 206609680.0, "SIDE1": null, "SOURCE": "C", "FENAME": "Calle 6", "FETYPE": null, "CFCC": "A41", "FRADDL": "1023", "TOADDL": "1025", "FRADDR": "1020", "TOADDR": "1024", "FRIADDL": "0", "TOIADDL": "0", "FRIADDR": "0", "TOIADDR": "0", "ZIPL": "00925", "ZIPR": "00925", "Shape_len": 72.1777065857}, "geometry": {"type": "LineString", "coordinates": [[-66.04548800341146, 18.400899999607166], [-66.04549999860106, 18.400247998819534]]}}, {"id": "250156", "type": "Feature", "properties": {"ID": 12661.0, "RT": "1", "VERSION": 1006.0, "TLID": 206609678.0, "SIDE1": null, "SOURCE": "C", "FENAME": "Calle Monse\u00f1or William Jones", "FETYPE": null, "CFCC": "A41", "FRADDL": "1023", "TOADDL": "1025", "FRADDR": null, "TOADDR": null, "FRIADDL": "0", "TOIADDL": "0", "FRIADDR": null, "TOIADDR": null, "ZIPL": "00925", "ZIPR": null, "Shape_len": 71.7459530138}, "geometry": {"type": "LineString", "coordinates": [[-66.04600299960168, 18.40089799821001], [-66.04598599846702, 18.40025000083762]]}}, {"id": "249239", "type": "Feature", "properties": {"ID": 12658.0, "RT": "1", "VERSION": 1006.0, "TLID": 206609675.0, "SIDE1": null, "SOURCE": "C", "FENAME": "Calle Capetillo", "FETYPE": null, "CFCC": "A41", "FRADDL": null, "TOADDL": null, "FRADDR": null, "TOADDR": null, "FRIADDL": null, "TOIADDL": null, "FRIADDR": null, "TOIADDR": null, "ZIPL": null, "ZIPR": null, "Shape_len": 39.8000896082}, "geometry": {"type": "LineString", "coordinates": [[-66.0472419992995, 18.400613001534474], [-66.04687900011865, 18.40070899679154]]}}, {"id": "251307", "type": "Feature", "properties": {"ID": 12660.0, "RT": "1", "VERSION": 1006.0, "TLID": 206609677.0, "SIDE1": null, "SOURCE": "C", "FENAME": "Calle Capetillo", "FETYPE": null, "CFCC": "A41", "FRADDL": "165", "TOADDL": "167", "FRADDR": null, "TOADDR": null, "FRIADDL": "0", "TOIADDL": "0", "FRIADDR": null, "TOIADDR": null, "ZIPL": "00925", "ZIPR": null, "Shape_len": 49.7959928797}, "geometry": {"type": "LineString", "coordinates": [[-66.04687900011865, 18.40070899679154], [-66.04642000163244, 18.40081100186757]]}}, {"id": "248461", "type": "Feature", "properties": {"ID": 12662.0, "RT": "1", "VERSION": 1006.0, "TLID": 206609679.0, "SIDE1": null, "SOURCE": "C", "FENAME": "Calle Capetillo", "FETYPE": null, "CFCC": "A41", "FRADDL": null, "TOADDL": null, "FRADDR": null, "TOADDR": null, "FRIADDL": null, "TOIADDL": null, "FRIADDR": null, "TOIADDR": null, "ZIPL": null, "ZIPR": null, "Shape_len": 45.1015566775}, "geometry": {"type": "LineString", "coordinates": [[-66.04642000163244, 18.40081100186757], [-66.04600299960168, 18.40089799821001]]}}, {"id": "248135", "type": "Feature", "properties": {"ID": 12625.0, "RT": "1", "VERSION": 1006.0, "TLID": 206609641.0, "SIDE1": null, "SOURCE": "C", "FENAME": "Calle Vallejo", "FETYPE": null, "CFCC": "A41", "FRADDL": "1003", "TOADDL": "1009", "FRADDR": "1002", "TOADDR": "1012", "FRIADDL": "0", "TOIADDL": "0", "FRIADDR": "0", "TOIADDR": "0", "ZIPL": "00925", "ZIPR": "00925", "Shape_len": 80.0730152849}, "geometry": {"type": "LineString", "coordinates": [[-66.0477070043616, 18.401239997126012], [-66.04758499675984, 18.400526001859102]]}}, {"id": "248367", "type": "Feature", "properties": {"ID": 12666.0, "RT": "1", "VERSION": 1006.0, "TLID": 206609683.0, "SIDE1": null, "SOURCE": "C", "FENAME": "Calle Capetillo", "FETYPE": null, "CFCC": "A41", "FRADDL": "209", "TOADDL": "213", "FRADDR": "210", "TOADDR": "212", "FRIADDL": "0", "TOIADDL": "0", "FRIADDR": "0", "TOIADDR": "0", "ZIPL": "00925", "ZIPR": "00925", "Shape_len": 51.3600777515}, "geometry": {"type": "LineString", "coordinates": [[-66.04548800341146, 18.400899999607166], [-66.04500200087648, 18.40089199639216]]}}, {"id": "252403", "type": "Feature", "properties": {"ID": 12664.0, "RT": "1", "VERSION": 1006.0, "TLID": 206609681.0, "SIDE1": null, "SOURCE": "C", "FENAME": "Calle Capetillo", "FETYPE": null, "CFCC": "A41", "FRADDL": "205", "TOADDL": "207", "FRADDR": null, "TOADDR": null, "FRIADDL": "0", "TOIADDL": "0", "FRIADDR": null, "TOIADDR": null, "ZIPL": "00925", "ZIPR": null, "Shape_len": 54.4164416702}, "geometry": {"type": "LineString", "coordinates": [[-66.04600299960168, 18.40089799821001], [-66.04548800341146, 18.400899999607166]]}}, {"id": "248285", "type": "Feature", "properties": {"ID": 12605.0, "RT": "1", "VERSION": 1006.0, "TLID": 206609617.0, "SIDE1": null, "SOURCE": "C", "FENAME": null, "FETYPE": null, "CFCC": "A41", "FRADDL": null, "TOADDL": null, "FRADDR": null, "TOADDR": null, "FRIADDL": null, "TOIADDL": null, "FRIADDR": null, "TOIADDR": null, "ZIPL": null, "ZIPR": null, "Shape_len": 35.8541133264}, "geometry": {"type": "LineString", "coordinates": [[-66.04798399979218, 18.400963000173903], [-66.04832307875067, 18.40095065212939]]}}, {"id": "249647", "type": "Feature", "properties": {"ID": 12630.0, "RT": "1", "VERSION": 1006.0, "TLID": 206609646.0, "SIDE1": null, "SOURCE": "C", "FENAME": "Calle 3", "FETYPE": null, "CFCC": "A41", "FRADDL": null, "TOADDL": null, "FRADDR": "1002", "TOADDR": "1004", "FRIADDL": null, "TOIADDL": null, "FRIADDR": "0", "TOIADDR": "0", "ZIPL": null, "ZIPR": "00925", "Shape_len": 96.1029985057}, "geometry": {"type": "LineString", "coordinates": [[-66.04746399708809, 18.401454999190708], [-66.0472419992995, 18.400613001534474]]}}, {"id": "255034", "type": "Feature", "properties": {"ID": 12671.0, "RT": "1", "VERSION": 1006.0, "TLID": 206609689.0, "SIDE1": null, "SOURCE": "C", "FENAME": "Calle Capetillo", "FETYPE": null, "CFCC": "A41", "FRADDL": "265", "TOADDL": "261", "FRADDR": null, "TOADDR": null, "FRIADDL": "0", "TOIADDL": "0", "FRIADDR": null, "TOIADDR": null, "ZIPL": "00925", "ZIPR": null, "Shape_len": 63.4060488083}, "geometry": {"type": "LineString", "coordinates": [[-66.04403700417235, 18.400886999315674], [-66.04356322967423, 18.400879893306232]]}}, {"id": "249334", "type": "Feature", "properties": {"ID": 12670.0, "RT": "1", "VERSION": 1006.0, "TLID": 206609687.0, "SIDE1": null, "SOURCE": "C", "FENAME": "Calle Capetillo", "FETYPE": null, "CFCC": "A41", "FRADDL": "251", "TOADDL": "255", "FRADDR": null, "TOADDR": null, "FRIADDL": "0", "TOIADDL": "0", "FRIADDR": null, "TOIADDR": null, "ZIPL": "00925", "ZIPR": null, "Shape_len": 49.8727335116}, "geometry": {"type": "LineString", "coordinates": [[-66.04450899802525, 18.400888999233594], [-66.04403700417235, 18.400886999315674]]}}, {"id": "249615", "type": "Feature", "properties": {"ID": 12668.0, "RT": "1", "VERSION": 1006.0, "TLID": 206609685.0, "SIDE1": null, "SOURCE": "C", "FENAME": "Calle Capetillo", "FETYPE": null, "CFCC": "A41", "FRADDL": "217", "TOADDL": "223", "FRADDR": "218", "TOADDR": "220", "FRIADDL": "0", "TOIADDL": "0", "FRIADDR": "0", "TOIADDR": "0", "ZIPL": "00925", "ZIPR": "00925", "Shape_len": 52.093169636}, "geometry": {"type": "LineString", "coordinates": [[-66.04500200087648, 18.40089199639216], [-66.04450899802525, 18.400888999233594]]}}, {"id": "244766", "type": "Feature", "properties": {"ID": 18409.0, "RT": "1", "VERSION": 1006.0, "TLID": 206622642.0, "SIDE1": null, "SOURCE": "C", "FENAME": "Calle 8", "FETYPE": null, "CFCC": "A41", "FRADDL": "1003", "TOADDL": "1007", "FRADDR": "1000", "TOADDR": "1004", "FRIADDL": "0", "TOIADDL": "0", "FRIADDR": "0", "TOIADDR": "0", "ZIPL": "00925", "ZIPR": "00925", "Shape_len": 38.632273411}, "geometry": {"type": "LineString", "coordinates": [[-66.0445040017207, 18.40123799623049], [-66.04450899802525, 18.400888999233594]]}}, {"id": "254311", "type": "Feature", "properties": {"ID": 12603.0, "RT": "1", "VERSION": 1006.0, "TLID": 206609615.0, "SIDE1": null, "SOURCE": "C", "FENAME": null, "FETYPE": null, "CFCC": "A74", "FRADDL": null, "TOADDL": null, "FRADDR": null, "TOADDR": null, "FRIADDL": null, "TOIADDL": null, "FRIADDR": null, "TOIADDR": null, "ZIPL": null, "ZIPR": null, "Shape_len": 52.5701988794}, "geometry": {"type": "LineString", "coordinates": [[-66.0477070043616, 18.401239997126012], [-66.04796300015792, 18.401186997355712], [-66.04798399979218, 18.400963000173903]]}}, {"id": "248366", "type": "Feature", "properties": {"ID": 12633.0, "RT": "1", "VERSION": 1006.0, "TLID": 206609649.0, "SIDE1": null, "SOURCE": "C", "FENAME": "Calle 4", "FETYPE": null, "CFCC": "A41", "FRADDL": "1005", "TOADDL": "1015", "FRADDR": "1000", "TOADDR": "1012", "FRIADDL": "0", "TOIADDL": "0", "FRIADDR": "0", "TOIADDR": "0", "ZIPL": "00925", "ZIPR": "00925", "Shape_len": 89.9693845497}, "geometry": {"type": "LineString", "coordinates": [[-66.04709600180668, 18.40149499957949], [-66.04687900011865, 18.40070899679154]]}}, {"id": "246111", "type": "Feature", "properties": {"ID": 12601.0, "RT": "1", "VERSION": 1006.0, "TLID": 206609613.0, "SIDE1": null, "SOURCE": "C", "FENAME": null, "FETYPE": null, "CFCC": "A74", "FRADDL": null, "TOADDL": null, "FRADDR": null, "TOADDR": null, "FRIADDL": null, "TOIADDL": null, "FRIADDR": null, "TOIADDR": null, "ZIPL": null, "ZIPR": null, "Shape_len": 52.0009503059}, "geometry": {"type": "LineString", "coordinates": [[-66.04819000378103, 18.40137699821197], [-66.04814699851057, 18.401171000590903], [-66.04798399979218, 18.400963000173903]]}}, {"id": "249333", "type": "Feature", "properties": {"ID": 12636.0, "RT": "1", "VERSION": 1006.0, "TLID": 206609652.0, "SIDE1": null, "SOURCE": "C", "FENAME": "Calle 5", "FETYPE": null, "CFCC": "A41", "FRADDL": "1003", "TOADDL": "1011", "FRADDR": "1000", "TOADDR": "1012", "FRIADDL": "0", "TOIADDL": "0", "FRIADDR": "0", "TOIADDR": "0", "ZIPL": "00925", "ZIPR": "00925", "Shape_len": 84.184039757}, "geometry": {"type": "LineString", "coordinates": [[-66.04659499854569, 18.401553002890655], [-66.04642000163244, 18.40081100186757]]}}, {"id": "250124", "type": "Feature", "properties": {"ID": 12638.0, "RT": "1", "VERSION": 1006.0, "TLID": 206609654.0, "SIDE1": null, "SOURCE": "C", "FENAME": "Calle Monse\u00f1or William Jones", "FETYPE": null, "CFCC": "A41", "FRADDL": "1003", "TOADDL": "1013", "FRADDR": null, "TOADDR": null, "FRIADDL": "0", "TOIADDL": "0", "FRIADDR": null, "TOIADDR": null, "ZIPL": "00925", "ZIPR": null, "Shape_len": 79.915336675}, "geometry": {"type": "LineString", "coordinates": [[-66.04600000104531, 18.401620000682946], [-66.04600299960168, 18.40089799821001]]}}, {"id": "248665", "type": "Feature", "properties": {"ID": 12641.0, "RT": "1", "VERSION": 1006.0, "TLID": 206609657.0, "SIDE1": null, "SOURCE": "C", "FENAME": "Calle 6", "FETYPE": null, "CFCC": "A41", "FRADDL": "1003", "TOADDL": "1013", "FRADDR": "1004", "TOADDR": "1014", "FRIADDL": "0", "TOIADDL": "0", "FRIADDR": "0", "TOIADDR": "0", "ZIPL": "00925", "ZIPR": "00925", "Shape_len": 85.7810913795}, "geometry": {"type": "LineString", "coordinates": [[-66.04548799883214, 18.40167500286898], [-66.04548800341146, 18.400899999607166]]}}, {"id": "248666", "type": "Feature", "properties": {"ID": 12643.0, "RT": "1", "VERSION": 1006.0, "TLID": 206609659.0, "SIDE1": null, "SOURCE": "C", "FENAME": "Calle 7", "FETYPE": null, "CFCC": "A41", "FRADDL": "1003", "TOADDL": "1013", "FRADDR": "1000", "TOADDR": "1008", "FRIADDL": "0", "TOIADDL": "0", "FRIADDR": "0", "TOIADDR": "0", "ZIPL": "00925", "ZIPR": "00925", "Shape_len": 92.9763632159}, "geometry": {"type": "LineString", "coordinates": [[-66.04500599693219, 18.401731997845857], [-66.04500200087648, 18.40089199639216]]}}, {"id": "248306", "type": "Feature", "properties": {"ID": 12623.0, "RT": "1", "VERSION": 1006.0, "TLID": 206609639.0, "SIDE1": null, "SOURCE": "C", "FENAME": "Calle Vallejo", "FETYPE": null, "CFCC": "A41", "FRADDL": "1003", "TOADDL": "1009", "FRADDR": null, "TOADDR": null, "FRIADDL": "0", "TOIADDL": "1", "FRIADDR": null, "TOIADDR": null, "ZIPL": "00925", "ZIPR": null, "Shape_len": 20.8808918931}, "geometry": {"type": "LineString", "coordinates": [[-66.04773999950854, 18.40142600084592], [-66.0477070043616, 18.401239997126012]]}}, {"id": "246547", "type": "Feature", "properties": {"ID": 12594.0, "RT": "1", "VERSION": 1006.0, "TLID": 206609605.0, "SIDE1": null, "SOURCE": "C", "FENAME": "Avenida Dr Jos\u00e9 N G\u00e1ndara", "FETYPE": null, "CFCC": "A41", "FRADDL": null, "TOADDL": null, "FRADDR": null, "TOADDR": null, "FRIADDL": null, "TOIADDL": null, "FRIADDR": null, "TOIADDR": null, "ZIPL": null, "ZIPR": null, "Shape_len": 47.8569675974}, "geometry": {"type": "LineString", "coordinates": [[-66.04819000378103, 18.40137699821197], [-66.04773999950854, 18.40142600084592]]}}, {"id": "247730", "type": "Feature", "properties": {"ID": 12622.0, "RT": "1", "VERSION": 1006.0, "TLID": 206609638.0, "SIDE1": null, "SOURCE": "C", "FENAME": "Avenida Dr Jos\u00e9 N G\u00e1ndara", "FETYPE": null, "CFCC": "A41", "FRADDL": null, "TOADDL": null, "FRADDR": null, "TOADDR": null, "FRIADDL": null, "TOIADDL": null, "FRIADDR": null, "TOIADDR": null, "ZIPL": null, "ZIPR": null, "Shape_len": 29.3392216137}, "geometry": {"type": "LineString", "coordinates": [[-66.04773999950854, 18.40142600084592], [-66.04746399708809, 18.401454999190708]]}}, {"id": "251733", "type": "Feature", "properties": {"ID": 12646.0, "RT": "1", "VERSION": 1006.0, "TLID": 206609663.0, "SIDE1": null, "SOURCE": "C", "FENAME": "Calle 9", "FETYPE": null, "CFCC": "A41", "FRADDL": "1003", "TOADDL": "1009", "FRADDR": "1000", "TOADDR": "1006", "FRIADDL": "0", "TOIADDL": "0", "FRIADDR": "0", "TOIADDR": "0", "ZIPL": "00925", "ZIPR": "00925", "Shape_len": 58.3352556323}, "geometry": {"type": "LineString", "coordinates": [[-66.04402999783575, 18.401413996267195], [-66.04403700417235, 18.400886999315674]]}}, {"id": "249581", "type": "Feature", "properties": {"ID": 18410.0, "RT": "1", "VERSION": 1006.0, "TLID": 206622643.0, "SIDE1": null, "SOURCE": "C", "FENAME": "Calle 8", "FETYPE": null, "CFCC": "A41", "FRADDL": "243", "TOADDL": "605", "FRADDR": "256", "TOADDR": "610", "FRIADDL": "0", "TOIADDL": "1", "FRIADDR": "0", "TOIADDR": "1", "ZIPL": "00925", "ZIPR": "00925", "Shape_len": 18.0448523679}, "geometry": {"type": "LineString", "coordinates": [[-66.04450100150423, 18.401401000231683], [-66.0445040017207, 18.40123799623049]]}}, {"id": "246829", "type": "Feature", "properties": {"ID": 14536.0, "RT": "1", "VERSION": 1006.0, "TLID": 206613013.0, "SIDE1": null, "SOURCE": "J", "FENAME": "Avenida Dr Jos\u00e9 N G\u00e1ndara", "FETYPE": null, "CFCC": "A41", "FRADDL": null, "TOADDL": null, "FRADDR": null, "TOADDR": null, "FRIADDL": null, "TOIADDL": null, "FRIADDR": null, "TOIADDR": null, "ZIPL": null, "ZIPR": null, "Shape_len": 88.984017606}, "geometry": {"type": "LineString", "coordinates": [[-66.04463300054387, 18.401775000969874], [-66.04379699867734, 18.401872002701367]]}}, {"id": "245266", "type": "Feature", "properties": {"ID": 12526.0, "RT": "1", "VERSION": 1006.0, "TLID": 206609508.0, "SIDE1": null, "SOURCE": "C", "FENAME": "Avenida Dr Jos\u00e9 N G\u00e1ndara", "FETYPE": null, "CFCC": "A41", "FRADDL": null, "TOADDL": null, "FRADDR": null, "TOADDR": null, "FRIADDL": null, "TOIADDL": null, "FRIADDR": null, "TOIADDR": null, "ZIPL": null, "ZIPR": null, "Shape_len": 40.1179037659}, "geometry": {"type": "LineString", "coordinates": [[-66.04379699867734, 18.401872002701367], [-66.04354079778697, 18.401901222669228]]}}, {"id": "248659", "type": "Feature", "properties": {"ID": 12628.0, "RT": "1", "VERSION": 1006.0, "TLID": 206609644.0, "SIDE1": null, "SOURCE": "C", "FENAME": "Avenida Dr Jos\u00e9 N G\u00e1ndara", "FETYPE": null, "CFCC": "A41", "FRADDL": null, "TOADDL": null, "FRADDR": null, "TOADDR": null, "FRIADDL": null, "TOIADDL": null, "FRIADDR": null, "TOIADDR": null, "ZIPL": null, "ZIPR": null, "Shape_len": 39.134572817}, "geometry": {"type": "LineString", "coordinates": [[-66.04746399708809, 18.401454999190708], [-66.04709600180668, 18.40149499957949]]}}, {"id": "249566", "type": "Feature", "properties": {"ID": 12631.0, "RT": "1", "VERSION": 1006.0, "TLID": 206609647.0, "SIDE1": null, "SOURCE": "C", "FENAME": "Avenida Dr Jos\u00e9 N G\u00e1ndara", "FETYPE": null, "CFCC": "A41", "FRADDL": null, "TOADDL": null, "FRADDR": null, "TOADDR": null, "FRIADDL": null, "TOIADDL": null, "FRIADDR": null, "TOIADDR": null, "ZIPL": null, "ZIPR": null, "Shape_len": 53.3251521161}, "geometry": {"type": "LineString", "coordinates": [[-66.04709600180668, 18.40149499957949], [-66.04659499854569, 18.401553002890655]]}}, {"id": "255818", "type": "Feature", "properties": {"ID": 12634.0, "RT": "1", "VERSION": 1006.0, "TLID": 206609650.0, "SIDE1": null, "SOURCE": "C", "FENAME": "Avenida Dr Jos\u00e9 N G\u00e1ndara", "FETYPE": null, "CFCC": "A41", "FRADDL": null, "TOADDL": null, "FRADDR": null, "TOADDR": null, "FRIADDL": null, "TOIADDL": null, "FRIADDR": null, "TOIADDR": null, "ZIPL": null, "ZIPR": null, "Shape_len": 60.5451731725}, "geometry": {"type": "LineString", "coordinates": [[-66.04659499854569, 18.401553002890655], [-66.04602593825733, 18.401617080643607]]}}, {"id": "256440", "type": "Feature", "properties": {"ID": 12634.0, "RT": "1", "VERSION": 1006.0, "TLID": 206609650.0, "SIDE1": null, "SOURCE": "C", "FENAME": "Avenida Dr Jos\u00e9 N G\u00e1ndara", "FETYPE": null, "CFCC": "A41", "FRADDL": null, "TOADDL": null, "FRADDR": null, "TOADDR": null, "FRIADDL": null, "TOIADDL": null, "FRIADDR": null, "TOIADDR": null, "ZIPL": null, "ZIPR": null, "Shape_len": 2.75958203538}, "geometry": {"type": "LineString", "coordinates": [[-66.04602593825733, 18.401617080643607], [-66.04600000104531, 18.401620000682946]]}}, {"id": "248618", "type": "Feature", "properties": {"ID": 12637.0, "RT": "1", "VERSION": 1006.0, "TLID": 206609653.0, "SIDE1": null, "SOURCE": "C", "FENAME": "Avenida Dr Jos\u00e9 N G\u00e1ndara", "FETYPE": null, "CFCC": "A41", "FRADDL": null, "TOADDL": null, "FRADDR": null, "TOADDR": null, "FRIADDL": null, "TOIADDL": null, "FRIADDR": null, "TOIADDR": null, "ZIPL": null, "ZIPR": null, "Shape_len": 54.4408709585}, "geometry": {"type": "LineString", "coordinates": [[-66.04600000104531, 18.401620000682946], [-66.04548799883214, 18.40167500286898]]}}, {"id": "248858", "type": "Feature", "properties": {"ID": 12640.0, "RT": "1", "VERSION": 1006.0, "TLID": 206609656.0, "SIDE1": null, "SOURCE": "C", "FENAME": "Avenida Dr Jos\u00e9 N G\u00e1ndara", "FETYPE": null, "CFCC": "A41", "FRADDL": null, "TOADDL": null, "FRADDR": null, "TOADDR": null, "FRIADDL": null, "TOIADDL": null, "FRIADDR": null, "TOIADDR": null, "ZIPL": null, "ZIPR": null, "Shape_len": 51.318702682}, "geometry": {"type": "LineString", "coordinates": [[-66.04548799883214, 18.40167500286898], [-66.04500599693219, 18.401731997845857]]}}, {"id": "251398", "type": "Feature", "properties": {"ID": 12642.0, "RT": "1", "VERSION": 1006.0, "TLID": 206609658.0, "SIDE1": null, "SOURCE": "J", "FENAME": "Avenida Dr Jos\u00e9 N G\u00e1ndara", "FETYPE": null, "CFCC": "A41", "FRADDL": null, "TOADDL": null, "FRADDR": "226", "TOADDR": "208", "FRIADDL": null, "TOIADDL": null, "FRIADDR": "0", "TOIADDR": "0", "ZIPL": null, "ZIPR": "00925", "Shape_len": 39.6980695476}, "geometry": {"type": "LineString", "coordinates": [[-66.04500599693219, 18.401731997845857], [-66.04463300054387, 18.401775000969874]]}}, {"id": "259409", "type": "Feature", "properties": {"ID": 0.0, "RT": null, "VERSION": 0.0, "TLID": 0.0, "SIDE1": null, "SOURCE": null, "FENAME": null, "FETYPE": null, "CFCC": "A41", "FRADDL": null, "TOADDL": null, "FRADDR": null, "TOADDR": null, "FRIADDL": null, "TOIADDL": null, "FRIADDR": null, "TOIADDR": null, "ZIPL": null, "ZIPR": null, "Shape_len": 47.1529387467}, "geometry": {"type": "LineString", "coordinates": [[-66.04605143685193, 18.402042395537027], [-66.04602593825733, 18.401617080643607]]}}, {"id": "255583", "type": "Feature", "properties": {"ID": 0.0, "RT": null, "VERSION": 0.0, "TLID": 0.0, "SIDE1": null, "SOURCE": null, "FENAME": null, "FETYPE": null, "CFCC": "A41", "FRADDL": null, "TOADDL": null, "FRADDR": null, "TOADDR": null, "FRIADDL": null, "TOIADDL": null, "FRIADDR": null, "TOIADDR": null, "ZIPL": null, "ZIPR": null, "Shape_len": 2.39027078382}, "geometry": {"type": "LineString", "coordinates": [[-66.04524597047008, 18.40190285051027], [-66.04524561996713, 18.401881257813347]]}}, {"id": "255275", "type": "Feature", "properties": {"ID": 12596.0, "RT": "1", "VERSION": 1006.0, "TLID": 206609608.0, "SIDE1": null, "SOURCE": "C", "FENAME": null, "FETYPE": null, "CFCC": "A41", "FRADDL": null, "TOADDL": null, "FRADDR": null, "TOADDR": null, "FRIADDL": null, "TOIADDL": null, "FRIADDR": null, "TOIADDR": null, "ZIPL": null, "ZIPR": null, "Shape_len": 137.410206897}, "geometry": {"type": "LineString", "coordinates": [[-66.04837699924086, 18.401814997336995], [-66.04821199549689, 18.401916998363642], [-66.04797199824547, 18.401995999893277], [-66.04713399834672, 18.40213199951256]]}}, {"id": "255676", "type": "Feature", "properties": {"ID": 0.0, "RT": null, "VERSION": 0.0, "TLID": 0.0, "SIDE1": null, "SOURCE": null, "FENAME": null, "FETYPE": null, "CFCC": "A41", "FRADDL": null, "TOADDL": null, "FRADDR": null, "TOADDR": null, "FRIADDL": null, "TOIADDL": null, "FRIADDR": null, "TOIADDR": null, "ZIPL": null, "ZIPR": null, "Shape_len": 25.5396753631}, "geometry": {"type": "LineString", "coordinates": [[-66.04524966886689, 18.40213356583473], [-66.04524597047008, 18.40190285051027]]}}, {"id": "255051", "type": "Feature", "properties": {"ID": 0.0, "RT": null, "VERSION": 0.0, "TLID": 0.0, "SIDE1": null, "SOURCE": null, "FENAME": null, "FETYPE": null, "CFCC": "A41", "FRADDL": null, "TOADDL": null, "FRADDR": null, "TOADDR": null, "FRIADDL": null, "TOIADDL": null, "FRIADDR": null, "TOIADDR": null, "ZIPL": null, "ZIPR": null, "Shape_len": 59.7799722052}, "geometry": {"type": "LineString", "coordinates": [[-66.04661443813903, 18.40200677377874], [-66.0464972137956, 18.401999323222835], [-66.04628160576078, 18.402013325722624], [-66.04605143685193, 18.402042395537027]]}}, {"id": "255992", "type": "Feature", "properties": {"ID": 0.0, "RT": null, "VERSION": 0.0, "TLID": 0.0, "SIDE1": null, "SOURCE": null, "FENAME": null, "FETYPE": null, "CFCC": "A41", "FRADDL": null, "TOADDL": null, "FRADDR": null, "TOADDR": null, "FRIADDL": null, "TOIADDL": null, "FRIADDR": null, "TOIADDR": null, "ZIPL": null, "ZIPR": null, "Shape_len": 16.0018047763}, "geometry": {"type": "LineString", "coordinates": [[-66.04605143685193, 18.402042395537027], [-66.0459013020392, 18.40206135701631]]}}, {"id": "256241", "type": "Feature", "properties": {"ID": 0.0, "RT": null, "VERSION": 0.0, "TLID": 0.0, "SIDE1": null, "SOURCE": null, "FENAME": null, "FETYPE": null, "CFCC": "A41", "FRADDL": null, "TOADDL": null, "FRADDR": null, "TOADDR": null, "FRIADDL": null, "TOIADDL": null, "FRIADDR": null, "TOIADDR": null, "ZIPL": null, "ZIPR": null, "Shape_len": 56.8109524251}, "geometry": {"type": "LineString", "coordinates": [[-66.04713399834672, 18.40213199951256], [-66.04698485856728, 18.402105001704964], [-66.04687146673564, 18.402075893025817], [-66.04674675890494, 18.40202870204811], [-66.04661443813903, 18.40200677377874]]}}, {"id": "259553", "type": "Feature", "properties": {"ID": 0.0, "RT": null, "VERSION": 0.0, "TLID": 0.0, "SIDE1": null, "SOURCE": null, "FENAME": null, "FETYPE": null, "CFCC": "A41", "FRADDL": null, "TOADDL": null, "FRADDR": null, "TOADDR": null, "FRIADDL": null, "TOIADDL": null, "FRIADDR": null, "TOIADDR": null, "ZIPL": null, "ZIPR": null, "Shape_len": 69.3163677817}, "geometry": {"type": "LineString", "coordinates": [[-66.0459013020392, 18.40206135701631], [-66.04583141627184, 18.402070182775027], [-66.04524966886689, 18.40213356583473]]}}, {"id": "256232", "type": "Feature", "properties": {"ID": 0.0, "RT": null, "VERSION": 0.0, "TLID": 0.0, "SIDE1": null, "SOURCE": null, "FENAME": null, "FETYPE": null, "CFCC": "A41", "FRADDL": null, "TOADDL": null, "FRADDR": null, "TOADDR": null, "FRIADDL": null, "TOIADDL": null, "FRIADDR": null, "TOIADDR": null, "ZIPL": null, "ZIPR": null, "Shape_len": 28.3393616779}, "geometry": {"type": "LineString", "coordinates": [[-66.04524966886689, 18.40213356583473], [-66.04518074751586, 18.402141076050857], [-66.04511641680273, 18.402159000776443], [-66.04507094959617, 18.402195013150266], [-66.0450367765518, 18.40225631657434]]}}, {"id": "255094", "type": "Feature", "properties": {"ID": 0.0, "RT": null, "VERSION": 0.0, "TLID": 0.0, "SIDE1": null, "SOURCE": null, "FENAME": null, "FETYPE": null, "CFCC": "A41", "FRADDL": null, "TOADDL": null, "FRADDR": null, "TOADDR": null, "FRIADDL": null, "TOIADDL": null, "FRIADDR": null, "TOIADDR": null, "ZIPL": null, "ZIPR": null, "Shape_len": 47.1976050505}, "geometry": {"type": "LineString", "coordinates": [[-66.0450367765518, 18.40225631657434], [-66.04459045337303, 18.402273462981693]]}}, {"id": "255493", "type": "Feature", "properties": {"ID": 0.0, "RT": null, "VERSION": 0.0, "TLID": 0.0, "SIDE1": null, "SOURCE": null, "FENAME": null, "FETYPE": null, "CFCC": "A71", "FRADDL": null, "TOADDL": null, "FRADDR": null, "TOADDR": null, "FRIADDL": null, "TOIADDL": null, "FRIADDR": null, "TOIADDR": null, "ZIPL": null, "ZIPR": null, "Shape_len": 59.48247462}, "geometry": {"type": "LineString", "coordinates": [[-66.04661443813903, 18.40200677377874], [-66.04656077018687, 18.40254173015405]]}}, {"id": "255646", "type": "Feature", "properties": {"ID": 0.0, "RT": null, "VERSION": 0.0, "TLID": 0.0, "SIDE1": null, "SOURCE": null, "FENAME": null, "FETYPE": null, "CFCC": "A71", "FRADDL": null, "TOADDL": null, "FRADDR": null, "TOADDR": null, "FRIADDL": null, "TOIADDL": null, "FRIADDR": null, "TOIADDR": null, "ZIPL": null, "ZIPR": null, "Shape_len": 52.5457387982}, "geometry": {"type": "LineString", "coordinates": [[-66.0459013020392, 18.40206135701631], [-66.0458972772181, 18.402536074440988]]}}, {"id": "254677", "type": "Feature", "properties": {"ID": 0.0, "RT": null, "VERSION": 0.0, "TLID": 0.0, "SIDE1": null, "SOURCE": null, "FENAME": null, "FETYPE": null, "CFCC": "A41", "FRADDL": null, "TOADDL": null, "FRADDR": null, "TOADDR": null, "FRIADDL": null, "TOIADDL": null, "FRIADDR": null, "TOIADDR": null, "ZIPL": null, "ZIPR": null, "Shape_len": 4.52010044247}, "geometry": {"type": "LineString", "coordinates": [[-66.0452156116535, 18.402300025093297], [-66.04517283295024, 18.402299920464745]]}}, {"id": "266827", "type": "Feature", "properties": {"ID": 30435.0, "RT": "1", "VERSION": 1006.0, "TLID": 206649261.0, "SIDE1": null, "SOURCE": "O", "FENAME": "Calle Jorge Romany", "FETYPE": null, "CFCC": "A41", "FRADDL": "59", "TOADDL": "57", "FRADDR": null, "TOADDR": null, "FRIADDL": "1", "TOIADDL": "0", "FRIADDR": null, "TOIADDR": null, "ZIPL": "00925", "ZIPR": null, "Shape_len": 55.271383916}, "geometry": {"type": "LineString", "coordinates": [[-66.05494600460673, 18.400829001727317], [-66.05476699792975, 18.400785001078237], [-66.05443800284087, 18.400710000588624]]}}, {"id": "246234", "type": "Feature", "properties": {"ID": 12531.0, "RT": "1", "VERSION": 1006.0, "TLID": 206609515.0, "SIDE1": null, "SOURCE": "C", "FENAME": "Calle Rosales", "FETYPE": null, "CFCC": "A41", "FRADDL": null, "TOADDL": null, "FRADDR": "60", "TOADDR": "64", "FRIADDL": null, "TOIADDL": null, "FRIADDR": "0", "TOIADDR": "0", "ZIPL": null, "ZIPR": "00925", "Shape_len": 108.4434197}, "geometry": {"type": "LineString", "coordinates": [[-66.05184000097948, 18.401311999170545], [-66.05176199835672, 18.400912003287818], [-66.05149699964122, 18.400398002374363]]}}, {"id": "245214", "type": "Feature", "properties": {"ID": 12523.0, "RT": "1", "VERSION": 1006.0, "TLID": 206609504.0, "SIDE1": null, "SOURCE": "C", "FENAME": "Ave Ponce de Le\u00f3n (PR-25)", "FETYPE": null, "CFCC": "A21", "FRADDL": null, "TOADDL": null, "FRADDR": "1008", "TOADDR": "1014", "FRIADDL": null, "TOIADDL": null, "FRIADDR": "0", "TOIADDR": "0", "ZIPL": null, "ZIPR": "00925", "Shape_len": 113.1208255}, "geometry": {"type": "LineString", "coordinates": [[-66.05217199806027, 18.401476002599967], [-66.05225399907901, 18.400456996347582]]}}, {"id": "249246", "type": "Feature", "properties": {"ID": 12511.0, "RT": "1", "VERSION": 1006.0, "TLID": 206609490.0, "SIDE1": null, "SOURCE": "C", "FENAME": "Calle Gonz\u00e1lez", "FETYPE": null, "CFCC": "A41", "FRADDL": "1014", "TOADDL": "1000", "FRADDR": "1015", "TOADDR": "1003", "FRIADDL": "0", "TOIADDL": "0", "FRIADDR": "0", "TOIADDR": "0", "ZIPL": "00925", "ZIPR": "00925", "Shape_len": 125.87762889}, "geometry": {"type": "LineString", "coordinates": [[-66.05293200048044, 18.40046299676016], [-66.05287600032847, 18.401599001598978]]}}, {"id": "246164", "type": "Feature", "properties": {"ID": 12520.0, "RT": "1", "VERSION": 1006.0, "TLID": 206609501.0, "SIDE1": null, "SOURCE": "C", "FENAME": "Calle Humacao", "FETYPE": null, "CFCC": "A41", "FRADDL": "1003", "TOADDL": "1011", "FRADDR": "1000", "TOADDR": "1010", "FRIADDL": "0", "TOIADDL": "0", "FRIADDR": "0", "TOIADDR": "0", "ZIPL": "00925", "ZIPR": "00925", "Shape_len": 120.940094346}, "geometry": {"type": "LineString", "coordinates": [[-66.05364499751762, 18.40164400196786], [-66.05393499800088, 18.400587002005683]]}}, {"id": "245477", "type": "Feature", "properties": {"ID": 12519.0, "RT": "1", "VERSION": 1006.0, "TLID": 206609500.0, "SIDE1": null, "SOURCE": "C", "FENAME": "Calle Madrid", "FETYPE": null, "CFCC": "A41", "FRADDL": "1003", "TOADDL": "1013", "FRADDR": "1000", "TOADDR": "1010", "FRIADDL": "0", "TOIADDL": "0", "FRIADDR": "0", "TOIADDR": "0", "ZIPL": "00925", "ZIPR": "00925", "Shape_len": 109.850725412}, "geometry": {"type": "LineString", "coordinates": [[-66.05420399615795, 18.401676997335482], [-66.05443800284087, 18.400710000588624]]}}, {"id": "250219", "type": "Feature", "properties": {"ID": 12525.0, "RT": "1", "VERSION": 1006.0, "TLID": 206609507.0, "SIDE1": null, "SOURCE": "C", "FENAME": "Avenida Dr Jos\u00e9 N G\u00e1ndara", "FETYPE": null, "CFCC": "A41", "FRADDL": null, "TOADDL": null, "FRADDR": null, "TOADDR": null, "FRIADDL": null, "TOIADDL": null, "FRIADDR": null, "TOIADDR": null, "ZIPL": null, "ZIPR": null, "Shape_len": 16.4116884768}, "geometry": {"type": "LineString", "coordinates": [[-66.05197794777531, 18.401380142906607], [-66.05184000097948, 18.401311999170545]]}}, {"id": "253253", "type": "Feature", "properties": {"ID": 12530.0, "RT": "1", "VERSION": 1006.0, "TLID": 206609514.0, "SIDE1": null, "SOURCE": "C", "FENAME": "Calle Rosales", "FETYPE": null, "CFCC": "A41", "FRADDL": null, "TOADDL": null, "FRADDR": null, "TOADDR": null, "FRIADDL": null, "TOIADDL": null, "FRIADDR": null, "TOIADDR": null, "ZIPL": null, "ZIPR": null, "Shape_len": 24.2415390407}, "geometry": {"type": "LineString", "coordinates": [[-66.05198339625741, 18.401482963004497], [-66.05184000097948, 18.401311999170545]]}}, {"id": "250876", "type": "Feature", "properties": {"ID": 12525.0, "RT": "1", "VERSION": 1006.0, "TLID": 206609507.0, "SIDE1": null, "SOURCE": "C", "FENAME": "Avenida Dr Jos\u00e9 N G\u00e1ndara", "FETYPE": null, "CFCC": "A41", "FRADDL": null, "TOADDL": null, "FRADDR": null, "TOADDR": null, "FRIADDL": null, "TOIADDL": null, "FRIADDR": null, "TOIADDR": null, "ZIPL": null, "ZIPR": null, "Shape_len": 23.0864598209}, "geometry": {"type": "LineString", "coordinates": [[-66.05217199806027, 18.401476002599967], [-66.05197794777531, 18.401380142906607]]}}, {"id": "255068", "type": "Feature", "properties": {"ID": 26664.0, "RT": "1", "VERSION": 1006.0, "TLID": 206642081.0, "SIDE1": null, "SOURCE": "C", "FENAME": "Calle A\u00f1asco", "FETYPE": null, "CFCC": "A41", "FRADDL": null, "TOADDL": null, "FRADDR": null, "TOADDR": null, "FRIADDL": null, "TOIADDL": null, "FRIADDR": null, "TOIADDR": null, "ZIPL": null, "ZIPR": null, "Shape_len": 17.1277143577}, "geometry": {"type": "LineString", "coordinates": [[-66.05231199721923, 18.401554002492748], [-66.05217199806027, 18.401476002599967]]}}, {"id": "256710", "type": "Feature", "properties": {"ID": 17823.0, "RT": "1", "VERSION": 1006.0, "TLID": 206620801.0, "SIDE1": null, "SOURCE": "J", "FENAME": "Calle Jorge Romany", "FETYPE": null, "CFCC": "A41", "FRADDL": null, "TOADDL": null, "FRADDR": null, "TOADDR": null, "FRIADDL": null, "TOIADDL": null, "FRIADDR": null, "TOIADDR": null, "ZIPL": null, "ZIPR": null, "Shape_len": 49.3526526633}, "geometry": {"type": "LineString", "coordinates": [[-66.05539699813254, 18.400945000817334], [-66.05494600460673, 18.400829001727317]]}}, {"id": "256662", "type": "Feature", "properties": {"ID": 17824.0, "RT": "1", "VERSION": 1006.0, "TLID": 206620802.0, "SIDE1": null, "SOURCE": "J", "FENAME": "Calle Jorge Romany", "FETYPE": null, "CFCC": "A41", "FRADDL": "109", "TOADDL": "107", "FRADDR": null, "TOADDR": null, "FRIADDL": "0", "TOIADDL": "1", "FRIADDR": null, "TOIADDR": null, "ZIPL": "00925", "ZIPR": null, "Shape_len": 26.0295024469}, "geometry": {"type": "LineString", "coordinates": [[-66.05546999968917, 18.40115499682282], [-66.05548599902559, 18.401086997178865], [-66.05539699813254, 18.400945000817334]]}}, {"id": "269114", "type": "Feature", "properties": {"ID": 30430.0, "RT": "1", "VERSION": 1006.0, "TLID": 206649256.0, "SIDE1": null, "SOURCE": "O", "FENAME": "Calle Manila", "FETYPE": null, "CFCC": "A41", "FRADDL": "1005", "TOADDL": "1011", "FRADDR": "1004", "TOADDR": "1012", "FRIADDL": "0", "TOIADDL": "0", "FRIADDR": "0", "TOIADDR": "0", "ZIPL": "00925", "ZIPR": "00925", "Shape_len": 119.721012617}, "geometry": {"type": "LineString", "coordinates": [[-66.05467400023215, 18.401879000675123], [-66.05476699959367, 18.401511001072244], [-66.05494600460673, 18.400829001727317]]}}, {"id": "245423", "type": "Feature", "properties": {"ID": 12510.0, "RT": "1", "VERSION": 1006.0, "TLID": 206609489.0, "SIDE1": null, "SOURCE": "J", "FENAME": "Calle Peregrina", "FETYPE": null, "CFCC": "A41", "FRADDL": "1003", "TOADDL": "1011", "FRADDR": "1000", "TOADDR": "1006", "FRIADDL": "0", "TOIADDL": "0", "FRIADDR": "0", "TOIADDR": "0", "ZIPL": "00925", "ZIPR": "00925", "Shape_len": 98.4571951464}, "geometry": {"type": "LineString", "coordinates": [[-66.05527099930413, 18.402024002221246], [-66.05546999968917, 18.40115499682282]]}}, {"id": "257142", "type": "Feature", "properties": {"ID": 0.0, "RT": null, "VERSION": 0.0, "TLID": 0.0, "SIDE1": null, "SOURCE": null, "FENAME": null, "FETYPE": null, "CFCC": "A71", "FRADDL": null, "TOADDL": null, "FRADDR": null, "TOADDR": null, "FRIADDL": null, "TOIADDL": null, "FRIADDR": null, "TOIADDR": null, "ZIPL": null, "ZIPR": null, "Shape_len": 64.2789397035}, "geometry": {"type": "LineString", "coordinates": [[-66.05065576114315, 18.401385697891282], [-66.05065560946795, 18.401386244186984], [-66.05034880429105, 18.401770549103826], [-66.05032368218647, 18.401864521977974]]}}, {"id": "252230", "type": "Feature", "properties": {"ID": 0.0, "RT": null, "VERSION": 0.0, "TLID": 0.0, "SIDE1": null, "SOURCE": null, "FENAME": null, "FETYPE": null, "CFCC": "A74", "FRADDL": null, "TOADDL": null, "FRADDR": null, "TOADDR": null, "FRIADDL": null, "TOIADDL": null, "FRIADDR": null, "TOIADDR": null, "ZIPL": null, "ZIPR": null, "Shape_len": 153.667437507}, "geometry": {"type": "LineString", "coordinates": [[-66.0519547850156, 18.40202360835261], [-66.05196009092067, 18.40172847933495], [-66.05194356522925, 18.40169221649992], [-66.05187024933917, 18.40159470936697], [-66.05166672163672, 18.4013905218358], [-66.05155773098967, 18.40133596494546], [-66.05134912718124, 18.40128347284248], [-66.05101007304502, 18.401228457366308]]}}, {"id": "365831", "type": "Feature", "properties": {"ID": 0.0, "RT": null, "VERSION": 0.0, "TLID": 0.0, "SIDE1": null, "SOURCE": null, "FENAME": null, "FETYPE": null, "CFCC": "A74", "FRADDL": null, "TOADDL": null, "FRADDR": null, "TOADDR": null, "FRIADDL": null, "TOIADDL": null, "FRIADDR": null, "TOIADDR": null, "ZIPL": null, "ZIPR": null, "Shape_len": 47.2984625492}, "geometry": {"type": "LineString", "coordinates": [[-66.04997415505174, 18.401850132607677], [-66.05001104881967, 18.401424260813364]]}}, {"id": "248178", "type": "Feature", "properties": {"ID": 12590.0, "RT": "1", "VERSION": 1006.0, "TLID": 206609601.0, "SIDE1": null, "SOURCE": "C", "FENAME": null, "FETYPE": null, "CFCC": "A41", "FRADDL": null, "TOADDL": null, "FRADDR": null, "TOADDR": null, "FRIADDL": null, "TOIADDL": null, "FRIADDR": null, "TOIADDR": null, "ZIPL": null, "ZIPR": null, "Shape_len": 31.2181174019}, "geometry": {"type": "LineString", "coordinates": [[-66.04897765934916, 18.401786088320407], [-66.048683085028, 18.401764369347443]]}}, {"id": "249121", "type": "Feature", "properties": {"ID": 12590.0, "RT": "1", "VERSION": 1006.0, "TLID": 206609601.0, "SIDE1": null, "SOURCE": "C", "FENAME": null, "FETYPE": null, "CFCC": "A41", "FRADDL": null, "TOADDL": null, "FRADDR": null, "TOADDR": null, "FRIADDL": null, "TOIADDL": null, "FRIADDR": null, "TOIADDR": null, "ZIPL": null, "ZIPR": null, "Shape_len": 33.8690515839}, "geometry": {"type": "LineString", "coordinates": [[-66.048683085028, 18.401764369347443], [-66.04842389261448, 18.401777805304302], [-66.04837699924086, 18.401814997336995]]}}, {"id": "255306", "type": "Feature", "properties": {"ID": 12590.0, "RT": "1", "VERSION": 1006.0, "TLID": 206609601.0, "SIDE1": null, "SOURCE": "C", "FENAME": null, "FETYPE": null, "CFCC": "A41", "FRADDL": null, "TOADDL": null, "FRADDR": null, "TOADDR": null, "FRIADDL": null, "TOIADDL": null, "FRIADDR": null, "TOIADDR": null, "ZIPL": null, "ZIPR": null, "Shape_len": 53.0884646501}, "geometry": {"type": "LineString", "coordinates": [[-66.04947895932847, 18.40181830965773], [-66.04897765934916, 18.401786088320407]]}}, {"id": "262052", "type": "Feature", "properties": {"ID": 0.0, "RT": null, "VERSION": 0.0, "TLID": 0.0, "SIDE1": null, "SOURCE": null, "FENAME": null, "FETYPE": null, "CFCC": "A71", "FRADDL": null, "TOADDL": null, "FRADDR": null, "TOADDR": null, "FRIADDL": null, "TOIADDL": null, "FRIADDR": null, "TOIADDR": null, "ZIPL": null, "ZIPR": null, "Shape_len": 10.4978517426}, "geometry": {"type": "LineString", "coordinates": [[-66.048683085028, 18.401764369347443], [-66.04867335263296, 18.401858757744193]]}}, {"id": "257111", "type": "Feature", "properties": {"ID": 12590.0, "RT": "1", "VERSION": 1006.0, "TLID": 206609601.0, "SIDE1": null, "SOURCE": "C", "FENAME": null, "FETYPE": null, "CFCC": "A41", "FRADDL": null, "TOADDL": null, "FRADDR": null, "TOADDR": null, "FRIADDL": null, "TOIADDL": null, "FRIADDR": null, "TOIADDR": null, "ZIPL": null, "ZIPR": null, "Shape_len": 52.4419598216}, "geometry": {"type": "LineString", "coordinates": [[-66.04997415505174, 18.401850132607677], [-66.04947895932847, 18.40181830965773]]}}, {"id": "255526", "type": "Feature", "properties": {"ID": 12590.0, "RT": "1", "VERSION": 1006.0, "TLID": 206609601.0, "SIDE1": null, "SOURCE": "C", "FENAME": null, "FETYPE": null, "CFCC": "A41", "FRADDL": null, "TOADDL": null, "FRADDR": null, "TOADDR": null, "FRIADDL": null, "TOIADDL": null, "FRIADDR": null, "TOIADDR": null, "ZIPL": null, "ZIPR": null, "Shape_len": 12.1364077469}, "geometry": {"type": "LineString", "coordinates": [[-66.05008870642905, 18.401858169277194], [-66.04997415505174, 18.401850132607677]]}}, {"id": "258814", "type": "Feature", "properties": {"ID": 12590.0, "RT": "1", "VERSION": 1006.0, "TLID": 206609601.0, "SIDE1": null, "SOURCE": "C", "FENAME": null, "FETYPE": null, "CFCC": "A41", "FRADDL": null, "TOADDL": null, "FRADDR": null, "TOADDR": null, "FRIADDL": null, "TOIADDL": null, "FRIADDR": null, "TOIADDR": null, "ZIPL": null, "ZIPR": null, "Shape_len": 24.8564074887}, "geometry": {"type": "LineString", "coordinates": [[-66.05032368218647, 18.401864521977974], [-66.05027034585737, 18.401859459048296], [-66.05008870642905, 18.401858169277194]]}}, {"id": "258660", "type": "Feature", "properties": {"ID": 29601.0, "RT": "1", "VERSION": 1006.0, "TLID": 206648194.0, "SIDE1": null, "SOURCE": null, "FENAME": "Calle Amalia Mar\u00edn", "FETYPE": null, "CFCC": "A41", "FRADDL": "5", "TOADDL": "1", "FRADDR": "8", "TOADDR": "2", "FRIADDL": "0", "TOIADDL": "0", "FRIADDR": "0", "TOIADDR": "0", "ZIPL": "00925", "ZIPR": "00925", "Shape_len": 59.8017488363}, "geometry": {"type": "LineString", "coordinates": [[-66.05231199721923, 18.401554002492748], [-66.05287600032847, 18.401599001598978]]}}, {"id": "245564", "type": "Feature", "properties": {"ID": 12529.0, "RT": "1", "VERSION": 1006.0, "TLID": 206609512.0, "SIDE1": null, "SOURCE": "C", "FENAME": "Ave Ponce de Le\u00f3n (PR-25)", "FETYPE": null, "CFCC": "A21", "FRADDL": null, "TOADDL": null, "FRADDR": null, "TOADDR": null, "FRIADDL": null, "TOIADDL": null, "FRIADDR": null, "TOIADDR": null, "ZIPL": null, "ZIPR": null, "Shape_len": 23.1187092349}, "geometry": {"type": "LineString", "coordinates": [[-66.05215200112555, 18.401683998168405], [-66.05217199806027, 18.401476002599967]]}}, {"id": "252763", "type": "Feature", "properties": {"ID": 12530.0, "RT": "1", "VERSION": 1006.0, "TLID": 206609514.0, "SIDE1": null, "SOURCE": "C", "FENAME": "Calle Rosales", "FETYPE": null, "CFCC": "A41", "FRADDL": null, "TOADDL": null, "FRADDR": null, "TOADDR": null, "FRIADDL": null, "TOIADDL": null, "FRIADDR": null, "TOIADDR": null, "ZIPL": null, "ZIPR": null, "Shape_len": 28.5046092696}, "geometry": {"type": "LineString", "coordinates": [[-66.05215200112555, 18.401683998168405], [-66.05198339625741, 18.401482963004497]]}}, {"id": "245226", "type": "Feature", "properties": {"ID": 12522.0, "RT": "1", "VERSION": 1006.0, "TLID": 206609503.0, "SIDE1": null, "SOURCE": "C", "FENAME": "Calle Amalia Mar\u00edn", "FETYPE": null, "CFCC": "A41", "FRADDL": null, "TOADDL": null, "FRADDR": "14", "TOADDR": "10", "FRIADDL": null, "TOIADDL": null, "FRIADDR": "0", "TOIADDR": "0", "ZIPL": null, "ZIPR": "00925", "Shape_len": 81.406656505}, "geometry": {"type": "LineString", "coordinates": [[-66.05364499751762, 18.40164400196786], [-66.05287600032847, 18.401599001598978]]}}, {"id": "254069", "type": "Feature", "properties": {"ID": 26663.0, "RT": "1", "VERSION": 1006.0, "TLID": 206642080.0, "SIDE1": null, "SOURCE": "C", "FENAME": "Calle A\u00f1asco", "FETYPE": null, "CFCC": "A41", "FRADDL": null, "TOADDL": null, "FRADDR": null, "TOADDR": null, "FRIADDL": null, "TOIADDL": null, "FRIADDR": null, "TOIADDR": null, "ZIPL": null, "ZIPR": null, "Shape_len": 31.343345749}, "geometry": {"type": "LineString", "coordinates": [[-66.05253100004907, 18.40174500141043], [-66.05231199721923, 18.401554002492748]]}}, {"id": "246123", "type": "Feature", "properties": {"ID": 12521.0, "RT": "1", "VERSION": 1006.0, "TLID": 206609502.0, "SIDE1": null, "SOURCE": "C", "FENAME": "Calle Amalia Mar\u00edn", "FETYPE": null, "CFCC": "A41", "FRADDL": null, "TOADDL": null, "FRADDR": null, "TOADDR": null, "FRIADDL": null, "TOIADDL": null, "FRIADDR": null, "TOIADDR": null, "ZIPL": null, "ZIPR": null, "Shape_len": 59.1779591812}, "geometry": {"type": "LineString", "coordinates": [[-66.05420399615795, 18.401676997335482], [-66.05364499751762, 18.40164400196786]]}}, {"id": "250531", "type": "Feature", "properties": {"ID": 12589.0, "RT": "1", "VERSION": 1006.0, "TLID": 206609600.0, "SIDE1": null, "SOURCE": "C", "FENAME": "Ave Ponce de Le\u00f3n (PR-25)", "FETYPE": null, "CFCC": "A21", "FRADDL": null, "TOADDL": null, "FRADDR": null, "TOADDR": null, "FRIADDL": null, "TOIADDL": null, "FRIADDR": null, "TOIADDR": null, "ZIPL": null, "ZIPR": null, "Shape_len": 38.6955113676}, "geometry": {"type": "LineString", "coordinates": [[-66.05211700102647, 18.402031998768905], [-66.05215200112555, 18.401683998168405]]}}, {"id": "259254", "type": "Feature", "properties": {"ID": 12591.0, "RT": "1", "VERSION": 1006.0, "TLID": 206609602.0, "SIDE1": null, "SOURCE": "C", "FENAME": null, "FETYPE": null, "CFCC": "A41", "FRADDL": null, "TOADDL": null, "FRADDR": null, "TOADDR": null, "FRIADDL": null, "TOIADDL": null, "FRIADDR": null, "TOIADDR": null, "ZIPL": null, "ZIPR": null, "Shape_len": 6.07253793154}, "geometry": {"type": "LineString", "coordinates": [[-66.05201217192652, 18.402026579205746], [-66.0519547850156, 18.40202360835261]]}}, {"id": "259549", "type": "Feature", "properties": {"ID": 12591.0, "RT": "1", "VERSION": 1006.0, "TLID": 206609602.0, "SIDE1": null, "SOURCE": "C", "FENAME": null, "FETYPE": null, "CFCC": "A41", "FRADDL": null, "TOADDL": null, "FRADDR": null, "TOADDR": null, "FRIADDL": null, "TOIADDL": null, "FRIADDR": null, "TOIADDR": null, "ZIPL": null, "ZIPR": null, "Shape_len": 11.0927064114}, "geometry": {"type": "LineString", "coordinates": [[-66.05211700102647, 18.402031998768905], [-66.05201217192652, 18.402026579205746]]}}, {"id": "244761", "type": "Feature", "properties": {"ID": 12517.0, "RT": "1", "VERSION": 1006.0, "TLID": 206609497.0, "SIDE1": null, "SOURCE": "C", "FENAME": "Calle Humacao", "FETYPE": null, "CFCC": "A41", "FRADDL": "991", "TOADDL": "999", "FRADDR": "988", "TOADDR": "998", "FRIADDL": "0", "TOIADDL": "0", "FRIADDR": "0", "TOIADDR": "0", "ZIPL": "00925", "ZIPR": "00925", "Shape_len": 100.495566279}, "geometry": {"type": "LineString", "coordinates": [[-66.05341499941527, 18.402524998106557], [-66.05364499751762, 18.40164400196786]]}}, {"id": "261456", "type": "Feature", "properties": {"ID": 0.0, "RT": null, "VERSION": 0.0, "TLID": 0.0, "SIDE1": null, "SOURCE": null, "FENAME": null, "FETYPE": null, "CFCC": "A71", "FRADDL": null, "TOADDL": null, "FRADDR": null, "TOADDR": null, "FRIADDL": null, "TOIADDL": null, "FRIADDR": null, "TOIADDR": null, "ZIPL": null, "ZIPR": null, "Shape_len": 23.5810009988}, "geometry": {"type": "LineString", "coordinates": [[-66.04867335263296, 18.401858757744193], [-66.04874800293366, 18.401887551884812], [-66.04882677975507, 18.401932205617587], [-66.04886143255989, 18.401967981042567]]}}, {"id": "250576", "type": "Feature", "properties": {"ID": 0.0, "RT": null, "VERSION": 0.0, "TLID": 0.0, "SIDE1": null, "SOURCE": null, "FENAME": null, "FETYPE": null, "CFCC": "A71", "FRADDL": null, "TOADDL": null, "FRADDR": null, "TOADDR": null, "FRIADDL": null, "TOIADDL": null, "FRIADDR": null, "TOIADDR": null, "ZIPL": null, "ZIPR": null, "Shape_len": 33.2077773842}, "geometry": {"type": "LineString", "coordinates": [[-66.04947254078562, 18.40211826813229], [-66.04947895932847, 18.40181830965773]]}}, {"id": "248765", "type": "Feature", "properties": {"ID": 12582.0, "RT": "1", "VERSION": 1006.0, "TLID": 206609589.0, "SIDE1": null, "SOURCE": "C", "FENAME": null, "FETYPE": null, "CFCC": "A41", "FRADDL": null, "TOADDL": null, "FRADDR": null, "TOADDR": null, "FRIADDL": null, "TOIADDL": null, "FRIADDR": null, "TOIADDR": null, "ZIPL": null, "ZIPR": null, "Shape_len": 42.7713707684}, "geometry": {"type": "LineString", "coordinates": [[-66.04846153413054, 18.40215013954901], [-66.0484800003572, 18.40188500145309], [-66.04837699924086, 18.401814997336995]]}}, {"id": "262538", "type": "Feature", "properties": {"ID": 0.0, "RT": null, "VERSION": 0.0, "TLID": 0.0, "SIDE1": null, "SOURCE": null, "FENAME": null, "FETYPE": null, "CFCC": "A71", "FRADDL": null, "TOADDL": null, "FRADDR": null, "TOADDR": null, "FRIADDL": null, "TOIADDL": null, "FRIADDR": null, "TOIADDR": null, "ZIPL": null, "ZIPR": null, "Shape_len": 30.8269469622}, "geometry": {"type": "LineString", "coordinates": [[-66.04867335263296, 18.401858757744193], [-66.0486447771183, 18.40213592965856]]}}, {"id": "263609", "type": "Feature", "properties": {"ID": 0.0, "RT": null, "VERSION": 0.0, "TLID": 0.0, "SIDE1": null, "SOURCE": null, "FENAME": null, "FETYPE": null, "CFCC": "A71", "FRADDL": null, "TOADDL": null, "FRADDR": null, "TOADDR": null, "FRIADDL": null, "TOIADDL": null, "FRIADDR": null, "TOIADDR": null, "ZIPL": null, "ZIPR": null, "Shape_len": 13.4408682587}, "geometry": {"type": "LineString", "coordinates": [[-66.04886143255989, 18.401967981042567], [-66.0488732812503, 18.401980216970333], [-66.04894122319395, 18.402062498265884]]}}, {"id": "253704", "type": "Feature", "properties": {"ID": 0.0, "RT": null, "VERSION": 0.0, "TLID": 0.0, "SIDE1": null, "SOURCE": null, "FENAME": null, "FETYPE": null, "CFCC": "A74", "FRADDL": null, "TOADDL": null, "FRADDR": null, "TOADDR": null, "FRIADDL": null, "TOIADDL": null, "FRIADDR": null, "TOIADDR": null, "ZIPL": null, "ZIPR": null, "Shape_len": 41.6288439999}, "geometry": {"type": "LineString", "coordinates": [[-66.05008870642905, 18.401858169277194], [-66.05006305536752, 18.40223347382178]]}}, {"id": "258178", "type": "Feature", "properties": {"ID": 12590.0, "RT": "1", "VERSION": 1006.0, "TLID": 206609601.0, "SIDE1": null, "SOURCE": "C", "FENAME": null, "FETYPE": null, "CFCC": "A41", "FRADDL": null, "TOADDL": null, "FRADDR": null, "TOADDR": null, "FRIADDL": null, "TOIADDL": null, "FRIADDR": null, "TOIADDR": null, "ZIPL": null, "ZIPR": null, "Shape_len": 73.5929709009}, "geometry": {"type": "LineString", "coordinates": [[-66.05068000216487, 18.40236600201946], [-66.05067812414696, 18.402358802149504], [-66.05066421356584, 18.40226808426796], [-66.0506451861832, 18.402184942598268], [-66.05060415815407, 18.402075142665367], [-66.05059336876158, 18.402033768495983], [-66.05056766319854, 18.401995303544425], [-66.05052900118262, 18.401956001419155], [-66.05050472583973, 18.401931722860034], [-66.05044269278225, 18.401894734835427], [-66.05037215400498, 18.40186912977142], [-66.05032368218647, 18.401864521977974]]}}, {"id": "260609", "type": "Feature", "properties": {"ID": 0.0, "RT": null, "VERSION": 0.0, "TLID": 0.0, "SIDE1": null, "SOURCE": null, "FENAME": null, "FETYPE": null, "CFCC": "A71", "FRADDL": null, "TOADDL": null, "FRADDR": null, "TOADDR": null, "FRIADDL": null, "TOIADDL": null, "FRIADDR": null, "TOIADDR": null, "ZIPL": null, "ZIPR": null, "Shape_len": 33.565029812}, "geometry": {"type": "LineString", "coordinates": [[-66.04886143255989, 18.401967981042567], [-66.04881980859555, 18.402268615189648]]}}, {"id": "260610", "type": "Feature", "properties": {"ID": 0.0, "RT": null, "VERSION": 0.0, "TLID": 0.0, "SIDE1": null, "SOURCE": null, "FENAME": null, "FETYPE": null, "CFCC": "A71", "FRADDL": null, "TOADDL": null, "FRADDR": null, "TOADDR": null, "FRIADDL": null, "TOIADDL": null, "FRIADDR": null, "TOIADDR": null, "ZIPL": null, "ZIPR": null, "Shape_len": 20.2480562972}, "geometry": {"type": "LineString", "coordinates": [[-66.04846153413054, 18.40215013954901], [-66.0485718153005, 18.402116518672624], [-66.0486184043719, 18.402126877321443], [-66.0486447771183, 18.40213592965856]]}}, {"id": "252516", "type": "Feature", "properties": {"ID": 12591.0, "RT": "1", "VERSION": 1006.0, "TLID": 206609602.0, "SIDE1": null, "SOURCE": "C", "FENAME": null, "FETYPE": null, "CFCC": "A41", "FRADDL": null, "TOADDL": null, "FRADDR": null, "TOADDR": null, "FRIADDL": null, "TOIADDL": null, "FRIADDR": null, "TOIADDR": null, "ZIPL": null, "ZIPR": null, "Shape_len": 144.838361273}, "geometry": {"type": "LineString", "coordinates": [[-66.0519547850156, 18.40202360835261], [-66.0514790006716, 18.40199900269797], [-66.05134999926018, 18.40201999904229], [-66.05125635503056, 18.402054794830462], [-66.05116398403251, 18.402105018924942], [-66.05092173684925, 18.402251712009207], [-66.05068000216487, 18.40236600201946]]}}, {"id": "251194", "type": "Feature", "properties": {"ID": 16476.0, "RT": "1", "VERSION": 1006.0, "TLID": 206617083.0, "SIDE1": null, "SOURCE": "C", "FENAME": "Ave Ponce de Le\u00f3n (PR-25)", "FETYPE": null, "CFCC": "A21", "FRADDL": null, "TOADDL": null, "FRADDR": null, "TOADDR": null, "FRIADDL": null, "TOIADDL": null, "FRIADDR": null, "TOIADDR": null, "ZIPL": null, "ZIPR": null, "Shape_len": 33.611283327}, "geometry": {"type": "LineString", "coordinates": [[-66.05209599987896, 18.402335002833258], [-66.05211700102647, 18.402031998768905]]}}, {"id": "251276", "type": "Feature", "properties": {"ID": 17058.0, "RT": "1", "VERSION": 1006.0, "TLID": 206618262.0, "SIDE1": null, "SOURCE": "C", "FENAME": "Calle A\u00f1asco", "FETYPE": null, "CFCC": "A41", "FRADDL": null, "TOADDL": null, "FRADDR": null, "TOADDR": null, "FRIADDL": null, "TOIADDL": null, "FRIADDR": null, "TOIADDR": null, "ZIPL": null, "ZIPR": null, "Shape_len": 133.643768668}, "geometry": {"type": "LineString", "coordinates": [[-66.05330600285615, 18.402691997878843], [-66.05276900061251, 18.40195300308788], [-66.05253100004907, 18.40174500141043]]}}, {"id": "248428", "type": "Feature", "properties": {"ID": 12514.0, "RT": "1", "VERSION": 1006.0, "TLID": 206609494.0, "SIDE1": null, "SOURCE": "C", "FENAME": "Calle Madrid", "FETYPE": null, "CFCC": "A41", "FRADDL": "983", "TOADDL": "999", "FRADDR": "982", "TOADDR": "998", "FRIADDL": "0", "TOIADDL": "0", "FRIADDR": "0", "TOIADDR": "0", "ZIPL": "00925", "ZIPR": "00925", "Shape_len": 156.496460653}, "geometry": {"type": "LineString", "coordinates": [[-66.0538589997159, 18.403051998022054], [-66.05420399615795, 18.401676997335482]]}}, {"id": "246357", "type": "Feature", "properties": {"ID": 12499.0, "RT": "1", "VERSION": 1006.0, "TLID": 206609476.0, "SIDE1": null, "SOURCE": "C", "FENAME": "Calle Manila", "FETYPE": null, "CFCC": "A41", "FRADDL": "987", "TOADDL": "1001", "FRADDR": "988", "TOADDR": "998", "FRIADDL": "0", "TOIADDL": "0", "FRIADDR": "0", "TOIADDR": "0", "ZIPL": "00925", "ZIPR": "00925", "Shape_len": 136.899599743}, "geometry": {"type": "LineString", "coordinates": [[-66.05437299954801, 18.40308200191807], [-66.05467400023215, 18.401879000675123]]}}, {"id": "246792", "type": "Feature", "properties": {"ID": 12504.0, "RT": "1", "VERSION": 1006.0, "TLID": 206609481.0, "SIDE1": null, "SOURCE": "C", "FENAME": "Ave Ponce de Le\u00f3n (PR-25)", "FETYPE": null, "CFCC": "A21", "FRADDL": null, "TOADDL": null, "FRADDR": null, "TOADDR": null, "FRIADDL": null, "TOIADDL": null, "FRIADDR": null, "TOIADDR": null, "ZIPL": null, "ZIPR": null, "Shape_len": 67.015089365}, "geometry": {"type": "LineString", "coordinates": [[-66.05205200480064, 18.402939003059398], [-66.05209599987896, 18.402335002833258]]}}, {"id": "246951", "type": "Feature", "properties": {"ID": 12501.0, "RT": "1", "VERSION": 1006.0, "TLID": 206609478.0, "SIDE1": null, "SOURCE": "C", "FENAME": "Calle A\u00f1asco", "FETYPE": null, "CFCC": "A41", "FRADDL": null, "TOADDL": null, "FRADDR": null, "TOADDR": null, "FRIADDL": null, "TOIADDL": null, "FRIADDR": null, "TOIADDR": null, "ZIPL": null, "ZIPR": null, "Shape_len": 47.1279253441}, "geometry": {"type": "LineString", "coordinates": [[-66.05356000109202, 18.40304199848615], [-66.05330600285615, 18.402691997878843]]}}, {"id": "252956", "type": "Feature", "properties": {"ID": 19755.0, "RT": "1", "VERSION": 1006.0, "TLID": 206625833.0, "SIDE1": null, "SOURCE": "C", "FENAME": "Ave Ponce de Le\u00f3n (PR-25)", "FETYPE": null, "CFCC": "A21", "FRADDL": null, "TOADDL": null, "FRADDR": null, "TOADDR": null, "FRIADDL": null, "TOIADDL": null, "FRIADDR": null, "TOIADDR": null, "ZIPL": null, "ZIPR": null, "Shape_len": 3.06067520165}, "geometry": {"type": "LineString", "coordinates": [[-66.05205018142806, 18.40296660038359], [-66.05205200480064, 18.402939003059398]]}}, {"id": "246793", "type": "Feature", "properties": {"ID": 12506.0, "RT": "1", "VERSION": 1006.0, "TLID": 206609483.0, "SIDE1": null, "SOURCE": "C", "FENAME": "Avenida Universidad", "FETYPE": null, "CFCC": "A41", "FRADDL": null, "TOADDL": null, "FRADDR": null, "TOADDR": null, "FRIADDL": null, "TOIADDL": null, "FRIADDR": null, "TOIADDR": null, "ZIPL": null, "ZIPR": null, "Shape_len": 62.5567375738}, "geometry": {"type": "LineString", "coordinates": [[-66.05264200232176, 18.40298599695769], [-66.05205200480064, 18.402939003059398]]}}, {"id": "254747", "type": "Feature", "properties": {"ID": 0.0, "RT": null, "VERSION": 0.0, "TLID": 0.0, "SIDE1": null, "SOURCE": null, "FENAME": null, "FETYPE": null, "CFCC": "A71", "FRADDL": null, "TOADDL": null, "FRADDR": null, "TOADDR": null, "FRIADDL": null, "TOIADDL": null, "FRIADDR": null, "TOIADDR": null, "ZIPL": null, "ZIPR": null, "Shape_len": 7.14219217958}, "geometry": {"type": "LineString", "coordinates": [[-66.05198272298179, 18.402962501868963], [-66.05205018142806, 18.40296660038359]]}}, {"id": "246981", "type": "Feature", "properties": {"ID": 12505.0, "RT": "1", "VERSION": 1006.0, "TLID": 206609482.0, "SIDE1": null, "SOURCE": "C", "FENAME": "Avenida Universidad", "FETYPE": null, "CFCC": "A41", "FRADDL": null, "TOADDL": null, "FRADDR": null, "TOADDR": null, "FRIADDL": null, "TOIADDL": null, "FRIADDR": null, "TOIADDR": null, "ZIPL": null, "ZIPR": null, "Shape_len": 69.0990936384}, "geometry": {"type": "LineString", "coordinates": [[-66.0532949974823, 18.403019998215118], [-66.05264200232176, 18.40298599695769]]}}, {"id": "259500", "type": "Feature", "properties": {"ID": 0.0, "RT": null, "VERSION": 0.0, "TLID": 0.0, "SIDE1": null, "SOURCE": null, "FENAME": null, "FETYPE": null, "CFCC": "A71", "FRADDL": null, "TOADDL": null, "FRADDR": null, "TOADDR": null, "FRIADDL": null, "TOIADDL": null, "FRIADDR": null, "TOIADDR": null, "ZIPL": null, "ZIPR": null, "Shape_len": 23.9690995479}, "geometry": {"type": "LineString", "coordinates": [[-66.0486447771183, 18.40213592965856], [-66.04866855770419, 18.402144091395208], [-66.0487759591588, 18.40221618124543], [-66.04881980859555, 18.402268615189648]]}}, {"id": "248134", "type": "Feature", "properties": {"ID": 12582.0, "RT": "1", "VERSION": 1006.0, "TLID": 206609589.0, "SIDE1": null, "SOURCE": "C", "FENAME": null, "FETYPE": null, "CFCC": "A41", "FRADDL": null, "TOADDL": null, "FRADDR": null, "TOADDR": null, "FRIADDL": null, "TOIADDL": null, "FRIADDR": null, "TOIADDR": null, "ZIPL": null, "ZIPR": null, "Shape_len": 18.2682108727}, "geometry": {"type": "LineString", "coordinates": [[-66.0484500682017, 18.40231482330893], [-66.04846153413054, 18.40215013954901]]}}, {"id": "259034", "type": "Feature", "properties": {"ID": 0.0, "RT": null, "VERSION": 0.0, "TLID": 0.0, "SIDE1": null, "SOURCE": null, "FENAME": null, "FETYPE": null, "CFCC": "A71", "FRADDL": null, "TOADDL": null, "FRADDR": null, "TOADDR": null, "FRIADDL": null, "TOIADDL": null, "FRIADDR": null, "TOIADDR": null, "ZIPL": null, "ZIPR": null, "Shape_len": 6.68730204642}, "geometry": {"type": "LineString", "coordinates": [[-66.04881980859555, 18.402268615189648], [-66.04881151779449, 18.40232851206144]]}}, {"id": "251395", "type": "Feature", "properties": {"ID": 0.0, "RT": null, "VERSION": 0.0, "TLID": 0.0, "SIDE1": null, "SOURCE": null, "FENAME": null, "FETYPE": null, "CFCC": "A71", "FRADDL": null, "TOADDL": null, "FRADDR": null, "TOADDR": null, "FRIADDL": null, "TOIADDL": null, "FRIADDR": null, "TOIADDR": null, "ZIPL": null, "ZIPR": null, "Shape_len": 38.3188398306}, "geometry": {"type": "LineString", "coordinates": [[-66.0484500682017, 18.40231482330893], [-66.04880798801831, 18.40232576928419], [-66.04881151779449, 18.40232851206144]]}}, {"id": "250579", "type": "Feature", "properties": {"ID": 0.0, "RT": null, "VERSION": 0.0, "TLID": 0.0, "SIDE1": null, "SOURCE": null, "FENAME": null, "FETYPE": null, "CFCC": "A71", "FRADDL": null, "TOADDL": null, "FRADDR": null, "TOADDR": null, "FRIADDL": null, "TOIADDL": null, "FRIADDR": null, "TOIADDR": null, "ZIPL": null, "ZIPR": null, "Shape_len": 35.3271259557}, "geometry": {"type": "LineString", "coordinates": [[-66.04946762388116, 18.40257438231801], [-66.04947494475593, 18.40225529021502]]}}, {"id": "254746", "type": "Feature", "properties": {"ID": 12588.0, "RT": "1", "VERSION": 1006.0, "TLID": 206609599.0, "SIDE1": null, "SOURCE": "C", "FENAME": null, "FETYPE": null, "CFCC": "A41", "FRADDL": null, "TOADDL": null, "FRADDR": null, "TOADDR": null, "FRIADDL": null, "TOIADDL": null, "FRIADDR": null, "TOIADDR": null, "ZIPL": null, "ZIPR": null, "Shape_len": 24.587453956}, "geometry": {"type": "LineString", "coordinates": [[-66.05066432512166, 18.40258763664822], [-66.05068000216487, 18.40236600201946]]}}, {"id": "250414", "type": "Feature", "properties": {"ID": 0.0, "RT": null, "VERSION": 0.0, "TLID": 0.0, "SIDE1": null, "SOURCE": null, "FENAME": null, "FETYPE": null, "CFCC": "A71", "FRADDL": null, "TOADDL": null, "FRADDR": null, "TOADDR": null, "FRIADDL": null, "TOIADDL": null, "FRIADDR": null, "TOIADDR": null, "ZIPL": null, "ZIPR": null, "Shape_len": 66.0932044869}, "geometry": {"type": "LineString", "coordinates": [[-66.04881151779449, 18.40232851206144], [-66.04887728365493, 18.40237955160171], [-66.04892708771692, 18.402485058137817], [-66.04900449961774, 18.402488184758894], [-66.04906213243794, 18.40251452428651], [-66.04929249268696, 18.40266334863398]]}}, {"id": "250276", "type": "Feature", "properties": {"ID": 0.0, "RT": null, "VERSION": 0.0, "TLID": 0.0, "SIDE1": null, "SOURCE": null, "FENAME": null, "FETYPE": null, "CFCC": "A71", "FRADDL": null, "TOADDL": null, "FRADDR": null, "TOADDR": null, "FRIADDL": null, "TOIADDL": null, "FRIADDR": null, "TOIADDR": null, "ZIPL": null, "ZIPR": null, "Shape_len": 48.7609565633}, "geometry": {"type": "LineString", "coordinates": [[-66.05004574351491, 18.402548581565153], [-66.04978580171748, 18.402524791365042], [-66.04962292404367, 18.402636158677794]]}}, {"id": "249910", "type": "Feature", "properties": {"ID": 0.0, "RT": null, "VERSION": 0.0, "TLID": 0.0, "SIDE1": null, "SOURCE": null, "FENAME": null, "FETYPE": null, "CFCC": "A71", "FRADDL": null, "TOADDL": null, "FRADDR": null, "TOADDR": null, "FRIADDL": null, "TOIADDL": null, "FRIADDR": null, "TOIADDR": null, "ZIPL": null, "ZIPR": null, "Shape_len": 18.1252455844}, "geometry": {"type": "LineString", "coordinates": [[-66.04946762388116, 18.40257438231801], [-66.04955170505336, 18.40259052297025], [-66.04962292404367, 18.402636158677794]]}}, {"id": "254308", "type": "Feature", "properties": {"ID": 0.0, "RT": null, "VERSION": 0.0, "TLID": 0.0, "SIDE1": null, "SOURCE": null, "FENAME": null, "FETYPE": null, "CFCC": "A71", "FRADDL": null, "TOADDL": null, "FRADDR": null, "TOADDR": null, "FRIADDL": null, "TOIADDL": null, "FRIADDR": null, "TOIADDR": null, "ZIPL": null, "ZIPR": null, "Shape_len": 21.8331609938}, "geometry": {"type": "LineString", "coordinates": [[-66.04929249268696, 18.40266334863398], [-66.04931205471962, 18.40263553658584], [-66.04938346782919, 18.40259018630459], [-66.04946762388116, 18.40257438231801]]}}, {"id": "269703", "type": "Feature", "properties": {"ID": 30434.0, "RT": "1", "VERSION": 1006.0, "TLID": 206649260.0, "SIDE1": null, "SOURCE": "O", "FENAME": "Calle Janer", "FETYPE": null, "CFCC": "A41", "FRADDL": null, "TOADDL": null, "FRADDR": "106", "TOADDR": "104", "FRIADDL": null, "TOIADDL": null, "FRIADDR": "0", "TOIADDR": "1", "ZIPL": null, "ZIPR": "00925", "Shape_len": 65.0989530183}, "geometry": {"type": "LineString", "coordinates": [[-66.05527099930413, 18.402024002221246], [-66.05476600060842, 18.401904997961207], [-66.05467400023215, 18.401879000675123]]}}, {"id": "248308", "type": "Feature", "properties": {"ID": 12475.0, "RT": "1", "VERSION": 1006.0, "TLID": 206609442.0, "SIDE1": null, "SOURCE": "C", "FENAME": "Calle Janer", "FETYPE": null, "CFCC": "A41", "FRADDL": null, "TOADDL": null, "FRADDR": "112", "TOADDR": "108", "FRIADDL": null, "TOIADDL": null, "FRIADDR": "0", "TOIADDR": "0", "ZIPL": null, "ZIPR": "00925", "Shape_len": 64.9065622325}, "geometry": {"type": "LineString", "coordinates": [[-66.0558670017033, 18.402165999525373], [-66.05527099930413, 18.402024002221246]]}}, {"id": "265506", "type": "Feature", "properties": {"ID": 30355.0, "RT": "1", "VERSION": 1006.0, "TLID": 206649176.0, "SIDE1": null, "SOURCE": "O", "FENAME": "Calle Janer", "FETYPE": null, "CFCC": "A41", "FRADDL": null, "TOADDL": null, "FRADDR": null, "TOADDR": null, "FRIADDL": null, "TOIADDL": null, "FRIADDR": null, "TOIADDR": null, "ZIPL": null, "ZIPR": null, "Shape_len": 50.7322240623}, "geometry": {"type": "LineString", "coordinates": [[-66.05627429462741, 18.402252468038043], [-66.05622900178832, 18.402244002312738], [-66.0558670017033, 18.402165999525373]]}}, {"id": "245129", "type": "Feature", "properties": {"ID": 12508.0, "RT": "1", "VERSION": 1006.0, "TLID": 206609487.0, "SIDE1": null, "SOURCE": "C", "FENAME": "Calle Peregrina", "FETYPE": null, "CFCC": "A41", "FRADDL": "989", "TOADDL": "999", "FRADDR": "990", "TOADDR": "998", "FRIADDL": "0", "TOIADDL": "0", "FRIADDR": "0", "TOIADDR": "0", "ZIPL": "00925", "ZIPR": "00925", "Shape_len": 124.992305974}, "geometry": {"type": "LineString", "coordinates": [[-66.05498600049093, 18.403120002077493], [-66.05527099930413, 18.402024002221246]]}}, {"id": "246356", "type": "Feature", "properties": {"ID": 12497.0, "RT": "1", "VERSION": 1006.0, "TLID": 206609474.0, "SIDE1": null, "SOURCE": "C", "FENAME": "Calle D\u00e1vila", "FETYPE": null, "CFCC": "A41", "FRADDL": "993", "TOADDL": "999", "FRADDR": null, "TOADDR": null, "FRIADDL": "0", "TOIADDL": "0", "FRIADDR": null, "TOIADDR": null, "ZIPL": "00925", "ZIPR": null, "Shape_len": 113.039961909}, "geometry": {"type": "LineString", "coordinates": [[-66.05561699950509, 18.40315900062134], [-66.0558670017033, 18.402165999525373]]}}, {"id": "250135", "type": "Feature", "properties": {"ID": 12582.0, "RT": "1", "VERSION": 1006.0, "TLID": 206609589.0, "SIDE1": null, "SOURCE": "C", "FENAME": null, "FETYPE": null, "CFCC": "A41", "FRADDL": null, "TOADDL": null, "FRADDR": null, "TOADDR": null, "FRIADDL": null, "TOIADDL": null, "FRIADDR": null, "TOIADDR": null, "ZIPL": null, "ZIPR": null, "Shape_len": 75.976809226}, "geometry": {"type": "LineString", "coordinates": [[-66.04840237114358, 18.402999736222], [-66.0484500682017, 18.40231482330893]]}}, {"id": "250693", "type": "Feature", "properties": {"ID": 0.0, "RT": null, "VERSION": 0.0, "TLID": 0.0, "SIDE1": null, "SOURCE": null, "FENAME": null, "FETYPE": null, "CFCC": "A71", "FRADDL": null, "TOADDL": null, "FRADDR": null, "TOADDR": null, "FRIADDL": null, "TOIADDL": null, "FRIADDR": null, "TOIADDR": null, "ZIPL": null, "ZIPR": null, "Shape_len": 40.1579228842}, "geometry": {"type": "LineString", "coordinates": [[-66.05016757871402, 18.40256407912379], [-66.0502542285339, 18.402572008459856], [-66.05025959859422, 18.402592697761968], [-66.05024415650334, 18.402850678435854]]}}, {"id": "254207", "type": "Feature", "properties": {"ID": 0.0, "RT": null, "VERSION": 0.0, "TLID": 0.0, "SIDE1": null, "SOURCE": null, "FENAME": null, "FETYPE": null, "CFCC": "A41", "FRADDL": null, "TOADDL": null, "FRADDR": null, "TOADDR": null, "FRIADDL": null, "TOIADDL": null, "FRIADDR": null, "TOIADDR": null, "ZIPL": null, "ZIPR": null, "Shape_len": 64.6760509262}, "geometry": {"type": "LineString", "coordinates": [[-66.05066432512166, 18.40258763664822], [-66.05043159522067, 18.402573053738564], [-66.05037781908909, 18.40257294638791], [-66.05033830984766, 18.402603667639045], [-66.05031313881867, 18.402637843462987], [-66.05029151529315, 18.402689140763357], [-66.05027923628106, 18.402853349574457]]}}, {"id": "253706", "type": "Feature", "properties": {"ID": 12588.0, "RT": "1", "VERSION": 1006.0, "TLID": 206609599.0, "SIDE1": null, "SOURCE": "C", "FENAME": null, "FETYPE": null, "CFCC": "A41", "FRADDL": null, "TOADDL": null, "FRADDR": null, "TOADDR": null, "FRIADDL": null, "TOIADDL": null, "FRIADDR": null, "TOIADDR": null, "ZIPL": null, "ZIPR": null, "Shape_len": 32.5593251162}, "geometry": {"type": "LineString", "coordinates": [[-66.05064357029428, 18.40288113111898], [-66.05066432512166, 18.40258763664822]]}}, {"id": "251552", "type": "Feature", "properties": {"ID": 0.0, "RT": null, "VERSION": 0.0, "TLID": 0.0, "SIDE1": null, "SOURCE": null, "FENAME": null, "FETYPE": null, "CFCC": "A71", "FRADDL": null, "TOADDL": null, "FRADDR": null, "TOADDR": null, "FRIADDL": null, "TOIADDL": null, "FRIADDR": null, "TOIADDR": null, "ZIPL": null, "ZIPR": null, "Shape_len": 23.479326972}, "geometry": {"type": "LineString", "coordinates": [[-66.04926390132837, 18.402864120601883], [-66.04924734137511, 18.402783783587942], [-66.04925018277461, 18.402770315857577], [-66.04926425419575, 18.4027035135935], [-66.04929249268696, 18.40266334863398]]}}, {"id": "251123", "type": "Feature", "properties": {"ID": 0.0, "RT": null, "VERSION": 0.0, "TLID": 0.0, "SIDE1": null, "SOURCE": null, "FENAME": null, "FETYPE": null, "CFCC": "A71", "FRADDL": null, "TOADDL": null, "FRADDR": null, "TOADDR": null, "FRIADDL": null, "TOIADDL": null, "FRIADDR": null, "TOIADDR": null, "ZIPL": null, "ZIPR": null, "Shape_len": 39.5721032133}, "geometry": {"type": "LineString", "coordinates": [[-66.04962292404367, 18.402636158677794], [-66.04967042087266, 18.40270432638848], [-66.04968698101274, 18.402784663366877], [-66.04967006837845, 18.402864933397574], [-66.04962227265119, 18.40293291592222], [-66.04959608659786, 18.40294954065677]]}}, {"id": "250577", "type": "Feature", "properties": {"ID": 0.0, "RT": null, "VERSION": 0.0, "TLID": 0.0, "SIDE1": null, "SOURCE": null, "FENAME": null, "FETYPE": null, "CFCC": "A71", "FRADDL": null, "TOADDL": null, "FRADDR": null, "TOADDR": null, "FRIADDL": null, "TOIADDL": null, "FRIADDR": null, "TOIADDR": null, "ZIPL": null, "ZIPR": null, "Shape_len": 1.09801053274}, "geometry": {"type": "LineString", "coordinates": [[-66.05024415650334, 18.402850678435854], [-66.05023379779102, 18.40284988799354]]}}, {"id": "251378", "type": "Feature", "properties": {"ID": 0.0, "RT": null, "VERSION": 0.0, "TLID": 0.0, "SIDE1": null, "SOURCE": null, "FENAME": null, "FETYPE": null, "CFCC": "A71", "FRADDL": null, "TOADDL": null, "FRADDR": null, "TOADDR": null, "FRIADDL": null, "TOIADDL": null, "FRIADDR": null, "TOIADDR": null, "ZIPL": null, "ZIPR": null, "Shape_len": 3.71836230752}, "geometry": {"type": "LineString", "coordinates": [[-66.05027923628106, 18.402853349574457], [-66.05024415650334, 18.402850678435854]]}}, {"id": "257108", "type": "Feature", "properties": {"ID": 0.0, "RT": null, "VERSION": 0.0, "TLID": 0.0, "SIDE1": null, "SOURCE": null, "FENAME": null, "FETYPE": null, "CFCC": "A71", "FRADDL": null, "TOADDL": null, "FRADDR": null, "TOADDR": null, "FRIADDL": null, "TOIADDL": null, "FRIADDR": null, "TOIADDR": null, "ZIPL": null, "ZIPR": null, "Shape_len": 38.618771815}, "geometry": {"type": "LineString", "coordinates": [[-66.05064357029428, 18.40288113111898], [-66.05027923628106, 18.402853349574457]]}}, {"id": "251796", "type": "Feature", "properties": {"ID": 0.0, "RT": null, "VERSION": 0.0, "TLID": 0.0, "SIDE1": null, "SOURCE": null, "FENAME": null, "FETYPE": null, "CFCC": "A71", "FRADDL": null, "TOADDL": null, "FRADDR": null, "TOADDR": null, "FRIADDL": null, "TOIADDL": null, "FRIADDR": null, "TOIADDR": null, "ZIPL": null, "ZIPR": null, "Shape_len": 18.1249776312}, "geometry": {"type": "LineString", "coordinates": [[-66.04938261619769, 18.402977925094937], [-66.04931140279939, 18.40293229382925], [-66.04926390132837, 18.402864120601883]]}}, {"id": "249800", "type": "Feature", "properties": {"ID": 12500.0, "RT": "1", "VERSION": 1006.0, "TLID": 206609477.0, "SIDE1": null, "SOURCE": "C", "FENAME": "Avenida Universidad", "FETYPE": null, "CFCC": "A41", "FRADDL": "131", "TOADDL": "119", "FRADDR": "114", "TOADDR": "110", "FRIADDL": "0", "TOIADDL": "1", "FRIADDR": "0", "TOIADDR": "0", "ZIPL": "00925", "ZIPR": "00925", "Shape_len": 66.8119173682}, "geometry": {"type": "LineString", "coordinates": [[-66.05561699950509, 18.40315900062134], [-66.05498600049093, 18.403120002077493]]}}, {"id": "248177", "type": "Feature", "properties": {"ID": 12498.0, "RT": "1", "VERSION": 1006.0, "TLID": 206609475.0, "SIDE1": null, "SOURCE": "C", "FENAME": "Avenida Universidad", "FETYPE": null, "CFCC": "A41", "FRADDL": "135", "TOADDL": "133", "FRADDR": null, "TOADDR": null, "FRIADDL": "1", "TOIADDL": "0", "FRIADDR": null, "TOIADDR": null, "ZIPL": "00925", "ZIPR": null, "Shape_len": 17.3253149957}, "geometry": {"type": "LineString", "coordinates": [[-66.05577999976582, 18.403175998626566], [-66.05561699950509, 18.40315900062134]]}}, {"id": "251957", "type": "Feature", "properties": {"ID": 12496.0, "RT": "1", "VERSION": 1006.0, "TLID": 206609473.0, "SIDE1": null, "SOURCE": "C", "FENAME": "Avenida Universidad", "FETYPE": null, "CFCC": "A41", "FRADDL": "155", "TOADDL": "137", "FRADDR": null, "TOADDR": null, "FRIADDL": "0", "TOIADDL": "1", "FRIADDR": null, "TOIADDR": null, "ZIPL": "00925", "ZIPR": null, "Shape_len": 67.1217870249}, "geometry": {"type": "LineString", "coordinates": [[-66.0563039848429, 18.40326262756215], [-66.05623500108433, 18.403225002395907], [-66.05577999976582, 18.403175998626566]]}}, {"id": "256010", "type": "Feature", "properties": {"ID": 12596.0, "RT": "1", "VERSION": 1006.0, "TLID": 206609608.0, "SIDE1": null, "SOURCE": "C", "FENAME": null, "FETYPE": null, "CFCC": "A41", "FRADDL": null, "TOADDL": null, "FRADDR": null, "TOADDR": null, "FRIADDL": null, "TOIADDL": null, "FRIADDR": null, "TOIADDR": null, "ZIPL": null, "ZIPR": null, "Shape_len": 50.1958721603}, "geometry": {"type": "LineString", "coordinates": [[-66.04713399834672, 18.40213199951256], [-66.04698699749603, 18.4024449955455], [-66.04702300278318, 18.402550001367644]]}}, {"id": "257902", "type": "Feature", "properties": {"ID": 0.0, "RT": null, "VERSION": 0.0, "TLID": 0.0, "SIDE1": null, "SOURCE": null, "FENAME": null, "FETYPE": null, "CFCC": "A71", "FRADDL": null, "TOADDL": null, "FRADDR": null, "TOADDR": null, "FRIADDL": null, "TOIADDL": null, "FRIADDR": null, "TOIADDR": null, "ZIPL": null, "ZIPR": null, "Shape_len": 70.1087281531}, "geometry": {"type": "LineString", "coordinates": [[-66.04656077018687, 18.40254173015405], [-66.0458972772181, 18.402536074440988]]}}, {"id": "255212", "type": "Feature", "properties": {"ID": 0.0, "RT": null, "VERSION": 0.0, "TLID": 0.0, "SIDE1": null, "SOURCE": null, "FENAME": null, "FETYPE": null, "CFCC": "A41", "FRADDL": null, "TOADDL": null, "FRADDR": null, "TOADDR": null, "FRIADDL": null, "TOIADDL": null, "FRIADDR": null, "TOIADDR": null, "ZIPL": null, "ZIPR": null, "Shape_len": 64.4166464921}, "geometry": {"type": "LineString", "coordinates": [[-66.0450367765518, 18.40225631657434], [-66.04500086606416, 18.402837288650087]]}}, {"id": "253861", "type": "Feature", "properties": {"ID": 0.0, "RT": null, "VERSION": 0.0, "TLID": 0.0, "SIDE1": null, "SOURCE": null, "FENAME": null, "FETYPE": null, "CFCC": "A41", "FRADDL": null, "TOADDL": null, "FRADDR": null, "TOADDR": null, "FRIADDL": null, "TOIADDL": null, "FRIADDR": null, "TOIADDR": null, "ZIPL": null, "ZIPR": null, "Shape_len": 60.0198332344}, "geometry": {"type": "LineString", "coordinates": [[-66.04520177999875, 18.402842123176157], [-66.0452156116535, 18.402300025093297]]}}, {"id": "366003", "type": "Feature", "properties": {"ID": 0.0, "RT": null, "VERSION": 0.0, "TLID": 0.0, "SIDE1": null, "SOURCE": null, "FENAME": null, "FETYPE": null, "CFCC": "A41", "FRADDL": null, "TOADDL": null, "FRADDR": null, "TOADDR": null, "FRIADDL": null, "TOIADDL": null, "FRIADDR": null, "TOIADDR": null, "ZIPL": null, "ZIPR": null, "Shape_len": 119.751859686}, "geometry": {"type": "LineString", "coordinates": [[-66.0457502116583, 18.402855333125256], [-66.0457683911152, 18.402301383964904], [-66.0452156116535, 18.402300025093297]]}}, {"id": "255202", "type": "Feature", "properties": {"ID": 0.0, "RT": null, "VERSION": 0.0, "TLID": 0.0, "SIDE1": null, "SOURCE": null, "FENAME": null, "FETYPE": null, "CFCC": "A71", "FRADDL": null, "TOADDL": null, "FRADDR": null, "TOADDR": null, "FRIADDL": null, "TOIADDL": null, "FRIADDR": null, "TOIADDR": null, "ZIPL": null, "ZIPR": null, "Shape_len": 64.2370303624}, "geometry": {"type": "LineString", "coordinates": [[-66.0458972772181, 18.402536074440988], [-66.04633136699927, 18.402942397382017]]}}, {"id": "256212", "type": "Feature", "properties": {"ID": 0.0, "RT": null, "VERSION": 0.0, "TLID": 0.0, "SIDE1": null, "SOURCE": null, "FENAME": null, "FETYPE": null, "CFCC": "A71", "FRADDL": null, "TOADDL": null, "FRADDR": null, "TOADDR": null, "FRIADDL": null, "TOIADDL": null, "FRIADDR": null, "TOIADDR": null, "ZIPL": null, "ZIPR": null, "Shape_len": 45.0926047551}, "geometry": {"type": "LineString", "coordinates": [[-66.0458972772181, 18.402536074440988], [-66.04589382466229, 18.40294345750915]]}}, {"id": "255593", "type": "Feature", "properties": {"ID": 0.0, "RT": null, "VERSION": 0.0, "TLID": 0.0, "SIDE1": null, "SOURCE": null, "FENAME": null, "FETYPE": null, "CFCC": "A71", "FRADDL": null, "TOADDL": null, "FRADDR": null, "TOADDR": null, "FRIADDL": null, "TOIADDL": null, "FRIADDR": null, "TOIADDR": null, "ZIPL": null, "ZIPR": null, "Shape_len": 44.4993057498}, "geometry": {"type": "LineString", "coordinates": [[-66.04656077018687, 18.40254173015405], [-66.0465206215673, 18.402941935267133]]}}, {"id": "255106", "type": "Feature", "properties": {"ID": 0.0, "RT": null, "VERSION": 0.0, "TLID": 0.0, "SIDE1": null, "SOURCE": null, "FENAME": null, "FETYPE": null, "CFCC": "A41", "FRADDL": null, "TOADDL": null, "FRADDR": null, "TOADDR": null, "FRIADDL": null, "TOIADDL": null, "FRIADDR": null, "TOIADDR": null, "ZIPL": null, "ZIPR": null, "Shape_len": 21.2356562887}, "geometry": {"type": "LineString", "coordinates": [[-66.04500086606416, 18.402837288650087], [-66.04520177999875, 18.402842123176157]]}}, {"id": "251562", "type": "Feature", "properties": {"ID": 0.0, "RT": null, "VERSION": 0.0, "TLID": 0.0, "SIDE1": null, "SOURCE": null, "FENAME": null, "FETYPE": null, "CFCC": "A41", "FRADDL": null, "TOADDL": null, "FRADDR": null, "TOADDR": null, "FRIADDL": null, "TOIADDL": null, "FRIADDR": null, "TOIADDR": null, "ZIPL": null, "ZIPR": null, "Shape_len": 57.9666764113}, "geometry": {"type": "LineString", "coordinates": [[-66.04520177999875, 18.402842123176157], [-66.04558389597089, 18.402851329833144], [-66.0457502116583, 18.402855333125256]]}}, {"id": "255487", "type": "Feature", "properties": {"ID": 0.0, "RT": null, "VERSION": 0.0, "TLID": 0.0, "SIDE1": null, "SOURCE": null, "FENAME": null, "FETYPE": null, "CFCC": "A41", "FRADDL": null, "TOADDL": null, "FRADDR": null, "TOADDR": null, "FRIADDL": null, "TOIADDL": null, "FRIADDR": null, "TOIADDR": null, "ZIPL": null, "ZIPR": null, "Shape_len": 119.201045577}, "geometry": {"type": "LineString", "coordinates": [[-66.04524597047008, 18.40190285051027], [-66.04412580619221, 18.40203062529366]]}}, {"id": "253464", "type": "Feature", "properties": {"ID": 0.0, "RT": null, "VERSION": 0.0, "TLID": 0.0, "SIDE1": null, "SOURCE": null, "FENAME": null, "FETYPE": null, "CFCC": "A41", "FRADDL": null, "TOADDL": null, "FRADDR": null, "TOADDR": null, "FRIADDL": null, "TOIADDL": null, "FRIADDR": null, "TOIADDR": null, "ZIPL": null, "ZIPR": null, "Shape_len": 8.39855249076}, "geometry": {"type": "LineString", "coordinates": [[-66.0457502116583, 18.402855333125256], [-66.04582967155955, 18.402857250903995]]}}, {"id": "255507", "type": "Feature", "properties": {"ID": 0.0, "RT": null, "VERSION": 0.0, "TLID": 0.0, "SIDE1": null, "SOURCE": null, "FENAME": null, "FETYPE": null, "CFCC": "A41", "FRADDL": null, "TOADDL": null, "FRADDR": null, "TOADDR": null, "FRIADDL": null, "TOIADDL": null, "FRIADDR": null, "TOIADDR": null, "ZIPL": null, "ZIPR": null, "Shape_len": 12.0141786007}, "geometry": {"type": "LineString", "coordinates": [[-66.04500086606416, 18.402837288650087], [-66.04499416982947, 18.4029456442876]]}}, {"id": "255495", "type": "Feature", "properties": {"ID": 0.0, "RT": null, "VERSION": 0.0, "TLID": 0.0, "SIDE1": null, "SOURCE": null, "FENAME": null, "FETYPE": null, "CFCC": "A71", "FRADDL": null, "TOADDL": null, "FRADDR": null, "TOADDR": null, "FRIADDL": null, "TOIADDL": null, "FRIADDR": null, "TOIADDR": null, "ZIPL": null, "ZIPR": null, "Shape_len": 19.9970181227}, "geometry": {"type": "LineString", "coordinates": [[-66.0465206215673, 18.402941935267133], [-66.04633136699927, 18.402942397382017]]}}, {"id": "261366", "type": "Feature", "properties": {"ID": 0.0, "RT": null, "VERSION": 0.0, "TLID": 0.0, "SIDE1": null, "SOURCE": null, "FENAME": null, "FETYPE": null, "CFCC": "A71", "FRADDL": null, "TOADDL": null, "FRADDR": null, "TOADDR": null, "FRIADDL": null, "TOIADDL": null, "FRIADDR": null, "TOIADDR": null, "ZIPL": null, "ZIPR": null, "Shape_len": 46.2316003965}, "geometry": {"type": "LineString", "coordinates": [[-66.04633136699927, 18.402942397382017], [-66.04589382466229, 18.40294345750915]]}}, {"id": "256211", "type": "Feature", "properties": {"ID": 0.0, "RT": null, "VERSION": 0.0, "TLID": 0.0, "SIDE1": null, "SOURCE": null, "FENAME": null, "FETYPE": null, "CFCC": "A71", "FRADDL": null, "TOADDL": null, "FRADDR": null, "TOADDR": null, "FRIADDL": null, "TOIADDL": null, "FRIADDR": null, "TOIADDR": null, "ZIPL": null, "ZIPR": null, "Shape_len": 95.0593341153}, "geometry": {"type": "LineString", "coordinates": [[-66.04589382466229, 18.40294345750915], [-66.04499416982947, 18.4029456442876]]}}, {"id": "255595", "type": "Feature", "properties": {"ID": 0.0, "RT": null, "VERSION": 0.0, "TLID": 0.0, "SIDE1": null, "SOURCE": null, "FENAME": null, "FETYPE": null, "CFCC": "A71", "FRADDL": null, "TOADDL": null, "FRADDR": null, "TOADDR": null, "FRIADDL": null, "TOIADDL": null, "FRIADDR": null, "TOIADDR": null, "ZIPL": null, "ZIPR": null, "Shape_len": 23.4421923593}, "geometry": {"type": "LineString", "coordinates": [[-66.04633136699927, 18.402942397382017], [-66.04648978174745, 18.40309067697999]]}}, {"id": "255309", "type": "Feature", "properties": {"ID": 0.0, "RT": null, "VERSION": 0.0, "TLID": 0.0, "SIDE1": null, "SOURCE": null, "FENAME": null, "FETYPE": null, "CFCC": "A71", "FRADDL": null, "TOADDL": null, "FRADDR": null, "TOADDR": null, "FRIADDL": null, "TOIADDL": null, "FRIADDR": null, "TOIADDR": null, "ZIPL": null, "ZIPR": null, "Shape_len": 18.0536363994}, "geometry": {"type": "LineString", "coordinates": [[-66.0465206215673, 18.402941935267133], [-66.04650433214547, 18.4031043008066]]}}, {"id": "256849", "type": "Feature", "properties": {"ID": 0.0, "RT": null, "VERSION": 0.0, "TLID": 0.0, "SIDE1": null, "SOURCE": null, "FENAME": null, "FETYPE": null, "CFCC": "A71", "FRADDL": null, "TOADDL": null, "FRADDR": null, "TOADDR": null, "FRIADDL": null, "TOIADDL": null, "FRIADDR": null, "TOIADDR": null, "ZIPL": null, "ZIPR": null, "Shape_len": 2.15350190388}, "geometry": {"type": "LineString", "coordinates": [[-66.04648978174745, 18.40309067697999], [-66.04650433214547, 18.4031043008066]]}}, {"id": "255733", "type": "Feature", "properties": {"ID": 0.0, "RT": null, "VERSION": 0.0, "TLID": 0.0, "SIDE1": null, "SOURCE": null, "FENAME": null, "FETYPE": null, "CFCC": "A41", "FRADDL": null, "TOADDL": null, "FRADDR": null, "TOADDR": null, "FRIADDL": null, "TOIADDL": null, "FRIADDR": null, "TOIADDR": null, "ZIPL": null, "ZIPR": null, "Shape_len": 34.847228447}, "geometry": {"type": "LineString", "coordinates": [[-66.04499416982947, 18.4029456442876], [-66.04497474386028, 18.403259930541672]]}}, {"id": "256292", "type": "Feature", "properties": {"ID": 0.0, "RT": null, "VERSION": 0.0, "TLID": 0.0, "SIDE1": null, "SOURCE": null, "FENAME": null, "FETYPE": null, "CFCC": "A71", "FRADDL": null, "TOADDL": null, "FRADDR": null, "TOADDR": null, "FRIADDL": null, "TOIADDL": null, "FRIADDR": null, "TOIADDR": null, "ZIPL": null, "ZIPR": null, "Shape_len": 27.8787973629}, "geometry": {"type": "LineString", "coordinates": [[-66.04648978174745, 18.40309067697999], [-66.04634674827511, 18.403302331242624]]}}, {"id": "256645", "type": "Feature", "properties": {"ID": 0.0, "RT": null, "VERSION": 0.0, "TLID": 0.0, "SIDE1": null, "SOURCE": null, "FENAME": null, "FETYPE": null, "CFCC": "A71", "FRADDL": null, "TOADDL": null, "FRADDR": null, "TOADDR": null, "FRIADDL": null, "TOIADDL": null, "FRIADDR": null, "TOIADDR": null, "ZIPL": null, "ZIPR": null, "Shape_len": 62.669960082}, "geometry": {"type": "LineString", "coordinates": [[-66.04556783007142, 18.403253864667587], [-66.04497474386028, 18.403259930541672]]}}, {"id": "255496", "type": "Feature", "properties": {"ID": 0.0, "RT": null, "VERSION": 0.0, "TLID": 0.0, "SIDE1": null, "SOURCE": null, "FENAME": null, "FETYPE": null, "CFCC": "A71", "FRADDL": null, "TOADDL": null, "FRADDR": null, "TOADDR": null, "FRIADDL": null, "TOIADDL": null, "FRIADDR": null, "TOIADDR": null, "ZIPL": null, "ZIPR": null, "Shape_len": 43.1522042232}, "geometry": {"type": "LineString", "coordinates": [[-66.04634674827511, 18.403302331242624], [-66.04593837350944, 18.4032979418688]]}}, {"id": "256349", "type": "Feature", "properties": {"ID": 0.0, "RT": null, "VERSION": 0.0, "TLID": 0.0, "SIDE1": null, "SOURCE": null, "FENAME": null, "FETYPE": null, "CFCC": "A71", "FRADDL": null, "TOADDL": null, "FRADDR": null, "TOADDR": null, "FRIADDL": null, "TOIADDL": null, "FRIADDR": null, "TOIADDR": null, "ZIPL": null, "ZIPR": null, "Shape_len": 12.8699120483}, "geometry": {"type": "LineString", "coordinates": [[-66.04634674827511, 18.403302331242624], [-66.04628071592195, 18.403400037281983]]}}, {"id": "258737", "type": "Feature", "properties": {"ID": 0.0, "RT": null, "VERSION": 0.0, "TLID": 0.0, "SIDE1": null, "SOURCE": null, "FENAME": null, "FETYPE": null, "CFCC": "A71", "FRADDL": null, "TOADDL": null, "FRADDR": null, "TOADDR": null, "FRIADDL": null, "TOIADDL": null, "FRIADDR": null, "TOIADDR": null, "ZIPL": null, "ZIPR": null, "Shape_len": 54.918795327}, "geometry": {"type": "LineString", "coordinates": [[-66.04650433214547, 18.4031043008066], [-66.0464547813851, 18.40359821358549]]}}, {"id": "255494", "type": "Feature", "properties": {"ID": 0.0, "RT": null, "VERSION": 0.0, "TLID": 0.0, "SIDE1": null, "SOURCE": null, "FENAME": null, "FETYPE": null, "CFCC": "A41", "FRADDL": null, "TOADDL": null, "FRADDR": null, "TOADDR": null, "FRIADDL": null, "TOIADDL": null, "FRIADDR": null, "TOIADDR": null, "ZIPL": null, "ZIPR": null, "Shape_len": 31.8294627014}, "geometry": {"type": "LineString", "coordinates": [[-66.04497474386028, 18.403259930541672], [-66.04495699951252, 18.403546999595093]]}}, {"id": "256646", "type": "Feature", "properties": {"ID": 0.0, "RT": null, "VERSION": 0.0, "TLID": 0.0, "SIDE1": null, "SOURCE": null, "FENAME": null, "FETYPE": null, "CFCC": "A71", "FRADDL": null, "TOADDL": null, "FRADDR": null, "TOADDR": null, "FRIADDL": null, "TOIADDL": null, "FRIADDR": null, "TOIADDR": null, "ZIPL": null, "ZIPR": null, "Shape_len": 7.08217680166}, "geometry": {"type": "LineString", "coordinates": [[-66.04628071592195, 18.403400037281983], [-66.04624437825443, 18.40345380342526]]}}, {"id": "257852", "type": "Feature", "properties": {"ID": 0.0, "RT": null, "VERSION": 0.0, "TLID": 0.0, "SIDE1": null, "SOURCE": null, "FENAME": null, "FETYPE": null, "CFCC": "A71", "FRADDL": null, "TOADDL": null, "FRADDR": null, "TOADDR": null, "FRIADDL": null, "TOIADDL": null, "FRIADDR": null, "TOIADDR": null, "ZIPL": null, "ZIPR": null, "Shape_len": 13.510904503}, "geometry": {"type": "LineString", "coordinates": [[-66.04628071592195, 18.403400037281983], [-66.0463772934038, 18.40348003997389]]}}, {"id": "256182", "type": "Feature", "properties": {"ID": 0.0, "RT": null, "VERSION": 0.0, "TLID": 0.0, "SIDE1": null, "SOURCE": null, "FENAME": null, "FETYPE": null, "CFCC": "A71", "FRADDL": null, "TOADDL": null, "FRADDR": null, "TOADDR": null, "FRIADDL": null, "TOIADDL": null, "FRIADDR": null, "TOIADDR": null, "ZIPL": null, "ZIPR": null, "Shape_len": 6.90095163293}, "geometry": {"type": "LineString", "coordinates": [[-66.04641461996152, 18.40342887778829], [-66.0463772934038, 18.40348003997389]]}}, {"id": "257032", "type": "Feature", "properties": {"ID": 0.0, "RT": null, "VERSION": 0.0, "TLID": 0.0, "SIDE1": null, "SOURCE": null, "FENAME": null, "FETYPE": null, "CFCC": "A71", "FRADDL": null, "TOADDL": null, "FRADDR": null, "TOADDR": null, "FRIADDL": null, "TOIADDL": null, "FRIADDR": null, "TOIADDR": null, "ZIPL": null, "ZIPR": null, "Shape_len": 1.74285176937}, "geometry": {"type": "LineString", "coordinates": [[-66.0463772934038, 18.40348003997389], [-66.04636786682914, 18.403492961330475]]}}, {"id": "258317", "type": "Feature", "properties": {"ID": 0.0, "RT": null, "VERSION": 0.0, "TLID": 0.0, "SIDE1": null, "SOURCE": null, "FENAME": null, "FETYPE": null, "CFCC": "A71", "FRADDL": null, "TOADDL": null, "FRADDR": null, "TOADDR": null, "FRIADDL": null, "TOIADDL": null, "FRIADDR": null, "TOIADDR": null, "ZIPL": null, "ZIPR": null, "Shape_len": 14.834261349}, "geometry": {"type": "LineString", "coordinates": [[-66.04636786682914, 18.403492961330475], [-66.0464547813851, 18.40359821358549]]}}, {"id": "257179", "type": "Feature", "properties": {"ID": 28683.0, "RT": "1", "VERSION": 1006.0, "TLID": 206646953.0, "SIDE1": null, "SOURCE": null, "FENAME": null, "FETYPE": null, "CFCC": "A41", "FRADDL": null, "TOADDL": null, "FRADDR": null, "TOADDR": null, "FRIADDL": null, "TOIADDL": null, "FRIADDR": null, "TOIADDR": null, "ZIPL": null, "ZIPR": null, "Shape_len": 44.403266121}, "geometry": {"type": "LineString", "coordinates": [[-66.04709199890495, 18.403768001693464], [-66.04712399632628, 18.403367997839574]]}}, {"id": "256556", "type": "Feature", "properties": {"ID": 0.0, "RT": null, "VERSION": 0.0, "TLID": 0.0, "SIDE1": null, "SOURCE": null, "FENAME": null, "FETYPE": null, "CFCC": "A71", "FRADDL": null, "TOADDL": null, "FRADDR": null, "TOADDR": null, "FRIADDL": null, "TOIADDL": null, "FRIADDR": null, "TOIADDR": null, "ZIPL": null, "ZIPR": null, "Shape_len": 25.5992703289}, "geometry": {"type": "LineString", "coordinates": [[-66.04636786682914, 18.403492961330475], [-66.04622939764224, 18.403682745416326]]}}, {"id": "257851", "type": "Feature", "properties": {"ID": 18374.0, "RT": "1", "VERSION": 1006.0, "TLID": 206622594.0, "SIDE1": null, "SOURCE": "C", "FENAME": "Avenida Universidad", "FETYPE": null, "CFCC": "A41", "FRADDL": null, "TOADDL": null, "FRADDR": null, "TOADDR": null, "FRIADDL": null, "TOIADDL": null, "FRIADDR": null, "TOIADDR": null, "ZIPL": null, "ZIPR": null, "Shape_len": 135.280158871}, "geometry": {"type": "LineString", "coordinates": [[-66.04622939764224, 18.403682745416326], [-66.04495699951252, 18.403546999595093]]}}, {"id": "255317", "type": "Feature", "properties": {"ID": 0.0, "RT": null, "VERSION": 0.0, "TLID": 0.0, "SIDE1": null, "SOURCE": null, "FENAME": null, "FETYPE": null, "CFCC": "A71", "FRADDL": null, "TOADDL": null, "FRADDR": null, "TOADDR": null, "FRIADDL": null, "TOIADDL": null, "FRIADDR": null, "TOIADDR": null, "ZIPL": null, "ZIPR": null, "Shape_len": 11.9446238836}, "geometry": {"type": "LineString", "coordinates": [[-66.0464547813851, 18.40359821358549], [-66.04644400426774, 18.403705637684133]]}}, {"id": "255492", "type": "Feature", "properties": {"ID": 18374.0, "RT": "1", "VERSION": 1006.0, "TLID": 206622594.0, "SIDE1": null, "SOURCE": "C", "FENAME": "Avenida Universidad", "FETYPE": null, "CFCC": "A41", "FRADDL": null, "TOADDL": null, "FRADDR": null, "TOADDR": null, "FRIADDL": null, "TOIADDL": null, "FRIADDR": null, "TOIADDR": null, "ZIPL": null, "ZIPR": null, "Shape_len": 22.8167246471}, "geometry": {"type": "LineString", "coordinates": [[-66.04644400426774, 18.403705637684133], [-66.04622939764224, 18.403682745416326]]}}, {"id": "255949", "type": "Feature", "properties": {"ID": 18374.0, "RT": "1", "VERSION": 1006.0, "TLID": 206622594.0, "SIDE1": null, "SOURCE": "C", "FENAME": "Avenida Universidad", "FETYPE": null, "CFCC": "A41", "FRADDL": null, "TOADDL": null, "FRADDR": null, "TOADDR": null, "FRIADDL": null, "TOIADDL": null, "FRIADDR": null, "TOIADDR": null, "ZIPL": null, "ZIPR": null, "Shape_len": 15.3092823532}, "geometry": {"type": "LineString", "coordinates": [[-66.0465879979188, 18.40372100150867], [-66.04644400426774, 18.403705637684133]]}}, {"id": "252108", "type": "Feature", "properties": {"ID": 25957.0, "RT": "1", "VERSION": 1006.0, "TLID": 206640059.0, "SIDE1": null, "SOURCE": "C", "FENAME": "Avenida Universidad", "FETYPE": null, "CFCC": "A41", "FRADDL": null, "TOADDL": null, "FRADDR": null, "TOADDR": null, "FRIADDL": null, "TOIADDL": null, "FRIADDR": null, "TOIADDR": null, "ZIPL": null, "ZIPR": null, "Shape_len": 53.5068319533}, "geometry": {"type": "LineString", "coordinates": [[-66.04709199890495, 18.403768001693464], [-66.0465879979188, 18.40372100150867]]}}, {"id": "251064", "type": "Feature", "properties": {"ID": 25956.0, "RT": "1", "VERSION": 1006.0, "TLID": 206640058.0, "SIDE1": null, "SOURCE": "C", "FENAME": "Avenida Universidad", "FETYPE": null, "CFCC": "A41", "FRADDL": null, "TOADDL": null, "FRADDR": null, "TOADDR": null, "FRIADDL": null, "TOIADDL": null, "FRIADDR": null, "TOIADDR": null, "ZIPL": null, "ZIPR": null, "Shape_len": 101.990112538}, "geometry": {"type": "LineString", "coordinates": [[-66.04805200317178, 18.40386399683241], [-66.04709199890495, 18.403768001693464]]}}, {"id": "256298", "type": "Feature", "properties": {"ID": 29857.0, "RT": "1", "VERSION": 1006.0, "TLID": 206648596.0, "SIDE1": null, "SOURCE": "O", "FENAME": null, "FETYPE": null, "CFCC": "A41", "FRADDL": null, "TOADDL": null, "FRADDR": null, "TOADDR": null, "FRIADDL": null, "TOIADDL": null, "FRIADDR": null, "TOIADDR": null, "ZIPL": null, "ZIPR": null, "Shape_len": 67.3129535279}, "geometry": {"type": "LineString", "coordinates": [[-66.04495699951252, 18.403546999595093], [-66.04491711634101, 18.40415395626825]]}}, {"id": "257035", "type": "Feature", "properties": {"ID": 0.0, "RT": null, "VERSION": 0.0, "TLID": 0.0, "SIDE1": null, "SOURCE": null, "FENAME": null, "FETYPE": null, "CFCC": "A71", "FRADDL": null, "TOADDL": null, "FRADDR": null, "TOADDR": null, "FRIADDL": null, "TOIADDL": null, "FRIADDR": null, "TOIADDR": null, "ZIPL": null, "ZIPR": null, "Shape_len": 112.91749032}, "geometry": {"type": "LineString", "coordinates": [[-66.04491711634101, 18.40415395626825], [-66.0459854506327, 18.404179822594354]]}}, {"id": "256198", "type": "Feature", "properties": {"ID": 0.0, "RT": null, "VERSION": 0.0, "TLID": 0.0, "SIDE1": null, "SOURCE": null, "FENAME": null, "FETYPE": null, "CFCC": "A71", "FRADDL": null, "TOADDL": null, "FRADDR": null, "TOADDR": null, "FRIADDL": null, "TOIADDL": null, "FRIADDR": null, "TOIADDR": null, "ZIPL": null, "ZIPR": null, "Shape_len": 8.00886712213}, "geometry": {"type": "LineString", "coordinates": [[-66.0459854506327, 18.404179822594354], [-66.04606122404405, 18.404181658747184]]}}, {"id": "256216", "type": "Feature", "properties": {"ID": 18366.0, "RT": "1", "VERSION": 1006.0, "TLID": 206622568.0, "SIDE1": null, "SOURCE": "C", "FENAME": null, "FETYPE": null, "CFCC": "A41", "FRADDL": null, "TOADDL": null, "FRADDR": null, "TOADDR": null, "FRIADDL": null, "TOIADDL": null, "FRIADDR": null, "TOIADDR": null, "ZIPL": null, "ZIPR": null, "Shape_len": 111.195813904}, "geometry": {"type": "LineString", "coordinates": [[-66.04655337549922, 18.404725073946548], [-66.0465879979188, 18.40372100150867]]}}, {"id": "256299", "type": "Feature", "properties": {"ID": 0.0, "RT": null, "VERSION": 0.0, "TLID": 0.0, "SIDE1": null, "SOURCE": null, "FENAME": null, "FETYPE": null, "CFCC": "A71", "FRADDL": null, "TOADDL": null, "FRADDR": null, "TOADDR": null, "FRIADDL": null, "TOIADDL": null, "FRIADDR": null, "TOIADDR": null, "ZIPL": null, "ZIPR": null, "Shape_len": 18.1694018504}, "geometry": {"type": "LineString", "coordinates": [[-66.04598516449684, 18.404343976715378], [-66.0459854506327, 18.404179822594354]]}}, {"id": "258326", "type": "Feature", "properties": {"ID": 0.0, "RT": null, "VERSION": 0.0, "TLID": 0.0, "SIDE1": null, "SOURCE": null, "FENAME": null, "FETYPE": null, "CFCC": "A71", "FRADDL": null, "TOADDL": null, "FRADDR": null, "TOADDR": null, "FRIADDL": null, "TOIADDL": null, "FRIADDR": null, "TOIADDR": null, "ZIPL": null, "ZIPR": null, "Shape_len": 21.9890257549}, "geometry": {"type": "LineString", "coordinates": [[-66.04619323128306, 18.404348004292903], [-66.04598516449684, 18.404343976715378]]}}, {"id": "256159", "type": "Feature", "properties": {"ID": 0.0, "RT": null, "VERSION": 0.0, "TLID": 0.0, "SIDE1": null, "SOURCE": null, "FENAME": null, "FETYPE": null, "CFCC": "A71", "FRADDL": null, "TOADDL": null, "FRADDR": null, "TOADDR": null, "FRIADDL": null, "TOIADDL": null, "FRIADDR": null, "TOIADDR": null, "ZIPL": null, "ZIPR": null, "Shape_len": 14.7855012583}, "geometry": {"type": "LineString", "coordinates": [[-66.04598492622982, 18.404477558479282], [-66.04598516449684, 18.404343976715378]]}}, {"id": "255643", "type": "Feature", "properties": {"ID": 0.0, "RT": null, "VERSION": 0.0, "TLID": 0.0, "SIDE1": null, "SOURCE": null, "FENAME": null, "FETYPE": null, "CFCC": "A41", "FRADDL": null, "TOADDL": null, "FRADDR": null, "TOADDR": null, "FRIADDL": null, "TOIADDL": null, "FRIADDR": null, "TOIADDR": null, "ZIPL": null, "ZIPR": null, "Shape_len": 54.2913717951}, "geometry": {"type": "LineString", "coordinates": [[-66.04825127836472, 18.40432459642375], [-66.04808197409997, 18.40432068597297], [-66.04805473745198, 18.404331165706093], [-66.0480281781847, 18.404353784886908], [-66.04801690263434, 18.404370449289964], [-66.04797215453638, 18.404507441676067], [-66.04796609568122, 18.404548146993527], [-66.04796344751202, 18.40460141013778], [-66.0479600435089, 18.40460986066171]]}}, {"id": "257918", "type": "Feature", "properties": {"ID": 29857.0, "RT": "1", "VERSION": 1006.0, "TLID": 206648596.0, "SIDE1": null, "SOURCE": "O", "FENAME": null, "FETYPE": null, "CFCC": "A41", "FRADDL": null, "TOADDL": null, "FRADDR": null, "TOADDR": null, "FRIADDL": null, "TOIADDL": null, "FRIADDR": null, "TOIADDR": null, "ZIPL": null, "ZIPR": null, "Shape_len": 111.568286376}, "geometry": {"type": "LineString", "coordinates": [[-66.04491711634101, 18.40415395626825], [-66.04487000360504, 18.404871000248033], [-66.04492200335176, 18.40505199787216], [-66.04498954436457, 18.405130838408475]]}}, {"id": "260235", "type": "Feature", "properties": {"ID": 0.0, "RT": null, "VERSION": 0.0, "TLID": 0.0, "SIDE1": null, "SOURCE": null, "FENAME": null, "FETYPE": null, "CFCC": "A41", "FRADDL": null, "TOADDL": null, "FRADDR": null, "TOADDR": null, "FRIADDL": null, "TOIADDL": null, "FRIADDR": null, "TOIADDR": null, "ZIPL": null, "ZIPR": null, "Shape_len": 41.8455118064}, "geometry": {"type": "LineString", "coordinates": [[-66.0479600435089, 18.40460986066171], [-66.04800578520509, 18.404716396419836], [-66.04804277701072, 18.404764199121015], [-66.04806604809056, 18.40478554150044], [-66.04809158684897, 18.404798281996687], [-66.04812370160855, 18.404807063146972], [-66.04824235755686, 18.40480911012779]]}}, {"id": "256647", "type": "Feature", "properties": {"ID": 0.0, "RT": null, "VERSION": 0.0, "TLID": 0.0, "SIDE1": null, "SOURCE": null, "FENAME": null, "FETYPE": null, "CFCC": "A71", "FRADDL": null, "TOADDL": null, "FRADDR": null, "TOADDR": null, "FRIADDL": null, "TOIADDL": null, "FRIADDR": null, "TOIADDR": null, "ZIPL": null, "ZIPR": null, "Shape_len": 75.0564036162}, "geometry": {"type": "LineString", "coordinates": [[-66.04726343924779, 18.40474442010342], [-66.04699870804879, 18.40473666299348], [-66.04655337549922, 18.404725073946548]]}}, {"id": "255655", "type": "Feature", "properties": {"ID": 18366.0, "RT": "1", "VERSION": 1006.0, "TLID": 206622568.0, "SIDE1": null, "SOURCE": "C", "FENAME": null, "FETYPE": null, "CFCC": "A41", "FRADDL": null, "TOADDL": null, "FRADDR": null, "TOADDR": null, "FRIADDL": null, "TOIADDL": null, "FRIADDR": null, "TOIADDR": null, "ZIPL": null, "ZIPR": null, "Shape_len": 17.2682876076}, "geometry": {"type": "LineString", "coordinates": [[-66.04654799832204, 18.404881002555243], [-66.04655337549922, 18.404725073946548]]}}, {"id": "247784", "type": "Feature", "properties": {"ID": 19391.0, "RT": "1", "VERSION": 1006.0, "TLID": 206625036.0, "SIDE1": null, "SOURCE": "K", "FENAME": "Avenida Universidad", "FETYPE": null, "CFCC": "A41", "FRADDL": null, "TOADDL": null, "FRADDR": null, "TOADDR": null, "FRIADDL": null, "TOIADDL": null, "FRIADDR": null, "TOIADDR": null, "ZIPL": null, "ZIPR": null, "Shape_len": 148.181796249}, "geometry": {"type": "LineString", "coordinates": [[-66.04495699951252, 18.403546999595093], [-66.0436949184753, 18.40343127624828]]}}, {"id": "253887", "type": "Feature", "properties": {"ID": 0.0, "RT": null, "VERSION": 0.0, "TLID": 0.0, "SIDE1": null, "SOURCE": null, "FENAME": null, "FETYPE": null, "CFCC": "A71", "FRADDL": null, "TOADDL": null, "FRADDR": null, "TOADDR": null, "FRIADDL": null, "TOIADDL": null, "FRIADDR": null, "TOIADDR": null, "ZIPL": null, "ZIPR": null, "Shape_len": 141.783467975}, "geometry": {"type": "LineString", "coordinates": [[-66.05064357029428, 18.40288113111898], [-66.05198272298179, 18.402962501868963]]}}, {"id": "249977", "type": "Feature", "properties": {"ID": 0.0, "RT": null, "VERSION": 0.0, "TLID": 0.0, "SIDE1": null, "SOURCE": null, "FENAME": null, "FETYPE": null, "CFCC": "A71", "FRADDL": null, "TOADDL": null, "FRADDR": null, "TOADDR": null, "FRIADDL": null, "TOIADDL": null, "FRIADDR": null, "TOIADDR": null, "ZIPL": null, "ZIPR": null, "Shape_len": 56.0344154595}, "geometry": {"type": "LineString", "coordinates": [[-66.04926390132837, 18.402864120601883], [-66.0490859400122, 18.403040460876326], [-66.04881265360865, 18.40302418207017]]}}, {"id": "251613", "type": "Feature", "properties": {"ID": 0.0, "RT": null, "VERSION": 0.0, "TLID": 0.0, "SIDE1": null, "SOURCE": null, "FENAME": null, "FETYPE": null, "CFCC": "A71", "FRADDL": null, "TOADDL": null, "FRADDR": null, "TOADDR": null, "FRIADDL": null, "TOIADDL": null, "FRIADDR": null, "TOIADDR": null, "ZIPL": null, "ZIPR": null, "Shape_len": 23.8646022331}, "geometry": {"type": "LineString", "coordinates": [[-66.04959608659786, 18.40294954065677], [-66.04955085379501, 18.402978261761323], [-66.04946670228814, 18.402994065792857], [-66.04938261619769, 18.402977925094937]]}}, {"id": "257408", "type": "Feature", "properties": {"ID": 12588.0, "RT": "1", "VERSION": 1006.0, "TLID": 206609599.0, "SIDE1": null, "SOURCE": "C", "FENAME": null, "FETYPE": null, "CFCC": "A41", "FRADDL": null, "TOADDL": null, "FRADDR": null, "TOADDR": null, "FRIADDL": null, "TOIADDL": null, "FRIADDR": null, "TOIADDR": null, "ZIPL": null, "ZIPR": null, "Shape_len": 21.2852148246}, "geometry": {"type": "LineString", "coordinates": [[-66.0506299978617, 18.403072998847474], [-66.05064357029428, 18.40288113111898]]}}, {"id": "254306", "type": "Feature", "properties": {"ID": 0.0, "RT": null, "VERSION": 0.0, "TLID": 0.0, "SIDE1": null, "SOURCE": null, "FENAME": null, "FETYPE": null, "CFCC": "A71", "FRADDL": null, "TOADDL": null, "FRADDR": null, "TOADDR": null, "FRIADDL": null, "TOIADDL": null, "FRIADDR": null, "TOIADDR": null, "ZIPL": null, "ZIPR": null, "Shape_len": 29.2882794648}, "geometry": {"type": "LineString", "coordinates": [[-66.05024415650334, 18.402850678435854], [-66.05022834114399, 18.403114857046837]]}}, {"id": "252998", "type": "Feature", "properties": {"ID": 0.0, "RT": null, "VERSION": 0.0, "TLID": 0.0, "SIDE1": null, "SOURCE": null, "FENAME": null, "FETYPE": null, "CFCC": "A41", "FRADDL": null, "TOADDL": null, "FRADDR": null, "TOADDR": null, "FRIADDL": null, "TOIADDL": null, "FRIADDR": null, "TOIADDR": null, "ZIPL": null, "ZIPR": null, "Shape_len": 48.7120410449}, "geometry": {"type": "LineString", "coordinates": [[-66.05027923628106, 18.402853349574457], [-66.05026565793894, 18.403034775886837], [-66.0502906828253, 18.403069052842355], [-66.05034077383414, 18.40311707099704], [-66.05040167803602, 18.403137727512142], [-66.05046618882304, 18.40314812148532], [-66.0504918363777, 18.40314918365492]]}}, {"id": "250912", "type": "Feature", "properties": {"ID": 0.0, "RT": null, "VERSION": 0.0, "TLID": 0.0, "SIDE1": null, "SOURCE": null, "FENAME": null, "FETYPE": null, "CFCC": "A71", "FRADDL": null, "TOADDL": null, "FRADDR": null, "TOADDR": null, "FRIADDL": null, "TOIADDL": null, "FRIADDR": null, "TOIADDR": null, "ZIPL": null, "ZIPR": null, "Shape_len": 43.4354704243}, "geometry": {"type": "LineString", "coordinates": [[-66.04881265360865, 18.40302418207017], [-66.04840237114358, 18.402999736222]]}}, {"id": "250494", "type": "Feature", "properties": {"ID": 0.0, "RT": null, "VERSION": 0.0, "TLID": 0.0, "SIDE1": null, "SOURCE": null, "FENAME": null, "FETYPE": null, "CFCC": "A71", "FRADDL": null, "TOADDL": null, "FRADDR": null, "TOADDR": null, "FRIADDL": null, "TOIADDL": null, "FRIADDR": null, "TOIADDR": null, "ZIPL": null, "ZIPR": null, "Shape_len": 8.97199060911}, "geometry": {"type": "LineString", "coordinates": [[-66.04938261619769, 18.402977925094937], [-66.04937839243496, 18.403058883640636]]}}, {"id": "251379", "type": "Feature", "properties": {"ID": 0.0, "RT": null, "VERSION": 0.0, "TLID": 0.0, "SIDE1": null, "SOURCE": null, "FENAME": null, "FETYPE": null, "CFCC": "A71", "FRADDL": null, "TOADDL": null, "FRADDR": null, "TOADDR": null, "FRIADDL": null, "TOIADDL": null, "FRIADDR": null, "TOIADDR": null, "ZIPL": null, "ZIPR": null, "Shape_len": 47.1635139952}, "geometry": {"type": "LineString", "coordinates": [[-66.04999038972281, 18.403091393830437], [-66.04975208410748, 18.403080573645624], [-66.04959608659786, 18.40294954065677]]}}, {"id": "250913", "type": "Feature", "properties": {"ID": 12582.0, "RT": "1", "VERSION": 1006.0, "TLID": 206609589.0, "SIDE1": null, "SOURCE": "C", "FENAME": null, "FETYPE": null, "CFCC": "A41", "FRADDL": null, "TOADDL": null, "FRADDR": null, "TOADDR": null, "FRIADDL": null, "TOIADDL": null, "FRIADDR": null, "TOIADDR": null, "ZIPL": null, "ZIPR": null, "Shape_len": 19.8716289732}, "geometry": {"type": "LineString", "coordinates": [[-66.04838989751411, 18.403178874326628], [-66.04840237114358, 18.402999736222]]}}, {"id": "253510", "type": "Feature", "properties": {"ID": 0.0, "RT": null, "VERSION": 0.0, "TLID": 0.0, "SIDE1": null, "SOURCE": null, "FENAME": null, "FETYPE": null, "CFCC": "A71", "FRADDL": null, "TOADDL": null, "FRADDR": null, "TOADDR": null, "FRIADDL": null, "TOIADDL": null, "FRIADDR": null, "TOIADDR": null, "ZIPL": null, "ZIPR": null, "Shape_len": 11.1592792312}, "geometry": {"type": "LineString", "coordinates": [[-66.05012305607843, 18.403106913059965], [-66.05022834114399, 18.403114857046837]]}}, {"id": "250735", "type": "Feature", "properties": {"ID": 0.0, "RT": null, "VERSION": 0.0, "TLID": 0.0, "SIDE1": null, "SOURCE": null, "FENAME": null, "FETYPE": null, "CFCC": "A71", "FRADDL": null, "TOADDL": null, "FRADDR": null, "TOADDR": null, "FRIADDL": null, "TOIADDL": null, "FRIADDR": null, "TOIADDR": null, "ZIPL": null, "ZIPR": null, "Shape_len": 19.3302003683}, "geometry": {"type": "LineString", "coordinates": [[-66.04881265360865, 18.40302418207017], [-66.04879855507009, 18.403198304502034]]}}, {"id": "254977", "type": "Feature", "properties": {"ID": 12581.0, "RT": "1", "VERSION": 1006.0, "TLID": 206609588.0, "SIDE1": null, "SOURCE": "C", "FENAME": null, "FETYPE": null, "CFCC": "A41", "FRADDL": null, "TOADDL": null, "FRADDR": null, "TOADDR": null, "FRIADDL": null, "TOIADDL": null, "FRIADDR": null, "TOIADDR": null, "ZIPL": null, "ZIPR": null, "Shape_len": 9.19683574117}, "geometry": {"type": "LineString", "coordinates": [[-66.05064145945373, 18.40315536559662], [-66.0506299978617, 18.403072998847474]]}}, {"id": "253139", "type": "Feature", "properties": {"ID": 0.0, "RT": null, "VERSION": 0.0, "TLID": 0.0, "SIDE1": null, "SOURCE": null, "FENAME": null, "FETYPE": null, "CFCC": "A41", "FRADDL": null, "TOADDL": null, "FRADDR": null, "TOADDR": null, "FRIADDL": null, "TOIADDL": null, "FRIADDR": null, "TOIADDR": null, "ZIPL": null, "ZIPR": null, "Shape_len": 15.8242048167}, "geometry": {"type": "LineString", "coordinates": [[-66.0504918363777, 18.40314918365492], [-66.05064145945373, 18.40315536559662]]}}, {"id": "253701", "type": "Feature", "properties": {"ID": 12581.0, "RT": "1", "VERSION": 1006.0, "TLID": 206609588.0, "SIDE1": null, "SOURCE": "C", "FENAME": null, "FETYPE": null, "CFCC": "A41", "FRADDL": null, "TOADDL": null, "FRADDR": null, "TOADDR": null, "FRIADDL": null, "TOIADDL": null, "FRIADDR": null, "TOIADDR": null, "ZIPL": null, "ZIPR": null, "Shape_len": 6.00742306318}, "geometry": {"type": "LineString", "coordinates": [[-66.05064894237123, 18.40320916849333], [-66.05064145945373, 18.40315536559662]]}}, {"id": "251495", "type": "Feature", "properties": {"ID": 0.0, "RT": null, "VERSION": 0.0, "TLID": 0.0, "SIDE1": null, "SOURCE": null, "FENAME": null, "FETYPE": null, "CFCC": "A71", "FRADDL": null, "TOADDL": null, "FRADDR": null, "TOADDR": null, "FRIADDL": null, "TOIADDL": null, "FRIADDR": null, "TOIADDR": null, "ZIPL": null, "ZIPR": null, "Shape_len": 33.0963436973}, "geometry": {"type": "LineString", "coordinates": [[-66.04869550572923, 18.403244434968265], [-66.04838989751411, 18.403178874326628]]}}, {"id": "250736", "type": "Feature", "properties": {"ID": 0.0, "RT": null, "VERSION": 0.0, "TLID": 0.0, "SIDE1": null, "SOURCE": null, "FENAME": null, "FETYPE": null, "CFCC": "A71", "FRADDL": null, "TOADDL": null, "FRADDR": null, "TOADDR": null, "FRIADDL": null, "TOIADDL": null, "FRIADDR": null, "TOIADDR": null, "ZIPL": null, "ZIPR": null, "Shape_len": 12.2763013451}, "geometry": {"type": "LineString", "coordinates": [[-66.04879855507009, 18.403198304502034], [-66.04875511961245, 18.403229045561854], [-66.04872801514618, 18.403239335025177], [-66.04869550572923, 18.403244434968265]]}}, {"id": "251729", "type": "Feature", "properties": {"ID": 0.0, "RT": null, "VERSION": 0.0, "TLID": 0.0, "SIDE1": null, "SOURCE": null, "FENAME": null, "FETYPE": null, "CFCC": "A71", "FRADDL": null, "TOADDL": null, "FRADDR": null, "TOADDR": null, "FRIADDL": null, "TOIADDL": null, "FRIADDR": null, "TOIADDR": null, "ZIPL": null, "ZIPR": null, "Shape_len": 14.0897059054}, "geometry": {"type": "LineString", "coordinates": [[-66.04879855507009, 18.403198304502034], [-66.04878828451376, 18.403325222074134]]}}, {"id": "250415", "type": "Feature", "properties": {"ID": 0.0, "RT": null, "VERSION": 0.0, "TLID": 0.0, "SIDE1": null, "SOURCE": null, "FENAME": null, "FETYPE": null, "CFCC": "A71", "FRADDL": null, "TOADDL": null, "FRADDR": null, "TOADDR": null, "FRIADDL": null, "TOIADDL": null, "FRIADDR": null, "TOIADDR": null, "ZIPL": null, "ZIPR": null, "Shape_len": 13.2687354562}, "geometry": {"type": "LineString", "coordinates": [[-66.04869550572923, 18.403244434968265], [-66.04872523635284, 18.403270352738758], [-66.04878828451376, 18.403325222074134]]}}, {"id": "250516", "type": "Feature", "properties": {"ID": 0.0, "RT": null, "VERSION": 0.0, "TLID": 0.0, "SIDE1": null, "SOURCE": null, "FENAME": null, "FETYPE": null, "CFCC": "A71", "FRADDL": null, "TOADDL": null, "FRADDR": null, "TOADDR": null, "FRIADDL": null, "TOIADDL": null, "FRIADDR": null, "TOIADDR": null, "ZIPL": null, "ZIPR": null, "Shape_len": 50.851213214}, "geometry": {"type": "LineString", "coordinates": [[-66.05022834114399, 18.403114857046837], [-66.05022586074496, 18.40315623725293], [-66.0502609833907, 18.403195086953783], [-66.05027719464125, 18.403213220308558], [-66.05028258739857, 18.403226153380327], [-66.05023226012078, 18.403551524509766]]}}, {"id": "247506", "type": "Feature", "properties": {"ID": 12503.0, "RT": "1", "VERSION": 1006.0, "TLID": 206609480.0, "SIDE1": null, "SOURCE": "C", "FENAME": "Avenida Universidad", "FETYPE": null, "CFCC": "A41", "FRADDL": null, "TOADDL": null, "FRADDR": null, "TOADDR": null, "FRIADDL": null, "TOIADDL": null, "FRIADDR": null, "TOIADDR": null, "ZIPL": null, "ZIPR": null, "Shape_len": 28.1063936052}, "geometry": {"type": "LineString", "coordinates": [[-66.05356000109202, 18.40304199848615], [-66.0532949974823, 18.403019998215118]]}}, {"id": "245424", "type": "Feature", "properties": {"ID": 12512.0, "RT": "1", "VERSION": 1006.0, "TLID": 206609492.0, "SIDE1": null, "SOURCE": "C", "FENAME": "Avenida Universidad", "FETYPE": null, "CFCC": "A41", "FRADDL": null, "TOADDL": null, "FRADDR": "50", "TOADDR": "48", "FRIADDL": null, "TOIADDL": null, "FRIADDR": "0", "TOIADDR": "0", "ZIPL": null, "ZIPR": "00925", "Shape_len": 31.6120548478}, "geometry": {"type": "LineString", "coordinates": [[-66.0538589997159, 18.403051998022054], [-66.05356000109202, 18.40304199848615]]}}, {"id": "248238", "type": "Feature", "properties": {"ID": 12502.0, "RT": "1", "VERSION": 1006.0, "TLID": 206609479.0, "SIDE1": null, "SOURCE": "C", "FENAME": "Avenida Universidad", "FETYPE": null, "CFCC": "A41", "FRADDL": "105", "TOADDL": "103", "FRADDR": "98", "TOADDR": "52", "FRIADDL": "0", "TOIADDL": "1", "FRIADDR": "0", "TOIADDR": "0", "ZIPL": "00925", "ZIPR": "00925", "Shape_len": 54.4114807232}, "geometry": {"type": "LineString", "coordinates": [[-66.05437299954801, 18.40308200191807], [-66.0538589997159, 18.403051998022054]]}}, {"id": "266435", "type": "Feature", "properties": {"ID": 30433.0, "RT": "1", "VERSION": 1006.0, "TLID": 206649259.0, "SIDE1": null, "SOURCE": "O", "FENAME": "Avenida Universidad", "FETYPE": null, "CFCC": "A41", "FRADDL": "117", "TOADDL": "107", "FRADDR": "108", "TOADDR": "100", "FRIADDL": "1", "TOIADDL": "0", "FRIADDR": "0", "TOIADDR": "0", "ZIPL": "00925", "ZIPR": "00925", "Shape_len": 64.9131760492}, "geometry": {"type": "LineString", "coordinates": [[-66.05498600049093, 18.403120002077493], [-66.05476200169346, 18.403109999641746], [-66.05437299954801, 18.40308200191807]]}}, {"id": "254317", "type": "Feature", "properties": {"ID": 12483.0, "RT": "1", "VERSION": 1006.0, "TLID": 206609456.0, "SIDE1": null, "SOURCE": "C", "FENAME": "Calle Cabrera", "FETYPE": null, "CFCC": "A41", "FRADDL": null, "TOADDL": null, "FRADDR": null, "TOADDR": null, "FRIADDL": null, "TOIADDL": null, "FRIADDR": null, "TOIADDR": null, "ZIPL": null, "ZIPR": null, "Shape_len": 56.2477665861}, "geometry": {"type": "LineString", "coordinates": [[-66.05384699930228, 18.403469999878173], [-66.05356000109202, 18.40304199848615]]}}, {"id": "253110", "type": "Feature", "properties": {"ID": 19755.0, "RT": "1", "VERSION": 1006.0, "TLID": 206625833.0, "SIDE1": null, "SOURCE": "C", "FENAME": "Ave Ponce de Le\u00f3n (PR-25)", "FETYPE": null, "CFCC": "A21", "FRADDL": null, "TOADDL": null, "FRADDR": null, "TOADDR": null, "FRIADDL": null, "TOIADDL": null, "FRIADDR": null, "TOIADDR": null, "ZIPL": null, "ZIPR": null, "Shape_len": 81.0045041296}, "geometry": {"type": "LineString", "coordinates": [[-66.05200200062508, 18.403697001839472], [-66.05205018142806, 18.40296660038359]]}}, {"id": "246878", "type": "Feature", "properties": {"ID": 12494.0, "RT": "1", "VERSION": 1006.0, "TLID": 206609468.0, "SIDE1": null, "SOURCE": "C", "FENAME": "Calle Manila", "FETYPE": null, "CFCC": "A41", "FRADDL": null, "TOADDL": null, "FRADDR": null, "TOADDR": null, "FRIADDL": null, "TOIADDL": null, "FRIADDR": null, "TOIADDR": null, "ZIPL": null, "ZIPR": null, "Shape_len": 61.7667755143}, "geometry": {"type": "LineString", "coordinates": [[-66.05432299665802, 18.40363799849499], [-66.05437299954801, 18.40308200191807]]}}, {"id": "253382", "type": "Feature", "properties": {"ID": 19753.0, "RT": "1", "VERSION": 1006.0, "TLID": 206625831.0, "SIDE1": null, "SOURCE": "J", "FENAME": "Calle Pedreira", "FETYPE": null, "CFCC": "A41", "FRADDL": null, "TOADDL": null, "FRADDR": null, "TOADDR": null, "FRIADDL": null, "TOIADDL": null, "FRIADDR": null, "TOIADDR": null, "ZIPL": null, "ZIPR": null, "Shape_len": 84.6911306847}, "geometry": {"type": "LineString", "coordinates": [[-66.0525980002449, 18.403749998689758], [-66.05264200232176, 18.40298599695769]]}}, {"id": "250239", "type": "Feature", "properties": {"ID": 12488.0, "RT": "1", "VERSION": 1006.0, "TLID": 206609461.0, "SIDE1": null, "SOURCE": "C", "FENAME": "Calle Aguada", "FETYPE": null, "CFCC": "A41", "FRADDL": null, "TOADDL": null, "FRADDR": null, "TOADDR": null, "FRIADDL": null, "TOIADDL": null, "FRIADDR": null, "TOIADDR": null, "ZIPL": null, "ZIPR": null, "Shape_len": 23.3873479354}, "geometry": {"type": "LineString", "coordinates": [[-66.05400599720151, 18.403616998699995], [-66.05384699930228, 18.403469999878173]]}}, {"id": "248728", "type": "Feature", "properties": {"ID": 12480.0, "RT": "1", "VERSION": 1006.0, "TLID": 206609453.0, "SIDE1": null, "SOURCE": "C", "FENAME": "Calle Baldorioty de Castro", "FETYPE": null, "CFCC": "A41", "FRADDL": null, "TOADDL": null, "FRADDR": "864", "TOADDR": "872", "FRIADDL": null, "TOIADDL": null, "FRIADDR": "0", "TOIADDR": "0", "ZIPL": null, "ZIPR": "00925", "Shape_len": 119.661149198}, "geometry": {"type": "LineString", "coordinates": [[-66.05331000099045, 18.40410100112354], [-66.0532949974823, 18.403019998215118]]}}, {"id": "248395", "type": "Feature", "properties": {"ID": 0.0, "RT": null, "VERSION": 0.0, "TLID": 0.0, "SIDE1": null, "SOURCE": null, "FENAME": null, "FETYPE": null, "CFCC": "A71", "FRADDL": null, "TOADDL": null, "FRADDR": null, "TOADDR": null, "FRIADDL": null, "TOIADDL": null, "FRIADDR": null, "TOIADDR": null, "ZIPL": null, "ZIPR": null, "Shape_len": 52.959944624}, "geometry": {"type": "LineString", "coordinates": [[-66.0504918363777, 18.40314918365492], [-66.05046599392108, 18.40323710908212], [-66.05036896388428, 18.40334301686846], [-66.05027905493311, 18.403466052314894], [-66.05023226012078, 18.403551524509766]]}}, {"id": "252115", "type": "Feature", "properties": {"ID": 12582.0, "RT": "1", "VERSION": 1006.0, "TLID": 206609589.0, "SIDE1": null, "SOURCE": "C", "FENAME": null, "FETYPE": null, "CFCC": "A41", "FRADDL": null, "TOADDL": null, "FRADDR": null, "TOADDR": null, "FRIADDL": null, "TOIADDL": null, "FRIADDR": null, "TOIADDR": null, "ZIPL": null, "ZIPR": null, "Shape_len": 80.1282978792}, "geometry": {"type": "LineString", "coordinates": [[-66.04829199847767, 18.40388799959754], [-66.04831297903463, 18.403868991184623], [-66.04833503481123, 18.403811268615296], [-66.04835500005663, 18.403679999555106], [-66.04838989751411, 18.403178874326628]]}}, {"id": "255263", "type": "Feature", "properties": {"ID": 12581.0, "RT": "1", "VERSION": 1006.0, "TLID": 206609588.0, "SIDE1": null, "SOURCE": "C", "FENAME": null, "FETYPE": null, "CFCC": "A41", "FRADDL": null, "TOADDL": null, "FRADDR": null, "TOADDR": null, "FRIADDL": null, "TOIADDL": null, "FRIADDR": null, "TOIADDR": null, "ZIPL": null, "ZIPR": null, "Shape_len": 104.659501672}, "geometry": {"type": "LineString", "coordinates": [[-66.0512970023975, 18.403874998888764], [-66.05096200355756, 18.403677998802046], [-66.05076399934288, 18.403477001599644], [-66.05066200104966, 18.403302999820717], [-66.05064894237123, 18.40320916849333]]}}, {"id": "250831", "type": "Feature", "properties": {"ID": 0.0, "RT": null, "VERSION": 0.0, "TLID": 0.0, "SIDE1": null, "SOURCE": null, "FENAME": null, "FETYPE": null, "CFCC": "A71", "FRADDL": null, "TOADDL": null, "FRADDR": null, "TOADDR": null, "FRIADDL": null, "TOIADDL": null, "FRIADDR": null, "TOIADDR": null, "ZIPL": null, "ZIPR": null, "Shape_len": 6.90228883849}, "geometry": {"type": "LineString", "coordinates": [[-66.05023226012078, 18.403551524509766], [-66.05022792258666, 18.403613746720435]]}}, {"id": "253956", "type": "Feature", "properties": {"ID": 0.0, "RT": null, "VERSION": 0.0, "TLID": 0.0, "SIDE1": null, "SOURCE": null, "FENAME": null, "FETYPE": null, "CFCC": "A41", "FRADDL": null, "TOADDL": null, "FRADDR": null, "TOADDR": null, "FRIADDL": null, "TOIADDL": null, "FRIADDR": null, "TOIADDR": null, "ZIPL": null, "ZIPR": null, "Shape_len": 90.6282949423}, "geometry": {"type": "LineString", "coordinates": [[-66.05064894237123, 18.40320916849333], [-66.05054116341486, 18.40329544243955], [-66.05047271049209, 18.40344590400344], [-66.05045794118456, 18.403640963073613], [-66.05048736919387, 18.40396466299396]]}}, {"id": "250580", "type": "Feature", "properties": {"ID": 0.0, "RT": null, "VERSION": 0.0, "TLID": 0.0, "SIDE1": null, "SOURCE": null, "FENAME": null, "FETYPE": null, "CFCC": "A71", "FRADDL": null, "TOADDL": null, "FRADDR": null, "TOADDR": null, "FRIADDL": null, "TOIADDL": null, "FRIADDR": null, "TOIADDR": null, "ZIPL": null, "ZIPR": null, "Shape_len": 66.0681025776}, "geometry": {"type": "LineString", "coordinates": [[-66.04878828451376, 18.403325222074134], [-66.04877346209523, 18.403508296412674], [-66.0487025223865, 18.403748597729223], [-66.0486478904605, 18.403903684998642]]}}, {"id": "255957", "type": "Feature", "properties": {"ID": 0.0, "RT": null, "VERSION": 0.0, "TLID": 0.0, "SIDE1": null, "SOURCE": null, "FENAME": null, "FETYPE": null, "CFCC": "A71", "FRADDL": null, "TOADDL": null, "FRADDR": null, "TOADDR": null, "FRIADDL": null, "TOIADDL": null, "FRIADDR": null, "TOIADDR": null, "ZIPL": null, "ZIPR": null, "Shape_len": 37.2196370377}, "geometry": {"type": "LineString", "coordinates": [[-66.04933940324953, 18.403597657407015], [-66.04931357591114, 18.403933019083368]]}}, {"id": "253867", "type": "Feature", "properties": {"ID": 0.0, "RT": null, "VERSION": 0.0, "TLID": 0.0, "SIDE1": null, "SOURCE": null, "FENAME": null, "FETYPE": null, "CFCC": "A71", "FRADDL": null, "TOADDL": null, "FRADDR": null, "TOADDR": null, "FRIADDL": null, "TOIADDL": null, "FRIADDR": null, "TOIADDR": null, "ZIPL": null, "ZIPR": null, "Shape_len": 44.0036183876}, "geometry": {"type": "LineString", "coordinates": [[-66.05022792258666, 18.403613746720435], [-66.05016017773097, 18.40372251363116], [-66.05007027885823, 18.403845544475875], [-66.05000909201709, 18.403951527295757]]}}, {"id": "259548", "type": "Feature", "properties": {"ID": 0.0, "RT": null, "VERSION": 0.0, "TLID": 0.0, "SIDE1": null, "SOURCE": null, "FENAME": null, "FETYPE": null, "CFCC": "A71", "FRADDL": null, "TOADDL": null, "FRADDR": null, "TOADDR": null, "FRIADDL": null, "TOIADDL": null, "FRIADDR": null, "TOIADDR": null, "ZIPL": null, "ZIPR": null, "Shape_len": 46.3547388845}, "geometry": {"type": "LineString", "coordinates": [[-66.04968710665068, 18.4036325801025], [-66.04954339619555, 18.40376919874364], [-66.04938169356758, 18.403933155437628]]}}, {"id": "257409", "type": "Feature", "properties": {"ID": 0.0, "RT": null, "VERSION": 0.0, "TLID": 0.0, "SIDE1": null, "SOURCE": null, "FENAME": null, "FETYPE": null, "CFCC": "A71", "FRADDL": null, "TOADDL": null, "FRADDR": null, "TOADDR": null, "FRIADDL": null, "TOIADDL": null, "FRIADDR": null, "TOIADDR": null, "ZIPL": null, "ZIPR": null, "Shape_len": 42.8795895086}, "geometry": {"type": "LineString", "coordinates": [[-66.05022792258666, 18.403613746720435], [-66.05022485941792, 18.40365761119977], [-66.05027837244668, 18.403777506171632], [-66.05038911790352, 18.403962552429988]]}}, {"id": "249295", "type": "Feature", "properties": {"ID": 12493.0, "RT": "1", "VERSION": 1006.0, "TLID": 206609467.0, "SIDE1": null, "SOURCE": "C", "FENAME": "Calle Domingo Cabrera", "FETYPE": null, "CFCC": "A41", "FRADDL": null, "TOADDL": null, "FRADDR": null, "TOADDR": null, "FRIADDL": null, "TOIADDL": null, "FRIADDR": null, "TOIADDR": null, "ZIPL": null, "ZIPR": null, "Shape_len": 33.5751116974}, "geometry": {"type": "LineString", "coordinates": [[-66.05432299665802, 18.40363799849499], [-66.05400599720151, 18.403616998699995]]}}, {"id": "249180", "type": "Feature", "properties": {"ID": 12491.0, "RT": "1", "VERSION": 1006.0, "TLID": 206609465.0, "SIDE1": null, "SOURCE": "C", "FENAME": "Calle Domingo Cabrera", "FETYPE": null, "CFCC": "A41", "FRADDL": "27", "TOADDL": "35", "FRADDR": "110", "TOADDR": "100", "FRIADDL": "1", "TOIADDL": "1", "FRIADDR": "0", "TOIADDR": "0", "ZIPL": "00925", "ZIPR": "00925", "Shape_len": 20.2325148313}, "geometry": {"type": "LineString", "coordinates": [[-66.05451399635876, 18.403651000840103], [-66.05432299665802, 18.40363799849499]]}}, {"id": "248421", "type": "Feature", "properties": {"ID": 12484.0, "RT": "1", "VERSION": 1006.0, "TLID": 206609457.0, "SIDE1": null, "SOURCE": "C", "FENAME": "Calle Cabrera", "FETYPE": null, "CFCC": "A41", "FRADDL": "864", "TOADDL": "868", "FRADDR": null, "TOADDR": null, "FRIADDL": "0", "TOIADDL": "0", "FRIADDR": null, "TOIADDR": null, "ZIPL": "00925", "ZIPR": null, "Shape_len": 69.4416637923}, "geometry": {"type": "LineString", "coordinates": [[-66.05382399530849, 18.40409699722853], [-66.05384699930228, 18.403469999878173]]}}, {"id": "249603", "type": "Feature", "properties": {"ID": 19754.0, "RT": "1", "VERSION": 1006.0, "TLID": 206625832.0, "SIDE1": null, "SOURCE": "C", "FENAME": "Ave Ponce de Le\u00f3n (PR-25)", "FETYPE": null, "CFCC": "A21", "FRADDL": null, "TOADDL": null, "FRADDR": null, "TOADDR": null, "FRIADDL": null, "TOIADDL": null, "FRIADDR": null, "TOIADDR": null, "ZIPL": null, "ZIPR": null, "Shape_len": 23.8495811338}, "geometry": {"type": "LineString", "coordinates": [[-66.05198699927794, 18.403911998284723], [-66.05200200062508, 18.403697001839472]]}}, {"id": "249045", "type": "Feature", "properties": {"ID": 12479.0, "RT": "1", "VERSION": 1006.0, "TLID": 206609452.0, "SIDE1": null, "SOURCE": "C", "FENAME": "Calle A\u00f1asco", "FETYPE": null, "CFCC": "A41", "FRADDL": null, "TOADDL": null, "FRADDR": null, "TOADDR": null, "FRIADDL": null, "TOIADDL": null, "FRIADDR": null, "TOIADDR": null, "ZIPL": null, "ZIPR": null, "Shape_len": 52.9081040356}, "geometry": {"type": "LineString", "coordinates": [[-66.0542470017837, 18.404035997591425], [-66.05400599720151, 18.403616998699995]]}}, {"id": "257251", "type": "Feature", "properties": {"ID": 12580.0, "RT": "1", "VERSION": 1006.0, "TLID": 206609587.0, "SIDE1": null, "SOURCE": "C", "FENAME": "Avenida Universidad", "FETYPE": null, "CFCC": "A41", "FRADDL": null, "TOADDL": null, "FRADDR": null, "TOADDR": null, "FRIADDL": null, "TOIADDL": null, "FRIADDR": null, "TOIADDR": null, "ZIPL": null, "ZIPR": null, "Shape_len": 65.3955347474}, "geometry": {"type": "LineString", "coordinates": [[-66.05191494600842, 18.40390813635634], [-66.0512970023975, 18.403874998888764]]}}, {"id": "256406", "type": "Feature", "properties": {"ID": 12580.0, "RT": "1", "VERSION": 1006.0, "TLID": 206609587.0, "SIDE1": null, "SOURCE": "C", "FENAME": "Avenida Universidad", "FETYPE": null, "CFCC": "A41", "FRADDL": null, "TOADDL": null, "FRADDR": null, "TOADDR": null, "FRIADDL": null, "TOIADDL": null, "FRIADDR": null, "TOIADDR": null, "ZIPL": null, "ZIPR": null, "Shape_len": 7.62521693921}, "geometry": {"type": "LineString", "coordinates": [[-66.05198699927794, 18.403911998284723], [-66.05191494600842, 18.40390813635634]]}}, {"id": "248333", "type": "Feature", "properties": {"ID": 12492.0, "RT": "1", "VERSION": 1006.0, "TLID": 206609466.0, "SIDE1": null, "SOURCE": "C", "FENAME": "Calle Josefa Cabrera", "FETYPE": null, "CFCC": "A41", "FRADDL": null, "TOADDL": null, "FRADDR": null, "TOADDR": null, "FRIADDL": null, "TOIADDL": null, "FRIADDR": null, "TOIADDR": null, "ZIPL": null, "ZIPR": null, "Shape_len": 65.012597802}, "geometry": {"type": "LineString", "coordinates": [[-66.05447199606938, 18.40423699749953], [-66.05451399635876, 18.403651000840103]]}}, {"id": "248835", "type": "Feature", "properties": {"ID": 12481.0, "RT": "1", "VERSION": 1006.0, "TLID": 206609454.0, "SIDE1": null, "SOURCE": "C", "FENAME": "Calle Balboa", "FETYPE": null, "CFCC": "A41", "FRADDL": "63", "TOADDL": "59", "FRADDR": null, "TOADDR": null, "FRIADDL": "0", "TOIADDL": "0", "FRIADDR": null, "TOIADDR": null, "ZIPL": "00925", "ZIPR": null, "Shape_len": 45.2023680345}, "geometry": {"type": "LineString", "coordinates": [[-66.0542470017837, 18.404035997591425], [-66.05382399530849, 18.40409699722853]]}}, {"id": "248664", "type": "Feature", "properties": {"ID": 12482.0, "RT": "1", "VERSION": 1006.0, "TLID": 206609455.0, "SIDE1": null, "SOURCE": "C", "FENAME": "Calle Balboa", "FETYPE": null, "CFCC": "A41", "FRADDL": "57", "TOADDL": "53", "FRADDR": null, "TOADDR": null, "FRIADDL": "0", "TOIADDL": "0", "FRIADDR": null, "TOIADDR": null, "ZIPL": "00925", "ZIPR": null, "Shape_len": 54.3109440099}, "geometry": {"type": "LineString", "coordinates": [[-66.05382399530849, 18.40409699722853], [-66.05331000099045, 18.40410100112354]]}}, {"id": "248832", "type": "Feature", "properties": {"ID": 12584.0, "RT": "1", "VERSION": 1006.0, "TLID": 206609591.0, "SIDE1": null, "SOURCE": "C", "FENAME": "Avenida Universidad", "FETYPE": null, "CFCC": "A41", "FRADDL": null, "TOADDL": null, "FRADDR": null, "TOADDR": null, "FRIADDL": null, "TOIADDL": null, "FRIADDR": null, "TOIADDR": null, "ZIPL": null, "ZIPR": null, "Shape_len": 25.4969600002}, "geometry": {"type": "LineString", "coordinates": [[-66.04829199847767, 18.40388799959754], [-66.04805200317178, 18.40386399683241]]}}, {"id": "251360", "type": "Feature", "properties": {"ID": 18370.0, "RT": "1", "VERSION": 1006.0, "TLID": 206622588.0, "SIDE1": null, "SOURCE": "C", "FENAME": "Avenida Universidad", "FETYPE": null, "CFCC": "A41", "FRADDL": null, "TOADDL": null, "FRADDR": null, "TOADDR": null, "FRIADDL": null, "TOIADDL": null, "FRIADDR": null, "TOIADDR": null, "ZIPL": null, "ZIPR": null, "Shape_len": 37.6439907111}, "geometry": {"type": "LineString", "coordinates": [[-66.0486478904605, 18.403903684998642], [-66.04829199847767, 18.40388799959754]]}}, {"id": "258668", "type": "Feature", "properties": {"ID": 18370.0, "RT": "1", "VERSION": 1006.0, "TLID": 206622588.0, "SIDE1": null, "SOURCE": "C", "FENAME": "Avenida Universidad", "FETYPE": null, "CFCC": "A41", "FRADDL": null, "TOADDL": null, "FRADDR": null, "TOADDR": null, "FRIADDL": null, "TOIADDL": null, "FRIADDR": null, "TOIADDR": null, "ZIPL": null, "ZIPR": null, "Shape_len": 40.3669185811}, "geometry": {"type": "LineString", "coordinates": [[-66.04902952560164, 18.403920501862675], [-66.0486478904605, 18.403903684998642]]}}, {"id": "248658", "type": "Feature", "properties": {"ID": 12583.0, "RT": "1", "VERSION": 1006.0, "TLID": 206609590.0, "SIDE1": null, "SOURCE": "C", "FENAME": "Avenida Universidad", "FETYPE": null, "CFCC": "A41", "FRADDL": null, "TOADDL": null, "FRADDR": null, "TOADDR": null, "FRIADDL": null, "TOIADDL": null, "FRIADDR": null, "TOIADDR": null, "ZIPL": null, "ZIPR": null, "Shape_len": 80.095455648}, "geometry": {"type": "LineString", "coordinates": [[-66.0512970023975, 18.403874998888764], [-66.05123980093795, 18.403915509393244], [-66.0511449123759, 18.403961852573865], [-66.05105200053461, 18.403959001302244], [-66.05056478970675, 18.403966328996344]]}}, {"id": "257433", "type": "Feature", "properties": {"ID": 18370.0, "RT": "1", "VERSION": 1006.0, "TLID": 206622588.0, "SIDE1": null, "SOURCE": "C", "FENAME": "Avenida Universidad", "FETYPE": null, "CFCC": "A41", "FRADDL": null, "TOADDL": null, "FRADDR": null, "TOADDR": null, "FRIADDL": null, "TOIADDL": null, "FRIADDR": null, "TOIADDR": null, "ZIPL": null, "ZIPR": null, "Shape_len": 22.0885407261}, "geometry": {"type": "LineString", "coordinates": [[-66.04923835379054, 18.403929710859266], [-66.04902952560164, 18.403920501862675]]}}, {"id": "258850", "type": "Feature", "properties": {"ID": 18370.0, "RT": "1", "VERSION": 1006.0, "TLID": 206622588.0, "SIDE1": null, "SOURCE": "C", "FENAME": "Avenida Universidad", "FETYPE": null, "CFCC": "A41", "FRADDL": null, "TOADDL": null, "FRADDR": null, "TOADDR": null, "FRIADDL": null, "TOIADDL": null, "FRIADDR": null, "TOIADDR": null, "ZIPL": null, "ZIPR": null, "Shape_len": 7.95647985544}, "geometry": {"type": "LineString", "coordinates": [[-66.04931357591114, 18.403933019083368], [-66.04923835379054, 18.403929710859266]]}}, {"id": "254015", "type": "Feature", "properties": {"ID": 18372.0, "RT": "1", "VERSION": 1006.0, "TLID": 206622591.0, "SIDE1": null, "SOURCE": "C", "FENAME": "Avenida Universidad", "FETYPE": null, "CFCC": "A41", "FRADDL": null, "TOADDL": null, "FRADDR": null, "TOADDR": null, "FRIADDL": null, "TOIADDL": null, "FRIADDR": null, "TOIADDR": null, "ZIPL": null, "ZIPR": null, "Shape_len": 7.1974}, "geometry": {"type": "LineString", "coordinates": [[-66.04938169356758, 18.403933155437628], [-66.04931357591114, 18.403933019083368]]}}, {"id": "255091", "type": "Feature", "properties": {"ID": 18372.0, "RT": "1", "VERSION": 1006.0, "TLID": 206622591.0, "SIDE1": null, "SOURCE": "C", "FENAME": "Avenida Universidad", "FETYPE": null, "CFCC": "A41", "FRADDL": null, "TOADDL": null, "FRADDR": null, "TOADDR": null, "FRIADDL": null, "TOIADDL": null, "FRIADDR": null, "TOIADDR": null, "ZIPL": null, "ZIPR": null, "Shape_len": 66.3227664354}, "geometry": {"type": "LineString", "coordinates": [[-66.05000909201709, 18.403951527295757], [-66.04938169356758, 18.403933155437628]]}}, {"id": "253865", "type": "Feature", "properties": {"ID": 18372.0, "RT": "1", "VERSION": 1006.0, "TLID": 206622591.0, "SIDE1": null, "SOURCE": "C", "FENAME": "Avenida Universidad", "FETYPE": null, "CFCC": "A41", "FRADDL": null, "TOADDL": null, "FRADDR": null, "TOADDR": null, "FRIADDL": null, "TOIADDL": null, "FRIADDR": null, "TOIADDR": null, "ZIPL": null, "ZIPR": null, "Shape_len": 40.1724736437}, "geometry": {"type": "LineString", "coordinates": [[-66.05038911790352, 18.403962552429988], [-66.05000909201709, 18.403951527295757]]}}, {"id": "252944", "type": "Feature", "properties": {"ID": 18372.0, "RT": "1", "VERSION": 1006.0, "TLID": 206622591.0, "SIDE1": null, "SOURCE": "C", "FENAME": "Avenida Universidad", "FETYPE": null, "CFCC": "A41", "FRADDL": null, "TOADDL": null, "FRADDR": null, "TOADDR": null, "FRIADDL": null, "TOIADDL": null, "FRIADDR": null, "TOIADDR": null, "ZIPL": null, "ZIPR": null, "Shape_len": 10.3839622905}, "geometry": {"type": "LineString", "coordinates": [[-66.05048736919387, 18.40396466299396], [-66.05038911790352, 18.403962552429988]]}}, {"id": "250211", "type": "Feature", "properties": {"ID": 19752.0, "RT": "1", "VERSION": 1006.0, "TLID": 206625830.0, "SIDE1": null, "SOURCE": "J", "FENAME": "Calle Pedreira", "FETYPE": null, "CFCC": "A41", "FRADDL": null, "TOADDL": null, "FRADDR": null, "TOADDR": null, "FRIADDL": null, "TOIADDL": null, "FRIADDR": null, "TOIADDR": null, "ZIPL": null, "ZIPR": null, "Shape_len": 139.264292391}, "geometry": {"type": "LineString", "coordinates": [[-66.05312399844682, 18.40449899952096], [-66.05255999990925, 18.404467998618934], [-66.0525980002449, 18.403749998689758]]}}, {"id": "251122", "type": "Feature", "properties": {"ID": 17055.0, "RT": "1", "VERSION": 1006.0, "TLID": 206618259.0, "SIDE1": null, "SOURCE": "C", "FENAME": "Calle A\u00f1asco", "FETYPE": null, "CFCC": "A41", "FRADDL": null, "TOADDL": null, "FRADDR": null, "TOADDR": null, "FRIADDL": null, "TOIADDL": null, "FRIADDR": null, "TOIADDR": null, "ZIPL": null, "ZIPR": null, "Shape_len": 31.3533129328}, "geometry": {"type": "LineString", "coordinates": [[-66.05434899956542, 18.404302003888237], [-66.0542470017837, 18.404035997591425]]}}, {"id": "247027", "type": "Feature", "properties": {"ID": 14528.0, "RT": "1", "VERSION": 1006.0, "TLID": 206613001.0, "SIDE1": null, "SOURCE": "J", "FENAME": "Ave Ponce de Le\u00f3n (PR-25)", "FETYPE": null, "CFCC": "A21", "FRADDL": null, "TOADDL": null, "FRADDR": null, "TOADDR": null, "FRIADDL": null, "TOIADDL": null, "FRIADDR": null, "TOIADDR": null, "ZIPL": null, "ZIPR": null, "Shape_len": 76.4956369843}, "geometry": {"type": "LineString", "coordinates": [[-66.05197400030805, 18.40460299886269], [-66.05198699927794, 18.403911998284723]]}}, {"id": "247941", "type": "Feature", "properties": {"ID": 18917.0, "RT": "1", "VERSION": 1006.0, "TLID": 206623938.0, "SIDE1": null, "SOURCE": "C", "FENAME": "Calle A\u00f1asco", "FETYPE": null, "CFCC": "A41", "FRADDL": null, "TOADDL": null, "FRADDR": null, "TOADDR": null, "FRIADDL": null, "TOIADDL": null, "FRIADDR": null, "TOIADDR": null, "ZIPL": null, "ZIPR": null, "Shape_len": 17.1049641835}, "geometry": {"type": "LineString", "coordinates": [[-66.05440500141611, 18.404447000039895], [-66.05434899956542, 18.404302003888237]]}}, {"id": "251373", "type": "Feature", "properties": {"ID": 17057.0, "RT": "1", "VERSION": 1006.0, "TLID": 206618261.0, "SIDE1": null, "SOURCE": "C", "FENAME": "Calle Baldorioty de Castro", "FETYPE": null, "CFCC": "A41", "FRADDL": null, "TOADDL": null, "FRADDR": "858", "TOADDR": "860", "FRIADDL": null, "TOIADDL": null, "FRIADDR": "0", "TOIADDR": "0", "ZIPL": null, "ZIPR": "00925", "Shape_len": 64.567570547}, "geometry": {"type": "LineString", "coordinates": [[-66.05333099829627, 18.40468400261878], [-66.05331000099045, 18.40410100112354]]}}, {"id": "257606", "type": "Feature", "properties": {"ID": 28687.0, "RT": "1", "VERSION": 1006.0, "TLID": 206646957.0, "SIDE1": null, "SOURCE": null, "FENAME": null, "FETYPE": null, "CFCC": "A41", "FRADDL": null, "TOADDL": null, "FRADDR": null, "TOADDR": null, "FRIADDL": null, "TOIADDL": null, "FRIADDR": null, "TOIADDR": null, "ZIPL": null, "ZIPR": null, "Shape_len": 22.808609501}, "geometry": {"type": "LineString", "coordinates": [[-66.05389699972584, 18.40457400009373], [-66.0538450027479, 18.404373999563802]]}}, {"id": "258907", "type": "Feature", "properties": {"ID": 28046.0, "RT": "1", "VERSION": 1006.0, "TLID": 206645480.0, "SIDE1": null, "SOURCE": "K", "FENAME": "Calle Buchanan", "FETYPE": null, "CFCC": "A41", "FRADDL": "65", "TOADDL": "61", "FRADDR": null, "TOADDR": null, "FRIADDL": "0", "TOIADDL": "1", "FRIADDR": null, "TOIADDR": null, "ZIPL": "00925", "ZIPR": null, "Shape_len": 55.4859689396}, "geometry": {"type": "LineString", "coordinates": [[-66.05440500141611, 18.404447000039895], [-66.05389699972584, 18.40457400009373]]}}, {"id": "247640", "type": "Feature", "properties": {"ID": 18918.0, "RT": "1", "VERSION": 1006.0, "TLID": 206623939.0, "SIDE1": null, "SOURCE": "C", "FENAME": "Calle A\u00f1asco", "FETYPE": null, "CFCC": "A41", "FRADDL": null, "TOADDL": null, "FRADDR": null, "TOADDR": null, "FRIADDL": null, "TOIADDL": null, "FRIADDR": null, "TOIADDR": null, "ZIPL": null, "ZIPR": null, "Shape_len": 35.8945085321}, "geometry": {"type": "LineString", "coordinates": [[-66.05453400238399, 18.404747003746827], [-66.05440500141611, 18.404447000039895]]}}, {"id": "258960", "type": "Feature", "properties": {"ID": 28047.0, "RT": "1", "VERSION": 1006.0, "TLID": 206645481.0, "SIDE1": null, "SOURCE": "K", "FENAME": "Calle Buchanan", "FETYPE": null, "CFCC": "A41", "FRADDL": "59", "TOADDL": "53", "FRADDR": null, "TOADDR": null, "FRIADDL": "1", "TOIADDL": "0", "FRIADDR": null, "TOIADDR": null, "ZIPL": "00925", "ZIPR": null, "Shape_len": 61.0309194905}, "geometry": {"type": "LineString", "coordinates": [[-66.05389699972584, 18.40457400009373], [-66.05333099829627, 18.40468400261878]]}}, {"id": "248631", "type": "Feature", "properties": {"ID": 25289.0, "RT": "1", "VERSION": 1006.0, "TLID": 206637810.0, "SIDE1": null, "SOURCE": null, "FENAME": "Calle A\u00f1asco", "FETYPE": null, "CFCC": "A41", "FRADDL": null, "TOADDL": null, "FRADDR": null, "TOADDR": null, "FRIADDL": null, "TOIADDL": null, "FRIADDR": null, "TOIADDR": null, "ZIPL": null, "ZIPR": null, "Shape_len": 9.37602908752}, "geometry": {"type": "LineString", "coordinates": [[-66.05457099613248, 18.404824000749375], [-66.05453400238399, 18.404747003746827]]}}, {"id": "247618", "type": "Feature", "properties": {"ID": 12486.0, "RT": "1", "VERSION": 1006.0, "TLID": 206609459.0, "SIDE1": null, "SOURCE": "C", "FENAME": "Calle Esteban Gonz\u00e1lez", "FETYPE": null, "CFCC": "A41", "FRADDL": null, "TOADDL": null, "FRADDR": null, "TOADDR": null, "FRIADDL": null, "TOIADDL": null, "FRIADDR": null, "TOIADDR": null, "ZIPL": null, "ZIPR": null, "Shape_len": 61.6390847285}, "geometry": {"type": "LineString", "coordinates": [[-66.0555689987111, 18.40371400040837], [-66.05561699950509, 18.40315900062134]]}}, {"id": "265028", "type": "Feature", "properties": {"ID": 30429.0, "RT": "1", "VERSION": 1006.0, "TLID": 206649255.0, "SIDE1": null, "SOURCE": "O", "FENAME": "Calle Domingo Cabrera", "FETYPE": null, "CFCC": "A41", "FRADDL": null, "TOADDL": null, "FRADDR": null, "TOADDR": null, "FRIADDL": null, "TOIADDL": null, "FRIADDR": null, "TOIADDR": null, "ZIPL": null, "ZIPR": null, "Shape_len": 54.8476763324}, "geometry": {"type": "LineString", "coordinates": [[-66.05503200089942, 18.403682999405216], [-66.05476200021609, 18.40366700388937], [-66.05451399635876, 18.403651000840103]]}}, {"id": "249374", "type": "Feature", "properties": {"ID": 12489.0, "RT": "1", "VERSION": 1006.0, "TLID": 206609462.0, "SIDE1": null, "SOURCE": "C", "FENAME": "Calle Domingo Cabrera", "FETYPE": null, "CFCC": "A41", "FRADDL": null, "TOADDL": null, "FRADDR": null, "TOADDR": null, "FRIADDL": null, "TOIADDL": null, "FRIADDR": null, "TOIADDR": null, "ZIPL": null, "ZIPR": null, "Shape_len": 56.8434977098}, "geometry": {"type": "LineString", "coordinates": [[-66.0555689987111, 18.40371400040837], [-66.05503200089942, 18.403682999405216]]}}, {"id": "251732", "type": "Feature", "properties": {"ID": 12487.0, "RT": "1", "VERSION": 1006.0, "TLID": 206609460.0, "SIDE1": null, "SOURCE": "C", "FENAME": "Calle Domingo Cabrera", "FETYPE": null, "CFCC": "A41", "FRADDL": "119", "TOADDL": "117", "FRADDR": null, "TOADDR": null, "FRIADDL": "0", "TOIADDL": "0", "FRIADDR": null, "TOIADDR": null, "ZIPL": "00925", "ZIPR": null, "Shape_len": 88.7836972626}, "geometry": {"type": "LineString", "coordinates": [[-66.05631840641782, 18.403753297334113], [-66.0555689987111, 18.40371400040837]]}}, {"id": "251430", "type": "Feature", "properties": {"ID": 12490.0, "RT": "1", "VERSION": 1006.0, "TLID": 206609464.0, "SIDE1": null, "SOURCE": "C", "FENAME": "Calle \u00c1ngeles Gonz\u00e1lez", "FETYPE": null, "CFCC": "A41", "FRADDL": "26", "TOADDL": "22", "FRADDR": "25", "TOADDR": "21", "FRIADDL": "0", "TOIADDL": "0", "FRIADDR": "0", "TOIADDR": "0", "ZIPL": "00925", "ZIPR": "00925", "Shape_len": 62.8281328706}, "geometry": {"type": "LineString", "coordinates": [[-66.05500399755941, 18.404250000359433], [-66.05503200089942, 18.403682999405216]]}}, {"id": "256263", "type": "Feature", "properties": {"ID": 17828.0, "RT": "1", "VERSION": 1006.0, "TLID": 206620808.0, "SIDE1": null, "SOURCE": "C", "FENAME": "Calle Esteban Gonz\u00e1lez", "FETYPE": null, "CFCC": "A41", "FRADDL": "871", "TOADDL": "879", "FRADDR": "870", "TOADDR": "876", "FRIADDL": "0", "TOIADDL": "0", "FRIADDR": "0", "TOIADDR": "0", "ZIPL": "00925", "ZIPR": "00925", "Shape_len": 75.0466902415}, "geometry": {"type": "LineString", "coordinates": [[-66.05552999661539, 18.404390998661174], [-66.0555689987111, 18.40371400040837]]}}, {"id": "253449", "type": "Feature", "properties": {"ID": 18372.0, "RT": "1", "VERSION": 1006.0, "TLID": 206622591.0, "SIDE1": null, "SOURCE": "C", "FENAME": "Avenida Universidad", "FETYPE": null, "CFCC": "A41", "FRADDL": null, "TOADDL": null, "FRADDR": null, "TOADDR": null, "FRIADDL": null, "TOIADDL": null, "FRIADDR": null, "TOIADDR": null, "ZIPL": null, "ZIPR": null, "Shape_len": 8.18241051158}, "geometry": {"type": "LineString", "coordinates": [[-66.05056478970675, 18.403966328996344], [-66.05048736919387, 18.40396466299396]]}}, {"id": "256215", "type": "Feature", "properties": {"ID": 18365.0, "RT": "1", "VERSION": 1006.0, "TLID": 206622566.0, "SIDE1": null, "SOURCE": "C", "FENAME": null, "FETYPE": null, "CFCC": "A41", "FRADDL": null, "TOADDL": null, "FRADDR": null, "TOADDR": null, "FRIADDL": null, "TOIADDL": null, "FRIADDR": null, "TOIADDR": null, "ZIPL": null, "ZIPR": null, "Shape_len": 48.5158164908}, "geometry": {"type": "LineString", "coordinates": [[-66.04825127836472, 18.40432459642375], [-66.04829199847767, 18.40388799959754]]}}, {"id": "257174", "type": "Feature", "properties": {"ID": 0.0, "RT": null, "VERSION": 0.0, "TLID": 0.0, "SIDE1": null, "SOURCE": null, "FENAME": null, "FETYPE": null, "CFCC": "A74", "FRADDL": null, "TOADDL": null, "FRADDR": null, "TOADDR": null, "FRIADDL": null, "TOIADDL": null, "FRIADDR": null, "TOIADDR": null, "ZIPL": null, "ZIPR": null, "Shape_len": 64.9074468604}, "geometry": {"type": "LineString", "coordinates": [[-66.04923835379054, 18.403929710859266], [-66.04915853880269, 18.40451115667183]]}}, {"id": "268671", "type": "Feature", "properties": {"ID": 0.0, "RT": null, "VERSION": 0.0, "TLID": 0.0, "SIDE1": null, "SOURCE": null, "FENAME": null, "FETYPE": null, "CFCC": "A41", "FRADDL": null, "TOADDL": null, "FRADDR": null, "TOADDR": null, "FRIADDL": null, "TOIADDL": null, "FRIADDR": null, "TOIADDR": null, "ZIPL": null, "ZIPR": null, "Shape_len": 76.4714490969}, "geometry": {"type": "LineString", "coordinates": [[-66.05056478970675, 18.403966328996344], [-66.05061942025955, 18.404002171057456], [-66.05066807227831, 18.404046222734305], [-66.05069380720087, 18.404076178857448], [-66.0507093932539, 18.40410716365995], [-66.05071928868658, 18.40415490637804], [-66.05074870390294, 18.404249901451042], [-66.05075552373891, 18.404304872099154], [-66.05075127673427, 18.40439023953378], [-66.05072978186547, 18.40459113694287]]}}, {"id": "259591", "type": "Feature", "properties": {"ID": 0.0, "RT": null, "VERSION": 0.0, "TLID": 0.0, "SIDE1": null, "SOURCE": null, "FENAME": null, "FETYPE": null, "CFCC": "A74", "FRADDL": null, "TOADDL": null, "FRADDR": null, "TOADDR": null, "FRIADDL": null, "TOIADDL": null, "FRIADDR": null, "TOIADDR": null, "ZIPL": null, "ZIPR": null, "Shape_len": 99.3665882228}, "geometry": {"type": "LineString", "coordinates": [[-66.04902952560164, 18.403920501862675], [-66.04900739359294, 18.404275584554448], [-66.049018991123, 18.404331537872164], [-66.04901529428233, 18.404371617334963], [-66.04900169965161, 18.404402251086875], [-66.04889289448003, 18.40461662383955], [-66.04886015735681, 18.404725139701554], [-66.04884919568704, 18.40478458036849]]}}, {"id": "257698", "type": "Feature", "properties": {"ID": 18365.0, "RT": "1", "VERSION": 1006.0, "TLID": 206622566.0, "SIDE1": null, "SOURCE": "C", "FENAME": null, "FETYPE": null, "CFCC": "A41", "FRADDL": null, "TOADDL": null, "FRADDR": null, "TOADDR": null, "FRIADDL": null, "TOIADDL": null, "FRIADDR": null, "TOIADDR": null, "ZIPL": null, "ZIPR": null, "Shape_len": 53.6438736707}, "geometry": {"type": "LineString", "coordinates": [[-66.04824235755686, 18.40480911012779], [-66.04824900049732, 18.404349002649628], [-66.04825127836472, 18.40432459642375]]}}, {"id": "251688", "type": "Feature", "properties": {"ID": 0.0, "RT": null, "VERSION": 0.0, "TLID": 0.0, "SIDE1": null, "SOURCE": null, "FENAME": null, "FETYPE": null, "CFCC": "A71", "FRADDL": null, "TOADDL": null, "FRADDR": null, "TOADDR": null, "FRIADDL": null, "TOIADDL": null, "FRIADDR": null, "TOIADDR": null, "ZIPL": null, "ZIPR": null, "Shape_len": 42.4608852961}, "geometry": {"type": "LineString", "coordinates": [[-66.04915853880269, 18.40451115667183], [-66.04918264881921, 18.404632708731246], [-66.04933671527155, 18.40477262647011], [-66.0493884132204, 18.404800970548305]]}}, {"id": "267841", "type": "Feature", "properties": {"ID": 0.0, "RT": null, "VERSION": 0.0, "TLID": 0.0, "SIDE1": null, "SOURCE": null, "FENAME": null, "FETYPE": null, "CFCC": "A41", "FRADDL": null, "TOADDL": null, "FRADDR": null, "TOADDR": null, "FRIADDL": null, "TOIADDL": null, "FRIADDR": null, "TOIADDR": null, "ZIPL": null, "ZIPR": null, "Shape_len": 47.140254715}, "geometry": {"type": "LineString", "coordinates": [[-66.05072978186547, 18.40459113694287], [-66.05072362897666, 18.40464871984018], [-66.05072206175576, 18.40467463449519], [-66.05073502483651, 18.40469891846106], [-66.05075315314356, 18.404715594687126], [-66.05079115415192, 18.40472900023683], [-66.05081553121163, 18.404729048848303], [-66.05088050338455, 18.404742100697153], [-66.05090142668985, 18.404746583859446], [-66.05093513695714, 18.4047650212731], [-66.050942708434, 18.404781008773405], [-66.05095100104869, 18.404871000756668]]}}, {"id": "257022", "type": "Feature", "properties": {"ID": 18365.0, "RT": "1", "VERSION": 1006.0, "TLID": 206622566.0, "SIDE1": null, "SOURCE": "C", "FENAME": null, "FETYPE": null, "CFCC": "A41", "FRADDL": null, "TOADDL": null, "FRADDR": null, "TOADDR": null, "FRIADDL": null, "TOIADDL": null, "FRIADDR": null, "TOIADDR": null, "ZIPL": null, "ZIPR": null, "Shape_len": 33.4179757988}, "geometry": {"type": "LineString", "coordinates": [[-66.0482380014217, 18.405111001468963], [-66.04824235755686, 18.40480911012779]]}}, {"id": "251496", "type": "Feature", "properties": {"ID": 0.0, "RT": null, "VERSION": 0.0, "TLID": 0.0, "SIDE1": null, "SOURCE": null, "FENAME": null, "FETYPE": null, "CFCC": "A71", "FRADDL": null, "TOADDL": null, "FRADDR": null, "TOADDR": null, "FRIADDL": null, "TOIADDL": null, "FRIADDR": null, "TOIADDR": null, "ZIPL": null, "ZIPR": null, "Shape_len": 47.2705518696}, "geometry": {"type": "LineString", "coordinates": [[-66.0493884132204, 18.404800970548305], [-66.04946925737015, 18.4048452857174], [-66.0495179093429, 18.40489191979109], [-66.04952052340198, 18.404933291197317], [-66.04949873105375, 18.40499270571104], [-66.04939944245612, 18.40513125436555]]}}, {"id": "262681", "type": "Feature", "properties": {"ID": 17829.0, "RT": "1", "VERSION": 1006.0, "TLID": 206620809.0, "SIDE1": null, "SOURCE": "C", "FENAME": "Calle Esteban Gonz\u00e1lez", "FETYPE": null, "CFCC": "A41", "FRADDL": "861", "TOADDL": "865", "FRADDR": null, "TOADDR": null, "FRIADDL": "0", "TOIADDL": "0", "FRIADDR": null, "TOIADDR": null, "ZIPL": "00925", "ZIPR": null, "Shape_len": 66.9503715742}, "geometry": {"type": "LineString", "coordinates": [[-66.05549599866622, 18.404995001079964], [-66.05552999661539, 18.404390998661174]]}}, {"id": "271228", "type": "Feature", "properties": {"ID": 31018.0, "RT": "1", "VERSION": 1006.0, "TLID": 206649984.0, "SIDE1": null, "SOURCE": "O", "FENAME": "Calle Balseiro", "FETYPE": null, "CFCC": "A41", "FRADDL": "104", "TOADDL": "108", "FRADDR": "107", "TOADDR": "109", "FRIADDL": "0", "TOIADDL": "0", "FRIADDR": "0", "TOIADDR": "0", "ZIPL": "00925", "ZIPR": "00925", "Shape_len": 47.9202213238}, "geometry": {"type": "LineString", "coordinates": [[-66.05453400238399, 18.404747003746827], [-66.05497600153721, 18.404649999777163]]}}, {"id": "256152", "type": "Feature", "properties": {"ID": 17827.0, "RT": "1", "VERSION": 1006.0, "TLID": 206620807.0, "SIDE1": null, "SOURCE": "C", "FENAME": "Calle Esteban Gonz\u00e1lez", "FETYPE": null, "CFCC": "A41", "FRADDL": "853", "TOADDL": "855", "FRADDR": null, "TOADDR": null, "FRIADDL": "0", "TOIADDL": "0", "FRIADDR": null, "TOIADDR": null, "ZIPL": "00925", "ZIPR": null, "Shape_len": 110.453539302}, "geometry": {"type": "LineString", "coordinates": [[-66.05557199923659, 18.405989000399643], [-66.05548800438413, 18.40511399913395], [-66.05549599866622, 18.404995001079964]]}}, {"id": "256780", "type": "Feature", "properties": {"ID": 17831.0, "RT": "1", "VERSION": 1006.0, "TLID": 206620814.0, "SIDE1": null, "SOURCE": "C", "FENAME": "Calle A\u00f1asco", "FETYPE": null, "CFCC": "A41", "FRADDL": "5", "TOADDL": "7", "FRADDR": null, "TOADDR": null, "FRIADDL": "1", "TOIADDL": "1", "FRIADDR": null, "TOIADDR": null, "ZIPL": "00925", "ZIPR": null, "Shape_len": 47.5808691493}, "geometry": {"type": "LineString", "coordinates": [[-66.05473400011806, 18.406014999847798], [-66.05469200066771, 18.405586996748532]]}}, {"id": "266370", "type": "Feature", "properties": {"ID": 30428.0, "RT": "1", "VERSION": 1006.0, "TLID": 206649254.0, "SIDE1": null, "SOURCE": "O", "FENAME": "Calle N\u00famero Uno", "FETYPE": null, "CFCC": "A41", "FRADDL": null, "TOADDL": null, "FRADDR": null, "TOADDR": null, "FRIADDL": null, "TOIADDL": null, "FRIADDR": null, "TOIADDR": null, "ZIPL": null, "ZIPR": null, "Shape_len": 97.9895769061}, "geometry": {"type": "LineString", "coordinates": [[-66.05638346828867, 18.40596691779512], [-66.05638100299429, 18.405967001402367], [-66.05557199923659, 18.405989000399643]]}}, {"id": "260402", "type": "Feature", "properties": {"ID": 28688.0, "RT": "1", "VERSION": 1006.0, "TLID": 206646961.0, "SIDE1": null, "SOURCE": null, "FENAME": null, "FETYPE": null, "CFCC": "A41", "FRADDL": null, "TOADDL": null, "FRADDR": null, "TOADDR": null, "FRIADDL": null, "TOIADDL": null, "FRIADDR": null, "TOIADDR": null, "ZIPL": null, "ZIPR": null, "Shape_len": 52.100375629}, "geometry": {"type": "LineString", "coordinates": [[-66.05090900219132, 18.405339999290806], [-66.05095100104869, 18.404871000756668]]}}, {"id": "259196", "type": "Feature", "properties": {"ID": 28033.0, "RT": "1", "VERSION": 1006.0, "TLID": 206645459.0, "SIDE1": null, "SOURCE": "K", "FENAME": null, "FETYPE": null, "CFCC": "A41", "FRADDL": null, "TOADDL": null, "FRADDR": null, "TOADDR": null, "FRIADDL": null, "TOIADDL": null, "FRIADDR": null, "TOIADDR": null, "ZIPL": null, "ZIPR": null, "Shape_len": 26.5658850944}, "geometry": {"type": "LineString", "coordinates": [[-66.04823499968471, 18.405350998037108], [-66.0482380014217, 18.405111001468963]]}}, {"id": "255993", "type": "Feature", "properties": {"ID": 28186.0, "RT": "1", "VERSION": 1006.0, "TLID": 206645844.0, "SIDE1": null, "SOURCE": "N", "FENAME": "Calle Pastrana", "FETYPE": null, "CFCC": "A41", "FRADDL": null, "TOADDL": null, "FRADDR": null, "TOADDR": null, "FRIADDL": null, "TOIADDL": null, "FRIADDR": null, "TOIADDR": null, "ZIPL": null, "ZIPR": null, "Shape_len": 49.6654637923}, "geometry": {"type": "LineString", "coordinates": [[-66.05044199950564, 18.40528899843303], [-66.05090900219132, 18.405339999290806]]}}, {"id": "252482", "type": "Feature", "properties": {"ID": 0.0, "RT": null, "VERSION": 0.0, "TLID": 0.0, "SIDE1": null, "SOURCE": null, "FENAME": null, "FETYPE": null, "CFCC": "A71", "FRADDL": null, "TOADDL": null, "FRADDR": null, "TOADDR": null, "FRIADDL": null, "TOIADDL": null, "FRIADDR": null, "TOIADDR": null, "ZIPL": null, "ZIPR": null, "Shape_len": 56.4308547658}, "geometry": {"type": "LineString", "coordinates": [[-66.04939944245612, 18.40513125436555], [-66.04909788562976, 18.405552042377145]]}}, {"id": "252549", "type": "Feature", "properties": {"ID": 28187.0, "RT": "1", "VERSION": 1006.0, "TLID": 206645845.0, "SIDE1": null, "SOURCE": "N", "FENAME": "Calle Pastrana", "FETYPE": null, "CFCC": "A41", "FRADDL": null, "TOADDL": null, "FRADDR": null, "TOADDR": null, "FRIADDL": null, "TOIADDL": null, "FRIADDR": null, "TOIADDR": null, "ZIPL": null, "ZIPR": null, "Shape_len": 84.6344121433}, "geometry": {"type": "LineString", "coordinates": [[-66.05090900219132, 18.405339999290806], [-66.05169943708081, 18.40546381445091]]}}, {"id": "253375", "type": "Feature", "properties": {"ID": 28697.0, "RT": "1", "VERSION": 1006.0, "TLID": 206646974.0, "SIDE1": null, "SOURCE": null, "FENAME": null, "FETYPE": null, "CFCC": "A41", "FRADDL": null, "TOADDL": null, "FRADDR": null, "TOADDR": null, "FRIADDL": null, "TOIADDL": null, "FRIADDR": null, "TOIADDR": null, "ZIPL": null, "ZIPR": null, "Shape_len": 101.58479406}, "geometry": {"type": "LineString", "coordinates": [[-66.04823499968471, 18.405350998037108], [-66.04859799968877, 18.40527199810964], [-66.0486990007716, 18.40528500188907], [-66.04909788562976, 18.405552042377145]]}}, {"id": "368999", "type": "Feature", "properties": {"ID": 0.0, "RT": null, "VERSION": 0.0, "TLID": 0.0, "SIDE1": null, "SOURCE": null, "FENAME": null, "FETYPE": null, "CFCC": "A74", "FRADDL": null, "TOADDL": null, "FRADDR": null, "TOADDR": null, "FRIADDL": null, "TOIADDL": null, "FRIADDR": null, "TOIADDR": null, "ZIPL": null, "ZIPR": null, "Shape_len": 82.3733373587}, "geometry": {"type": "LineString", "coordinates": [[-66.05002598975628, 18.4057344110892], [-66.05021490780081, 18.40567640550622], [-66.05026174696657, 18.40561284975043], [-66.05028665813455, 18.405284988604496], [-66.05044199950564, 18.40528899843303]]}}, {"id": "251985", "type": "Feature", "properties": {"ID": 16674.0, "RT": "1", "VERSION": 1006.0, "TLID": 206617452.0, "SIDE1": null, "SOURCE": "J", "FENAME": "Calle Mang\u00f3s", "FETYPE": null, "CFCC": "A41", "FRADDL": null, "TOADDL": null, "FRADDR": null, "TOADDR": null, "FRIADDL": null, "TOIADDL": null, "FRIADDR": null, "TOIADDR": null, "ZIPL": null, "ZIPR": null, "Shape_len": 50.9066002016}, "geometry": {"type": "LineString", "coordinates": [[-66.0503980016877, 18.40574700034637], [-66.05044199950564, 18.40528899843303]]}}, {"id": "252616", "type": "Feature", "properties": {"ID": 28697.0, "RT": "1", "VERSION": 1006.0, "TLID": 206646974.0, "SIDE1": null, "SOURCE": null, "FENAME": null, "FETYPE": null, "CFCC": "A41", "FRADDL": null, "TOADDL": null, "FRADDR": null, "TOADDR": null, "FRIADDL": null, "TOIADDL": null, "FRIADDR": null, "TOIADDR": null, "ZIPL": null, "ZIPR": null, "Shape_len": 77.8942915039}, "geometry": {"type": "LineString", "coordinates": [[-66.04909788562976, 18.405552042377145], [-66.04970146397427, 18.405956123808696]]}}, {"id": "248195", "type": "Feature", "properties": {"ID": 12570.0, "RT": "1", "VERSION": 1006.0, "TLID": 206609571.0, "SIDE1": null, "SOURCE": "C", "FENAME": "Calle Mang\u00f3s", "FETYPE": null, "CFCC": "A41", "FRADDL": null, "TOADDL": null, "FRADDR": null, "TOADDR": null, "FRIADDL": null, "TOIADDL": null, "FRIADDR": null, "TOIADDR": null, "ZIPL": null, "ZIPR": null, "Shape_len": 15.5768995278}, "geometry": {"type": "LineString", "coordinates": [[-66.05038299780563, 18.405887001555172], [-66.0503980016877, 18.40574700034637]]}}, {"id": "248137", "type": "Feature", "properties": {"ID": 12477.0, "RT": "1", "VERSION": 1006.0, "TLID": 206609450.0, "SIDE1": null, "SOURCE": "C", "FENAME": "Calle Baldorioty de Castro", "FETYPE": null, "CFCC": "A41", "FRADDL": null, "TOADDL": null, "FRADDR": "848", "TOADDR": "850", "FRIADDL": null, "TOIADDL": null, "FRIADDR": "0", "TOIADDR": "0", "ZIPL": null, "ZIPR": "00925", "Shape_len": 42.6152750057}, "geometry": {"type": "LineString", "coordinates": [[-66.05340199901875, 18.405063004325243], [-66.05333099829627, 18.40468400261878]]}}, {"id": "248617", "type": "Feature", "properties": {"ID": 12478.0, "RT": "1", "VERSION": 1006.0, "TLID": 206609451.0, "SIDE1": null, "SOURCE": "C", "FENAME": "Calle Balseiro", "FETYPE": null, "CFCC": "A41", "FRADDL": "65", "TOADDL": "51", "FRADDR": "66", "TOADDR": "52", "FRIADDL": "0", "TOIADDL": "0", "FRIADDR": "0", "TOIADDR": "0", "ZIPL": "00925", "ZIPR": "00925", "Shape_len": 126.31789313}, "geometry": {"type": "LineString", "coordinates": [[-66.05457099613248, 18.404824000749375], [-66.05340199901875, 18.405063004325243]]}}, {"id": "253311", "type": "Feature", "properties": {"ID": 16673.0, "RT": "1", "VERSION": 1006.0, "TLID": 206617449.0, "SIDE1": null, "SOURCE": "J", "FENAME": "Ave Ponce de Le\u00f3n (PR-25)", "FETYPE": null, "CFCC": "A21", "FRADDL": null, "TOADDL": null, "FRADDR": null, "TOADDR": null, "FRIADDL": null, "TOIADDL": null, "FRIADDR": null, "TOIADDR": null, "ZIPL": null, "ZIPR": null, "Shape_len": 99.7452943505}, "geometry": {"type": "LineString", "coordinates": [[-66.05195599736192, 18.405503999577395], [-66.05197400030805, 18.40460299886269]]}}, {"id": "251779", "type": "Feature", "properties": {"ID": 19998.0, "RT": "1", "VERSION": 1006.0, "TLID": 206626334.0, "SIDE1": null, "SOURCE": "C", "FENAME": "Calle Baldorioty de Castro", "FETYPE": null, "CFCC": "A41", "FRADDL": null, "TOADDL": null, "FRADDR": "812", "TOADDR": "830", "FRIADDL": null, "TOIADDL": null, "FRIADDR": "0", "TOIADDR": "0", "ZIPL": null, "ZIPR": "00925", "Shape_len": 24.2669634048}, "geometry": {"type": "LineString", "coordinates": [[-66.05344699832024, 18.40527799859828], [-66.05340199901875, 18.405063004325243]]}}, {"id": "276005", "type": "Feature", "properties": {"ID": 31531.0, "RT": "1", "VERSION": 1006.0, "TLID": 206650747.0, "SIDE1": null, "SOURCE": "O", "FENAME": "Calle A\u00f1asco", "FETYPE": null, "CFCC": "A41", "FRADDL": "13", "TOADDL": "17", "FRADDR": null, "TOADDR": null, "FRIADDL": "1", "TOIADDL": "0", "FRIADDR": null, "TOIADDR": null, "ZIPL": "00925", "ZIPR": null, "Shape_len": 85.6118935845}, "geometry": {"type": "LineString", "coordinates": [[-66.05469200066771, 18.405586996748532], [-66.05465999565567, 18.405270002538984], [-66.0546469984726, 18.405130998253913], [-66.05457099613248, 18.404824000749375]]}}, {"id": "255120", "type": "Feature", "properties": {"ID": 19997.0, "RT": "1", "VERSION": 1006.0, "TLID": 206626333.0, "SIDE1": null, "SOURCE": "C", "FENAME": "Calle Baldorioty de Castro", "FETYPE": null, "CFCC": "A41", "FRADDL": null, "TOADDL": null, "FRADDR": "792", "TOADDR": "788", "FRIADDL": null, "TOIADDL": null, "FRIADDR": "1", "TOIADDR": "1", "ZIPL": null, "ZIPR": "00918", "Shape_len": 9.361253955}, "geometry": {"type": "LineString", "coordinates": [[-66.05346400136011, 18.405361002224517], [-66.05344699832024, 18.40527799859828]]}}, {"id": "250613", "type": "Feature", "properties": {"ID": 19758.0, "RT": "1", "VERSION": 1006.0, "TLID": 206625837.0, "SIDE1": null, "SOURCE": "K", "FENAME": "Calle Braulio Dueno", "FETYPE": null, "CFCC": "A41", "FRADDL": "52", "TOADDL": "54", "FRADDR": null, "TOADDR": null, "FRIADDL": "0", "TOIADDL": "0", "FRIADDR": null, "TOIADDR": null, "ZIPL": "00925", "ZIPR": null, "Shape_len": 36.7676967451}, "geometry": {"type": "LineString", "coordinates": [[-66.05346400136011, 18.405361002224517], [-66.05380700112674, 18.405305000298352]]}}, {"id": "255369", "type": "Feature", "properties": {"ID": 28189.0, "RT": "1", "VERSION": 1006.0, "TLID": 206645847.0, "SIDE1": null, "SOURCE": "N", "FENAME": "Ave Ponce de Le\u00f3n (PR-25)", "FETYPE": null, "CFCC": "A21", "FRADDL": null, "TOADDL": null, "FRADDR": null, "TOADDR": null, "FRIADDL": null, "TOIADDL": null, "FRIADDR": null, "TOIADDR": null, "ZIPL": null, "ZIPR": null, "Shape_len": 41.9496384122}, "geometry": {"type": "LineString", "coordinates": [[-66.05195500013339, 18.405882997755338], [-66.05195600020555, 18.40569400244592], [-66.05195599736192, 18.405503999577395]]}}, {"id": "249718", "type": "Feature", "properties": {"ID": 19757.0, "RT": "1", "VERSION": 1006.0, "TLID": 206625835.0, "SIDE1": null, "SOURCE": "C", "FENAME": "Calle Baldorioty de Castro", "FETYPE": null, "CFCC": "A41", "FRADDL": null, "TOADDL": null, "FRADDR": "810", "TOADDR": "800", "FRIADDL": null, "TOIADDL": null, "FRIADDR": "0", "TOIADDR": "0", "ZIPL": null, "ZIPR": "00925", "Shape_len": 104.048144548}, "geometry": {"type": "LineString", "coordinates": [[-66.05365600129053, 18.406283000615833], [-66.05346400136011, 18.405361002224517]]}}, {"id": "264779", "type": "Feature", "properties": {"ID": 28693.0, "RT": "1", "VERSION": 1006.0, "TLID": 206646969.0, "SIDE1": null, "SOURCE": null, "FENAME": null, "FETYPE": null, "CFCC": "A41", "FRADDL": null, "TOADDL": null, "FRADDR": null, "TOADDR": null, "FRIADDL": null, "TOIADDL": null, "FRIADDR": null, "TOIADDR": null, "ZIPL": null, "ZIPR": null, "Shape_len": 24.2484623063}, "geometry": {"type": "LineString", "coordinates": [[-66.05195500013339, 18.405882997755338], [-66.05190154700733, 18.40597295093481], [-66.05187165274296, 18.406019427299896], [-66.05182761007094, 18.40606379031901]]}}, {"id": "255246", "type": "Feature", "properties": {"ID": 0.0, "RT": null, "VERSION": 0.0, "TLID": 0.0, "SIDE1": null, "SOURCE": null, "FENAME": null, "FETYPE": null, "CFCC": "A41", "FRADDL": null, "TOADDL": null, "FRADDR": null, "TOADDR": null, "FRIADDL": null, "TOIADDL": null, "FRIADDR": null, "TOIADDR": null, "ZIPL": null, "ZIPR": null, "Shape_len": 57.1926820733}, "geometry": {"type": "LineString", "coordinates": [[-66.0479600435089, 18.40460986066171], [-66.04785315853209, 18.404875576236336], [-66.04781498713231, 18.4050343589789], [-66.04779824303996, 18.40510166078071]]}}, {"id": "255735", "type": "Feature", "properties": {"ID": 0.0, "RT": null, "VERSION": 0.0, "TLID": 0.0, "SIDE1": null, "SOURCE": null, "FENAME": null, "FETYPE": null, "CFCC": "A71", "FRADDL": null, "TOADDL": null, "FRADDR": null, "TOADDR": null, "FRIADDL": null, "TOIADDL": null, "FRIADDR": null, "TOIADDR": null, "ZIPL": null, "ZIPR": null, "Shape_len": 54.4144663235}, "geometry": {"type": "LineString", "coordinates": [[-66.04726343924779, 18.40474442010342], [-66.04750883154746, 18.404947097271492], [-66.04762935246475, 18.405087931876086]]}}, {"id": "255499", "type": "Feature", "properties": {"ID": 18367.0, "RT": "1", "VERSION": 1006.0, "TLID": 206622569.0, "SIDE1": null, "SOURCE": "C", "FENAME": null, "FETYPE": null, "CFCC": "A71", "FRADDL": null, "TOADDL": null, "FRADDR": null, "TOADDR": null, "FRIADDL": null, "TOIADDL": null, "FRIADDR": null, "TOIADDR": null, "ZIPL": null, "ZIPR": null, "Shape_len": 22.2895783749}, "geometry": {"type": "LineString", "coordinates": [[-66.04654416269956, 18.40508234798045], [-66.04654799832204, 18.404881002555243]]}}, {"id": "258318", "type": "Feature", "properties": {"ID": 0.0, "RT": null, "VERSION": 0.0, "TLID": 0.0, "SIDE1": null, "SOURCE": null, "FENAME": null, "FETYPE": null, "CFCC": "A71", "FRADDL": null, "TOADDL": null, "FRADDR": null, "TOADDR": null, "FRIADDL": null, "TOIADDL": null, "FRIADDR": null, "TOIADDR": null, "ZIPL": null, "ZIPR": null, "Shape_len": 114.695448546}, "geometry": {"type": "LineString", "coordinates": [[-66.04762935246475, 18.405087931876086], [-66.04756525754824, 18.40508440414456], [-66.04735347742492, 18.405076759425143], [-66.04698281341012, 18.405083231951064], [-66.04654416269956, 18.40508234798045]]}}, {"id": "256295", "type": "Feature", "properties": {"ID": 0.0, "RT": null, "VERSION": 0.0, "TLID": 0.0, "SIDE1": null, "SOURCE": null, "FENAME": null, "FETYPE": null, "CFCC": "A71", "FRADDL": null, "TOADDL": null, "FRADDR": null, "TOADDR": null, "FRIADDL": null, "TOIADDL": null, "FRIADDR": null, "TOIADDR": null, "ZIPL": null, "ZIPR": null, "Shape_len": 17.9145701757}, "geometry": {"type": "LineString", "coordinates": [[-66.04779824303996, 18.40510166078071], [-66.04770140116054, 18.405091901109245], [-66.04762935246475, 18.405087931876086]]}}, {"id": "256196", "type": "Feature", "properties": {"ID": 0.0, "RT": null, "VERSION": 0.0, "TLID": 0.0, "SIDE1": null, "SOURCE": null, "FENAME": null, "FETYPE": null, "CFCC": "A41", "FRADDL": null, "TOADDL": null, "FRADDR": null, "TOADDR": null, "FRIADDL": null, "TOIADDL": null, "FRIADDR": null, "TOIADDR": null, "ZIPL": null, "ZIPR": null, "Shape_len": 33.4784590465}, "geometry": {"type": "LineString", "coordinates": [[-66.04799215785744, 18.40530188754439], [-66.04778446292335, 18.40515705360478], [-66.04779824303996, 18.40510166078071]]}}, {"id": "255598", "type": "Feature", "properties": {"ID": 0.0, "RT": null, "VERSION": 0.0, "TLID": 0.0, "SIDE1": null, "SOURCE": null, "FENAME": null, "FETYPE": null, "CFCC": "A71", "FRADDL": null, "TOADDL": null, "FRADDR": null, "TOADDR": null, "FRIADDL": null, "TOIADDL": null, "FRIADDR": null, "TOIADDR": null, "ZIPL": null, "ZIPR": null, "Shape_len": 55.8826534587}, "geometry": {"type": "LineString", "coordinates": [[-66.04823499968471, 18.405350998037108], [-66.0481055407804, 18.405338219651895], [-66.04792434494117, 18.40518260830712], [-66.04785261713666, 18.40512108619555], [-66.0478110520358, 18.40510294776493], [-66.04779824303996, 18.40510166078071]]}}, {"id": "256462", "type": "Feature", "properties": {"ID": 18367.0, "RT": "1", "VERSION": 1006.0, "TLID": 206622569.0, "SIDE1": null, "SOURCE": "C", "FENAME": null, "FETYPE": null, "CFCC": "A71", "FRADDL": null, "TOADDL": null, "FRADDR": null, "TOADDR": null, "FRIADDL": null, "TOIADDL": null, "FRIADDR": null, "TOIADDR": null, "ZIPL": null, "ZIPR": null, "Shape_len": 95.2425188835}, "geometry": {"type": "LineString", "coordinates": [[-66.04652776153739, 18.405942689034443], [-66.04654416269956, 18.40508234798045]]}}, {"id": "259680", "type": "Feature", "properties": {"ID": 28032.0, "RT": "1", "VERSION": 1006.0, "TLID": 206645458.0, "SIDE1": null, "SOURCE": "K", "FENAME": null, "FETYPE": null, "CFCC": "A41", "FRADDL": null, "TOADDL": null, "FRADDR": null, "TOADDR": null, "FRIADDL": null, "TOIADDL": null, "FRIADDR": null, "TOIADDR": null, "ZIPL": null, "ZIPR": null, "Shape_len": 86.7684178289}, "geometry": {"type": "LineString", "coordinates": [[-66.04779699904012, 18.406009000059687], [-66.04819300173243, 18.405469997994462], [-66.04823499968471, 18.405350998037108]]}}, {"id": "256933", "type": "Feature", "properties": {"ID": 0.0, "RT": null, "VERSION": 0.0, "TLID": 0.0, "SIDE1": null, "SOURCE": null, "FENAME": null, "FETYPE": null, "CFCC": "A71", "FRADDL": null, "TOADDL": null, "FRADDR": null, "TOADDR": null, "FRIADDL": null, "TOIADDL": null, "FRIADDR": null, "TOIADDR": null, "ZIPL": null, "ZIPR": null, "Shape_len": 138.36962347}, "geometry": {"type": "LineString", "coordinates": [[-66.0457116824124, 18.405240607603663], [-66.04555283920526, 18.405236679922425], [-66.04551754614488, 18.40633460190507]]}}, {"id": "255213", "type": "Feature", "properties": {"ID": 28188.0, "RT": "1", "VERSION": 1006.0, "TLID": 206645846.0, "SIDE1": null, "SOURCE": "N", "FENAME": "Ave Ponce de Le\u00f3n (PR-25)", "FETYPE": null, "CFCC": "A21", "FRADDL": null, "TOADDL": null, "FRADDR": null, "TOADDR": null, "FRIADDL": null, "TOIADDL": null, "FRIADDR": null, "TOIADDR": null, "ZIPL": null, "ZIPR": null, "Shape_len": 23.2956276252}, "geometry": {"type": "LineString", "coordinates": [[-66.05198100082826, 18.40609199710978], [-66.05195500013339, 18.405882997755338]]}}, {"id": "254793", "type": "Feature", "properties": {"ID": 28694.0, "RT": "1", "VERSION": 1006.0, "TLID": 206646970.0, "SIDE1": null, "SOURCE": null, "FENAME": "Calle Mariana Bracetti", "FETYPE": null, "CFCC": "A41", "FRADDL": null, "TOADDL": null, "FRADDR": null, "TOADDR": null, "FRIADDL": null, "TOIADDL": null, "FRIADDR": null, "TOIADDR": null, "ZIPL": null, "ZIPR": null, "Shape_len": 28.2028040652}, "geometry": {"type": "LineString", "coordinates": [[-66.05170420760656, 18.4060488282737], [-66.05143900069046, 18.406019999355415]]}}, {"id": "254505", "type": "Feature", "properties": {"ID": 28694.0, "RT": "1", "VERSION": 1006.0, "TLID": 206646970.0, "SIDE1": null, "SOURCE": null, "FENAME": "Calle Mariana Bracetti", "FETYPE": null, "CFCC": "A41", "FRADDL": null, "TOADDL": null, "FRADDR": null, "TOADDR": null, "FRIADDL": null, "TOIADDL": null, "FRIADDR": null, "TOIADDR": null, "ZIPL": null, "ZIPR": null, "Shape_len": 10.930691163}, "geometry": {"type": "LineString", "coordinates": [[-66.05180699550739, 18.406059998122352], [-66.05170420760656, 18.4060488282737]]}}, {"id": "265161", "type": "Feature", "properties": {"ID": 28693.0, "RT": "1", "VERSION": 1006.0, "TLID": 206646969.0, "SIDE1": null, "SOURCE": null, "FENAME": null, "FETYPE": null, "CFCC": "A41", "FRADDL": null, "TOADDL": null, "FRADDR": null, "TOADDR": null, "FRIADDL": null, "TOIADDL": null, "FRIADDR": null, "TOIADDR": null, "ZIPL": null, "ZIPR": null, "Shape_len": 2.21820468848}, "geometry": {"type": "LineString", "coordinates": [[-66.05182761007094, 18.40606379031901], [-66.05180699550739, 18.406059998122352]]}}, {"id": "244284", "type": "Feature", "properties": {"ID": 28695.0, "RT": "1", "VERSION": 1006.0, "TLID": 206646972.0, "SIDE1": null, "SOURCE": null, "FENAME": "Calle Mariana Bracetti", "FETYPE": null, "CFCC": "A41", "FRADDL": null, "TOADDL": null, "FRADDR": null, "TOADDR": null, "FRIADDL": null, "TOIADDL": null, "FRIADDR": null, "TOIADDR": null, "ZIPL": null, "ZIPR": null, "Shape_len": 2.21777432576}, "geometry": {"type": "LineString", "coordinates": [[-66.05180700023561, 18.40605999993871], [-66.05182761101739, 18.40606379032092]]}}, {"id": "268898", "type": "Feature", "properties": {"ID": 26287.0, "RT": "1", "VERSION": 1006.0, "TLID": 206641151.0, "SIDE1": null, "SOURCE": "J", "FENAME": null, "FETYPE": null, "CFCC": "A41", "FRADDL": null, "TOADDL": null, "FRADDR": null, "TOADDR": null, "FRIADDL": null, "TOIADDL": null, "FRIADDR": null, "TOIADDR": null, "ZIPL": null, "ZIPR": null, "Shape_len": 29.6021383871}, "geometry": {"type": "LineString", "coordinates": [[-66.05143900069046, 18.406019999355415], [-66.05169619494077, 18.406126056101673]]}}, {"id": "250980", "type": "Feature", "properties": {"ID": 28695.0, "RT": "1", "VERSION": 1006.0, "TLID": 206646972.0, "SIDE1": null, "SOURCE": null, "FENAME": "Calle Mariana Bracetti", "FETYPE": null, "CFCC": "A41", "FRADDL": null, "TOADDL": null, "FRADDR": null, "TOADDR": null, "FRIADDL": null, "TOIADDL": null, "FRIADDR": null, "TOIADDR": null, "ZIPL": null, "ZIPR": null, "Shape_len": 16.5052011372}, "geometry": {"type": "LineString", "coordinates": [[-66.05182761007094, 18.40606379031901], [-66.05198100082826, 18.40609199710978]]}}, {"id": "250432", "type": "Feature", "properties": {"ID": 12568.0, "RT": "1", "VERSION": 1006.0, "TLID": 206609568.0, "SIDE1": null, "SOURCE": "C", "FENAME": "Ave Ponce de Le\u00f3n (PR-25)", "FETYPE": null, "CFCC": "A21", "FRADDL": null, "TOADDL": null, "FRADDR": null, "TOADDR": null, "FRIADDL": null, "TOIADDL": null, "FRIADDR": null, "TOIADDR": null, "ZIPL": null, "ZIPR": null, "Shape_len": 19.0691948236}, "geometry": {"type": "LineString", "coordinates": [[-66.05202100081078, 18.406259996012768], [-66.05198100082826, 18.40609199710978]]}}, {"id": "247795", "type": "Feature", "properties": {"ID": 12474.0, "RT": "1", "VERSION": 1006.0, "TLID": 206609440.0, "SIDE1": null, "SOURCE": "C", "FENAME": "Calle Mariana Bracetti", "FETYPE": null, "CFCC": "A41", "FRADDL": null, "TOADDL": null, "FRADDR": "24", "TOADDR": "20", "FRIADDL": null, "TOIADDL": null, "FRIADDR": "0", "TOIADDR": "0", "ZIPL": null, "ZIPR": "00925", "Shape_len": 178.238293036}, "geometry": {"type": "LineString", "coordinates": [[-66.05365600129053, 18.406283000615833], [-66.05198100082826, 18.40609199710978]]}}, {"id": "267827", "type": "Feature", "properties": {"ID": 26287.0, "RT": "1", "VERSION": 1006.0, "TLID": 206641151.0, "SIDE1": null, "SOURCE": "J", "FENAME": null, "FETYPE": null, "CFCC": "A41", "FRADDL": null, "TOADDL": null, "FRADDR": null, "TOADDR": null, "FRIADDL": null, "TOIADDL": null, "FRIADDR": null, "TOIADDR": null, "ZIPL": null, "ZIPR": null, "Shape_len": 37.3840955896}, "geometry": {"type": "LineString", "coordinates": [[-66.05169619494077, 18.406126056101673], [-66.05202100081078, 18.406259996012768]]}}, {"id": "257973", "type": "Feature", "properties": {"ID": 17830.0, "RT": "1", "VERSION": 1006.0, "TLID": 206620812.0, "SIDE1": null, "SOURCE": "C", "FENAME": "Calle 1", "FETYPE": null, "CFCC": "A41", "FRADDL": "26", "TOADDL": "28", "FRADDR": null, "TOADDR": null, "FRIADDL": "0", "TOIADDL": "0", "FRIADDR": null, "TOIADDR": null, "ZIPL": "00925", "ZIPR": null, "Shape_len": 46.1992850387}, "geometry": {"type": "LineString", "coordinates": [[-66.05557199923659, 18.405989000399643], [-66.05513499965606, 18.40600299866102]]}}, {"id": "255019", "type": "Feature", "properties": {"ID": 26889.0, "RT": "1", "VERSION": 1006.0, "TLID": 206642574.0, "SIDE1": null, "SOURCE": "C", "FENAME": "Calle 1", "FETYPE": null, "CFCC": "A41", "FRADDL": null, "TOADDL": null, "FRADDR": null, "TOADDR": null, "FRIADDL": null, "TOIADDL": null, "FRIADDR": null, "TOIADDR": null, "ZIPL": null, "ZIPR": null, "Shape_len": 40.0668456537}, "geometry": {"type": "LineString", "coordinates": [[-66.05513499965606, 18.40600299866102], [-66.05475600191451, 18.406014997193385]]}}, {"id": "255050", "type": "Feature", "properties": {"ID": 26890.0, "RT": "1", "VERSION": 1006.0, "TLID": 206642575.0, "SIDE1": null, "SOURCE": "C", "FENAME": "Calle 1", "FETYPE": null, "CFCC": "A41", "FRADDL": null, "TOADDL": null, "FRADDR": null, "TOADDR": null, "FRIADDL": null, "TOIADDL": null, "FRIADDR": null, "TOIADDR": null, "ZIPL": null, "ZIPR": null, "Shape_len": 2.32470559426}, "geometry": {"type": "LineString", "coordinates": [[-66.05475600191451, 18.406014997193385], [-66.05473400011806, 18.406014999847798]]}}, {"id": "249960", "type": "Feature", "properties": {"ID": 19996.0, "RT": "1", "VERSION": 1006.0, "TLID": 206626332.0, "SIDE1": null, "SOURCE": "K", "FENAME": "Calle Esteban Gonz\u00e1lez", "FETYPE": null, "CFCC": "A41", "FRADDL": "841", "TOADDL": "851", "FRADDR": "832", "TOADDR": "848", "FRIADDL": "0", "TOIADDL": "0", "FRIADDR": "0", "TOIADDR": "0", "ZIPL": "00925", "ZIPR": "00925", "Shape_len": 178.927414175}, "geometry": {"type": "LineString", "coordinates": [[-66.05487999996429, 18.40705200153829], [-66.05553100427095, 18.40694499969179], [-66.0555950022103, 18.40689699891677], [-66.05557199923659, 18.405989000399643]]}}, {"id": "272831", "type": "Feature", "properties": {"ID": 31530.0, "RT": "1", "VERSION": 1006.0, "TLID": 206650746.0, "SIDE1": null, "SOURCE": "O", "FENAME": "Calle A\u00f1asco", "FETYPE": null, "CFCC": "A41", "FRADDL": null, "TOADDL": null, "FRADDR": null, "TOADDR": null, "FRIADDL": null, "TOIADDL": null, "FRIADDR": null, "TOIADDR": null, "ZIPL": null, "ZIPR": null, "Shape_len": 115.81242414}, "geometry": {"type": "LineString", "coordinates": [[-66.05487999996429, 18.40705200153829], [-66.05473400011806, 18.406014999847798]]}}, {"id": "366408", "type": "Feature", "properties": {"ID": 0.0, "RT": null, "VERSION": 0.0, "TLID": 0.0, "SIDE1": null, "SOURCE": null, "FENAME": null, "FETYPE": null, "CFCC": "A74", "FRADDL": null, "TOADDL": null, "FRADDR": null, "TOADDR": null, "FRIADDL": null, "TOIADDL": null, "FRIADDR": null, "TOIADDR": null, "ZIPL": null, "ZIPR": null, "Shape_len": 44.0873496409}, "geometry": {"type": "LineString", "coordinates": [[-66.04970146397427, 18.405956123808696], [-66.04983608947798, 18.405792715376947], [-66.05002598975628, 18.4057344110892]]}}, {"id": "248305", "type": "Feature", "properties": {"ID": 12569.0, "RT": "1", "VERSION": 1006.0, "TLID": 206609570.0, "SIDE1": null, "SOURCE": "J", "FENAME": "Calle Mariana Bracetti", "FETYPE": null, "CFCC": "A41", "FRADDL": null, "TOADDL": null, "FRADDR": null, "TOADDR": null, "FRIADDL": null, "TOIADDL": null, "FRIADDR": null, "TOIADDR": null, "ZIPL": null, "ZIPR": null, "Shape_len": 34.204953412}, "geometry": {"type": "LineString", "coordinates": [[-66.05038299780563, 18.405887001555172], [-66.0507040015934, 18.405927000778494]]}}, {"id": "252535", "type": "Feature", "properties": {"ID": 26286.0, "RT": "1", "VERSION": 1006.0, "TLID": 206641150.0, "SIDE1": null, "SOURCE": "J", "FENAME": "Calle Mariana Bracetti", "FETYPE": null, "CFCC": "A41", "FRADDL": null, "TOADDL": null, "FRADDR": null, "TOADDR": null, "FRIADDL": null, "TOIADDL": null, "FRIADDR": null, "TOIADDR": null, "ZIPL": null, "ZIPR": null, "Shape_len": 78.3390968763}, "geometry": {"type": "LineString", "coordinates": [[-66.0507040015934, 18.405927000778494], [-66.05143900069046, 18.406019999355415]]}}, {"id": "259241", "type": "Feature", "properties": {"ID": 28030.0, "RT": "1", "VERSION": 1006.0, "TLID": 206645455.0, "SIDE1": null, "SOURCE": "K", "FENAME": "Calle Mariana Bracetti", "FETYPE": null, "CFCC": "A41", "FRADDL": null, "TOADDL": null, "FRADDR": null, "TOADDR": null, "FRIADDL": null, "TOIADDL": null, "FRIADDR": null, "TOIADDR": null, "ZIPL": null, "ZIPR": null, "Shape_len": 34.3598402745}, "geometry": {"type": "LineString", "coordinates": [[-66.05028499604235, 18.406182998709774], [-66.05038299780563, 18.405887001555172]]}}, {"id": "253862", "type": "Feature", "properties": {"ID": 28697.0, "RT": "1", "VERSION": 1006.0, "TLID": 206646974.0, "SIDE1": null, "SOURCE": null, "FENAME": null, "FETYPE": null, "CFCC": "A41", "FRADDL": null, "TOADDL": null, "FRADDR": null, "TOADDR": null, "FRIADDL": null, "TOIADDL": null, "FRIADDR": null, "TOIADDR": null, "ZIPL": null, "ZIPR": null, "Shape_len": 54.9166633033}, "geometry": {"type": "LineString", "coordinates": [[-66.04970146397427, 18.405956123808696], [-66.0501270013624, 18.406241001085345]]}}, {"id": "258764", "type": "Feature", "properties": {"ID": 28029.0, "RT": "1", "VERSION": 1006.0, "TLID": 206645454.0, "SIDE1": null, "SOURCE": "K", "FENAME": "Calle Mariana Bracetti", "FETYPE": null, "CFCC": "A41", "FRADDL": null, "TOADDL": null, "FRADDR": null, "TOADDR": null, "FRIADDL": null, "TOIADDL": null, "FRIADDR": null, "TOIADDR": null, "ZIPL": null, "ZIPR": null, "Shape_len": 19.7579528418}, "geometry": {"type": "LineString", "coordinates": [[-66.0501999992007, 18.406341999175023], [-66.05028499604235, 18.406182998709774]]}}, {"id": "256975", "type": "Feature", "properties": {"ID": 28703.0, "RT": "1", "VERSION": 1006.0, "TLID": 206646981.0, "SIDE1": null, "SOURCE": null, "FENAME": null, "FETYPE": null, "CFCC": "A41", "FRADDL": null, "TOADDL": null, "FRADDR": null, "TOADDR": null, "FRIADDL": null, "TOIADDL": null, "FRIADDR": null, "TOIADDR": null, "ZIPL": null, "ZIPR": null, "Shape_len": 230.224411987}, "geometry": {"type": "LineString", "coordinates": [[-66.04779699904012, 18.406009000059687], [-66.0495610006657, 18.40722999951096]]}}, {"id": "259898", "type": "Feature", "properties": {"ID": 28028.0, "RT": "1", "VERSION": 1006.0, "TLID": 206645452.0, "SIDE1": null, "SOURCE": "K", "FENAME": "Calle Mariana Bracetti", "FETYPE": null, "CFCC": "A41", "FRADDL": null, "TOADDL": null, "FRADDR": null, "TOADDR": null, "FRIADDL": null, "TOIADDL": null, "FRIADDR": null, "TOIADDR": null, "ZIPL": null, "ZIPR": null, "Shape_len": 119.243489585}, "geometry": {"type": "LineString", "coordinates": [[-66.0495610006657, 18.40722999951096], [-66.0501999992007, 18.406341999175023]]}}, {"id": "261017", "type": "Feature", "properties": {"ID": 28709.0, "RT": "1", "VERSION": 1006.0, "TLID": 206646993.0, "SIDE1": null, "SOURCE": null, "FENAME": null, "FETYPE": null, "CFCC": "A41", "FRADDL": null, "TOADDL": null, "FRADDR": null, "TOADDR": null, "FRIADDL": null, "TOIADDL": null, "FRIADDR": null, "TOIADDR": null, "ZIPL": null, "ZIPR": null, "Shape_len": 188.476531184}, "geometry": {"type": "LineString", "coordinates": [[-66.04921499803906, 18.407774998597734], [-66.04937884742237, 18.407782832625486], [-66.04970388462486, 18.407767974003505], [-66.05031871726932, 18.40774851499163], [-66.0503864350805, 18.40774348506477], [-66.05042709880615, 18.4077254697854], [-66.05047051844055, 18.407686772401814], [-66.05050313434529, 18.407635131153697], [-66.05050891653111, 18.407510073894656], [-66.05051088311421, 18.4074859308459], [-66.05050717459721, 18.40747139749601], [-66.0505096676, 18.407320108720583], [-66.05052951885546, 18.40725761664411], [-66.0505329976062, 18.40721499979913]]}}, {"id": "264446", "type": "Feature", "properties": {"ID": 28027.0, "RT": "1", "VERSION": 1006.0, "TLID": 206645450.0, "SIDE1": null, "SOURCE": "K", "FENAME": "Calle Mariana Bracetti", "FETYPE": null, "CFCC": "A41", "FRADDL": null, "TOADDL": null, "FRADDR": null, "TOADDR": null, "FRIADDL": null, "TOIADDL": null, "FRIADDR": null, "TOIADDR": null, "ZIPL": null, "ZIPR": null, "Shape_len": 71.4246079902}, "geometry": {"type": "LineString", "coordinates": [[-66.04921499803906, 18.407774998597734], [-66.04923999996319, 18.407661000357695], [-66.0495610006657, 18.40722999951096]]}}, {"id": "249614", "type": "Feature", "properties": {"ID": 12473.0, "RT": "1", "VERSION": 1006.0, "TLID": 206609438.0, "SIDE1": null, "SOURCE": "C", "FENAME": "Calle Mariana Bracetti", "FETYPE": null, "CFCC": "A41", "FRADDL": "61", "TOADDL": "47", "FRADDR": null, "TOADDR": null, "FRIADDL": "0", "TOIADDL": "0", "FRIADDR": null, "TOIADDR": null, "ZIPL": "00925", "ZIPR": null, "Shape_len": 56.4507454052}, "geometry": {"type": "LineString", "coordinates": [[-66.05418799768007, 18.406329999581768], [-66.05365600129053, 18.406283000615833]]}}, {"id": "250218", "type": "Feature", "properties": {"ID": 25951.0, "RT": "1", "VERSION": 1006.0, "TLID": 206640017.0, "SIDE1": null, "SOURCE": "C", "FENAME": "Ave Ponce de Le\u00f3n (PR-25)", "FETYPE": null, "CFCC": "A21", "FRADDL": null, "TOADDL": null, "FRADDR": null, "TOADDR": null, "FRIADDL": null, "TOIADDL": null, "FRIADDR": null, "TOIADDR": null, "ZIPL": null, "ZIPR": null, "Shape_len": 46.2246689229}, "geometry": {"type": "LineString", "coordinates": [[-66.05216899570392, 18.406652995854], [-66.05209400076309, 18.406456000223425], [-66.05202100081078, 18.406259996012768]]}}, {"id": "251429", "type": "Feature", "properties": {"ID": 12472.0, "RT": "1", "VERSION": 1006.0, "TLID": 206609435.0, "SIDE1": null, "SOURCE": "C", "FENAME": "Calle Baldorioty de Castro", "FETYPE": null, "CFCC": "A41", "FRADDL": null, "TOADDL": null, "FRADDR": "680", "TOADDR": "722", "FRIADDL": null, "TOIADDL": null, "FRIADDR": "1", "TOIADDR": "1", "ZIPL": null, "ZIPR": "00918", "Shape_len": 66.0250843935}, "geometry": {"type": "LineString", "coordinates": [[-66.05379300169497, 18.40686500180279], [-66.05365600129053, 18.406283000615833]]}}, {"id": "256924", "type": "Feature", "properties": {"ID": 28700.0, "RT": "1", "VERSION": 1006.0, "TLID": 206646977.0, "SIDE1": null, "SOURCE": null, "FENAME": null, "FETYPE": null, "CFCC": "A41", "FRADDL": null, "TOADDL": null, "FRADDR": null, "TOADDR": null, "FRIADDL": null, "TOIADDL": null, "FRIADDR": null, "TOIADDR": null, "ZIPL": null, "ZIPR": null, "Shape_len": 88.5432035238}, "geometry": {"type": "LineString", "coordinates": [[-66.05216899570392, 18.406652995854], [-66.05264499885709, 18.406562997141673], [-66.05299700076709, 18.406540999368243]]}}, {"id": "251261", "type": "Feature", "properties": {"ID": 25950.0, "RT": "1", "VERSION": 1006.0, "TLID": 206640016.0, "SIDE1": null, "SOURCE": "C", "FENAME": "Ave Ponce de Le\u00f3n (PR-25)", "FETYPE": null, "CFCC": "A21", "FRADDL": null, "TOADDL": null, "FRADDR": null, "TOADDR": null, "FRIADDL": null, "TOIADDL": null, "FRIADDR": null, "TOIADDR": null, "ZIPL": null, "ZIPR": null, "Shape_len": 34.0116245994}, "geometry": {"type": "LineString", "coordinates": [[-66.05228399654935, 18.4069400002662], [-66.05216899570392, 18.406652995854]]}}, {"id": "255144", "type": "Feature", "properties": {"ID": 20775.0, "RT": "1", "VERSION": 1006.0, "TLID": 206628091.0, "SIDE1": null, "SOURCE": "C", "FENAME": "Calle Marcial", "FETYPE": null, "CFCC": "A41", "FRADDL": "61", "TOADDL": "69", "FRADDR": "58", "TOADDR": "60", "FRIADDL": "1", "TOIADDL": "0", "FRIADDR": "1", "TOIADDR": "0", "ZIPL": "00918", "ZIPR": "00918", "Shape_len": 73.124726954}, "geometry": {"type": "LineString", "coordinates": [[-66.05448500278955, 18.40685500137402], [-66.05379300169497, 18.40686500180279]]}}, {"id": "257381", "type": "Feature", "properties": {"ID": 28701.0, "RT": "1", "VERSION": 1006.0, "TLID": 206646978.0, "SIDE1": null, "SOURCE": null, "FENAME": null, "FETYPE": null, "CFCC": "A41", "FRADDL": null, "TOADDL": null, "FRADDR": null, "TOADDR": null, "FRIADDL": null, "TOIADDL": null, "FRIADDR": null, "TOIADDR": null, "ZIPL": null, "ZIPR": null, "Shape_len": 123.839512994}, "geometry": {"type": "LineString", "coordinates": [[-66.05228399654935, 18.4069400002662], [-66.05266999633088, 18.406844999980905], [-66.05344200035456, 18.40679999910116]]}}, {"id": "247442", "type": "Feature", "properties": {"ID": 12471.0, "RT": "1", "VERSION": 1006.0, "TLID": 206609432.0, "SIDE1": null, "SOURCE": "C", "FENAME": "Calle Baldorioty de Castro", "FETYPE": null, "CFCC": "A41", "FRADDL": null, "TOADDL": null, "FRADDR": "652", "TOADDR": "678", "FRIADDL": null, "TOIADDL": null, "FRIADDR": "1", "TOIADDR": "1", "ZIPL": null, "ZIPR": "00918", "Shape_len": 41.0357447387}, "geometry": {"type": "LineString", "coordinates": [[-66.0538719995818, 18.407227995125997], [-66.05379300169497, 18.40686500180279]]}}, {"id": "251088", "type": "Feature", "properties": {"ID": 25949.0, "RT": "1", "VERSION": 1006.0, "TLID": 206640014.0, "SIDE1": null, "SOURCE": "C", "FENAME": "Ave Ponce de Le\u00f3n (PR-25)", "FETYPE": null, "CFCC": "A21", "FRADDL": null, "TOADDL": null, "FRADDR": null, "TOADDR": null, "FRIADDL": null, "TOIADDL": null, "FRIADDR": null, "TOIADDR": null, "ZIPL": null, "ZIPR": null, "Shape_len": 47.3831016664}, "geometry": {"type": "LineString", "coordinates": [[-66.05244100046268, 18.407340997172568], [-66.05228399654935, 18.4069400002662]]}}, {"id": "259350", "type": "Feature", "properties": {"ID": 27480.0, "RT": "1", "VERSION": 1006.0, "TLID": 206644038.0, "SIDE1": null, "SOURCE": "C", "FENAME": "Calle Orocovis", "FETYPE": null, "CFCC": "A41", "FRADDL": null, "TOADDL": null, "FRADDR": "12", "TOADDR": "6", "FRIADDL": null, "TOIADDL": null, "FRIADDR": "0", "TOIADDR": "1", "ZIPL": null, "ZIPR": "00918", "Shape_len": 125.253933308}, "geometry": {"type": "LineString", "coordinates": [[-66.0538719995818, 18.407227995125997], [-66.05269100004006, 18.407326003455214]]}}, {"id": "257790", "type": "Feature", "properties": {"ID": 25942.0, "RT": "1", "VERSION": 1006.0, "TLID": 206640007.0, "SIDE1": null, "SOURCE": "C", "FENAME": "Calle A\u00f1asco", "FETYPE": null, "CFCC": "A41", "FRADDL": null, "TOADDL": null, "FRADDR": null, "TOADDR": null, "FRIADDL": null, "TOIADDL": null, "FRIADDR": null, "TOIADDR": null, "ZIPL": null, "ZIPR": null, "Shape_len": 44.6317526212}, "geometry": {"type": "LineString", "coordinates": [[-66.05498499935536, 18.407438000982452], [-66.05495099666878, 18.40719699903999], [-66.05487999996429, 18.40705200153829]]}}, {"id": "275006", "type": "Feature", "properties": {"ID": 31730.0, "RT": "1", "VERSION": 1006.0, "TLID": 206651003.0, "SIDE1": null, "SOURCE": "O", "FENAME": null, "FETYPE": null, "CFCC": "A41", "FRADDL": null, "TOADDL": null, "FRADDR": null, "TOADDR": null, "FRIADDL": null, "TOIADDL": null, "FRIADDR": null, "TOIADDR": null, "ZIPL": null, "ZIPR": null, "Shape_len": 177.232120906}, "geometry": {"type": "LineString", "coordinates": [[-66.05642109588997, 18.407247133489445], [-66.05628099955285, 18.40736900263072], [-66.05498499935536, 18.407438000982452]]}}, {"id": "262193", "type": "Feature", "properties": {"ID": 28705.0, "RT": "1", "VERSION": 1006.0, "TLID": 206646986.0, "SIDE1": null, "SOURCE": null, "FENAME": "Calle Orocovis", "FETYPE": null, "CFCC": "A41", "FRADDL": null, "TOADDL": null, "FRADDR": null, "TOADDR": null, "FRIADDL": null, "TOIADDL": null, "FRIADDR": null, "TOIADDR": null, "ZIPL": null, "ZIPR": null, "Shape_len": 24.4325958901}, "geometry": {"type": "LineString", "coordinates": [[-66.05475399630403, 18.407447995639092], [-66.05498499935536, 18.407438000982452]]}}, {"id": "251591", "type": "Feature", "properties": {"ID": 25941.0, "RT": "1", "VERSION": 1006.0, "TLID": 206640006.0, "SIDE1": null, "SOURCE": "C", "FENAME": "Calle A\u00f1asco", "FETYPE": null, "CFCC": "A41", "FRADDL": null, "TOADDL": null, "FRADDR": null, "TOADDR": null, "FRIADDL": null, "TOIADDL": null, "FRIADDR": null, "TOIADDR": null, "ZIPL": null, "ZIPR": null, "Shape_len": 16.6778777313}, "geometry": {"type": "LineString", "coordinates": [[-66.05499999857703, 18.407587998015124], [-66.05498499935536, 18.407438000982452]]}}, {"id": "257731", "type": "Feature", "properties": {"ID": 12579.0, "RT": "1", "VERSION": 1006.0, "TLID": 206609585.0, "SIDE1": null, "SOURCE": "C", "FENAME": null, "FETYPE": null, "CFCC": "A41", "FRADDL": null, "TOADDL": null, "FRADDR": null, "TOADDR": null, "FRIADDL": null, "TOIADDL": null, "FRIADDR": null, "TOIADDR": null, "ZIPL": null, "ZIPR": null, "Shape_len": 39.4651897024}, "geometry": {"type": "LineString", "coordinates": [[-66.0461559990422, 18.406533999451046], [-66.04651107851734, 18.40664462804975]]}}, {"id": "256673", "type": "Feature", "properties": {"ID": 12579.0, "RT": "1", "VERSION": 1006.0, "TLID": 206609585.0, "SIDE1": null, "SOURCE": "C", "FENAME": null, "FETYPE": null, "CFCC": "A41", "FRADDL": null, "TOADDL": null, "FRADDR": null, "TOADDR": null, "FRIADDL": null, "TOIADDL": null, "FRIADDR": null, "TOIADDR": null, "ZIPL": null, "ZIPR": null, "Shape_len": 71.1237398081}, "geometry": {"type": "LineString", "coordinates": [[-66.04651107851734, 18.40664462804975], [-66.04715100071608, 18.4068439981286]]}}, {"id": "257185", "type": "Feature", "properties": {"ID": 0.0, "RT": null, "VERSION": 0.0, "TLID": 0.0, "SIDE1": null, "SOURCE": null, "FENAME": null, "FETYPE": null, "CFCC": "A41", "FRADDL": null, "TOADDL": null, "FRADDR": null, "TOADDR": null, "FRIADDL": null, "TOIADDL": null, "FRIADDR": null, "TOIADDR": null, "ZIPL": null, "ZIPR": null, "Shape_len": 175.777998274}, "geometry": {"type": "LineString", "coordinates": [[-66.0461559990422, 18.406533999451046], [-66.04613468525592, 18.40721635901547], [-66.04612327863063, 18.40724161410822], [-66.04609301910843, 18.407241553026523], [-66.04587366218041, 18.4072411100911], [-66.0458017901172, 18.407246737163046], [-66.04576393653075, 18.407261103519055], [-66.04574464288144, 18.407430751088405], [-66.04574694523849, 18.407792020747458]]}}, {"id": "248153", "type": "Feature", "properties": {"ID": 12573.0, "RT": "1", "VERSION": 1006.0, "TLID": 206609575.0, "SIDE1": null, "SOURCE": "C", "FENAME": null, "FETYPE": null, "CFCC": "A41", "FRADDL": null, "TOADDL": null, "FRADDR": null, "TOADDR": null, "FRIADDL": null, "TOIADDL": null, "FRIADDR": null, "TOIADDR": null, "ZIPL": null, "ZIPR": null, "Shape_len": 58.824296295}, "geometry": {"type": "LineString", "coordinates": [[-66.04502100051081, 18.40757400141737], [-66.04499800229841, 18.40704299785982]]}}, {"id": "261390", "type": "Feature", "properties": {"ID": 0.0, "RT": null, "VERSION": 0.0, "TLID": 0.0, "SIDE1": null, "SOURCE": null, "FENAME": null, "FETYPE": null, "CFCC": "A41", "FRADDL": null, "TOADDL": null, "FRADDR": null, "TOADDR": null, "FRIADDL": null, "TOIADDL": null, "FRIADDR": null, "TOIADDR": null, "ZIPL": null, "ZIPR": null, "Shape_len": 110.955828975}, "geometry": {"type": "LineString", "coordinates": [[-66.04546895101186, 18.40724967653853], [-66.04546039887703, 18.407693736993917], [-66.04544521771733, 18.407718984412682], [-66.04505189297542, 18.407710965467096], [-66.04502543656952, 18.407700081147393], [-66.04502100051081, 18.40757400141737]]}}, {"id": "257643", "type": "Feature", "properties": {"ID": 0.0, "RT": null, "VERSION": 0.0, "TLID": 0.0, "SIDE1": null, "SOURCE": null, "FENAME": null, "FETYPE": null, "CFCC": "A41", "FRADDL": null, "TOADDL": null, "FRADDR": null, "TOADDR": null, "FRIADDL": null, "TOIADDL": null, "FRIADDR": null, "TOIADDR": null, "ZIPL": null, "ZIPR": null, "Shape_len": 184.939287287}, "geometry": {"type": "LineString", "coordinates": [[-66.04574694523849, 18.407792020747458], [-66.0457471342519, 18.407820744165303], [-66.04576864751711, 18.407855069701693], [-66.04581536753015, 18.407870163452944], [-66.04744417602313, 18.407844519696933]]}}, {"id": "257370", "type": "Feature", "properties": {"ID": 28717.0, "RT": "1", "VERSION": 1006.0, "TLID": 206647008.0, "SIDE1": null, "SOURCE": null, "FENAME": null, "FETYPE": null, "CFCC": "A63", "FRADDL": null, "TOADDL": null, "FRADDR": null, "TOADDR": null, "FRIADDL": null, "TOIADDL": null, "FRIADDR": null, "TOIADDR": null, "ZIPL": null, "ZIPR": null, "Shape_len": 277.512975674}, "geometry": {"type": "LineString", "coordinates": [[-66.04657624382227, 18.408010045482396], [-66.04591900078825, 18.40796099778314], [-66.04534396415524, 18.4078813547779]]}}, {"id": "257495", "type": "Feature", "properties": {"ID": 0.0, "RT": null, "VERSION": 0.0, "TLID": 0.0, "SIDE1": null, "SOURCE": null, "FENAME": null, "FETYPE": null, "CFCC": "A49", "FRADDL": null, "TOADDL": null, "FRADDR": null, "TOADDR": null, "FRIADDL": null, "TOIADDL": null, "FRIADDR": null, "TOIADDR": null, "ZIPL": null, "ZIPR": null, "Shape_len": 25.5107604961}, "geometry": {"type": "LineString", "coordinates": [[-66.04744417602313, 18.407844519696933], [-66.04744556825757, 18.407982366186644]]}}, {"id": "257642", "type": "Feature", "properties": {"ID": 27481.0, "RT": "1", "VERSION": 1006.0, "TLID": 206644039.0, "SIDE1": null, "SOURCE": "C", "FENAME": "Calle Orocovis", "FETYPE": null, "CFCC": "A41", "FRADDL": null, "TOADDL": null, "FRADDR": null, "TOADDR": null, "FRIADDL": null, "TOIADDL": null, "FRIADDR": null, "TOIADDR": null, "ZIPL": null, "ZIPR": null, "Shape_len": 12.1528822466}, "geometry": {"type": "LineString", "coordinates": [[-66.05269100004006, 18.407326003455214], [-66.05257599928981, 18.407324003527787]]}}, {"id": "252402", "type": "Feature", "properties": {"ID": 12469.0, "RT": "1", "VERSION": 1006.0, "TLID": 206609429.0, "SIDE1": null, "SOURCE": "C", "FENAME": "Calle Baldorioty de Castro", "FETYPE": null, "CFCC": "A41", "FRADDL": null, "TOADDL": null, "FRADDR": "628", "TOADDR": "650", "FRIADDL": null, "TOIADDL": null, "FRIADDR": "1", "TOIADDR": "1", "ZIPL": null, "ZIPR": "00918", "Shape_len": 28.436816092}, "geometry": {"type": "LineString", "coordinates": [[-66.05393400165245, 18.407478001484904], [-66.0538719995818, 18.407227995125997]]}}, {"id": "260562", "type": "Feature", "properties": {"ID": 28704.0, "RT": "1", "VERSION": 1006.0, "TLID": 206646984.0, "SIDE1": null, "SOURCE": null, "FENAME": null, "FETYPE": null, "CFCC": "A41", "FRADDL": null, "TOADDL": null, "FRADDR": null, "TOADDR": null, "FRIADDL": null, "TOIADDL": null, "FRIADDR": null, "TOIADDR": null, "ZIPL": null, "ZIPR": null, "Shape_len": 11.9536253128}, "geometry": {"type": "LineString", "coordinates": [[-66.05269100004006, 18.407326003455214], [-66.05269099769747, 18.40743400032964]]}}, {"id": "257457", "type": "Feature", "properties": {"ID": 16672.0, "RT": "1", "VERSION": 1006.0, "TLID": 206617446.0, "SIDE1": null, "SOURCE": "C", "FENAME": "Ave Ponce de Le\u00f3n (PR-25)", "FETYPE": null, "CFCC": "A21", "FRADDL": null, "TOADDL": null, "FRADDR": null, "TOADDR": null, "FRIADDL": null, "TOIADDL": null, "FRIADDR": null, "TOIADDR": null, "ZIPL": null, "ZIPR": null, "Shape_len": 12.340617288}, "geometry": {"type": "LineString", "coordinates": [[-66.05248207678153, 18.407445367777353], [-66.05244100046268, 18.407340997172568]]}}, {"id": "250970", "type": "Feature", "properties": {"ID": 20776.0, "RT": "1", "VERSION": 1006.0, "TLID": 206628092.0, "SIDE1": null, "SOURCE": "L", "FENAME": "Calle Orocovis", "FETYPE": null, "CFCC": "A74", "FRADDL": null, "TOADDL": null, "FRADDR": null, "TOADDR": null, "FRIADDL": null, "TOIADDL": null, "FRIADDR": null, "TOIADDR": null, "ZIPL": null, "ZIPR": null, "Shape_len": 86.7033921455}, "geometry": {"type": "LineString", "coordinates": [[-66.05393400165245, 18.407478001484904], [-66.05475399630403, 18.407447995639092]]}}, {"id": "257703", "type": "Feature", "properties": {"ID": 16672.0, "RT": "1", "VERSION": 1006.0, "TLID": 206617446.0, "SIDE1": null, "SOURCE": "C", "FENAME": "Ave Ponce de Le\u00f3n (PR-25)", "FETYPE": null, "CFCC": "A21", "FRADDL": null, "TOADDL": null, "FRADDR": null, "TOADDR": null, "FRIADDL": null, "TOIADDL": null, "FRIADDR": null, "TOIADDR": null, "ZIPL": null, "ZIPR": null, "Shape_len": 5.9861027472}, "geometry": {"type": "LineString", "coordinates": [[-66.05250200174528, 18.40749599518416], [-66.05248207678153, 18.407445367777353]]}}, {"id": "251885", "type": "Feature", "properties": {"ID": 25947.0, "RT": "1", "VERSION": 1006.0, "TLID": 206640012.0, "SIDE1": null, "SOURCE": "C", "FENAME": "Calle Tanam\u00e1", "FETYPE": null, "CFCC": "A41", "FRADDL": null, "TOADDL": null, "FRADDR": null, "TOADDR": null, "FRIADDL": null, "TOIADDL": null, "FRIADDR": null, "TOIADDR": null, "ZIPL": null, "ZIPR": null, "Shape_len": 82.3221856212}, "geometry": {"type": "LineString", "coordinates": [[-66.05393400165245, 18.407478001484904], [-66.05315599762135, 18.407517998990333]]}}, {"id": "261387", "type": "Feature", "properties": {"ID": 27308.0, "RT": "1", "VERSION": 1006.0, "TLID": 206643625.0, "SIDE1": null, "SOURCE": "C", "FENAME": "Calle Baldorioty de Castro", "FETYPE": null, "CFCC": "A41", "FRADDL": null, "TOADDL": null, "FRADDR": "622", "TOADDR": "626", "FRIADDL": null, "TOIADDL": null, "FRIADDR": "1", "TOIADDR": "1", "ZIPL": null, "ZIPR": "00918", "Shape_len": 7.04320931749}, "geometry": {"type": "LineString", "coordinates": [[-66.05394900072207, 18.4075400026866], [-66.05393400165245, 18.407478001484904]]}}, {"id": "248024", "type": "Feature", "properties": {"ID": 12470.0, "RT": "1", "VERSION": 1006.0, "TLID": 206609430.0, "SIDE1": null, "SOURCE": "C", "FENAME": "Ave Ponce de Le\u00f3n (PR-25)", "FETYPE": null, "CFCC": "A21", "FRADDL": null, "TOADDL": null, "FRADDR": null, "TOADDR": null, "FRIADDL": null, "TOIADDL": null, "FRIADDR": null, "TOIADDR": null, "ZIPL": null, "ZIPR": null, "Shape_len": 5.44385004386}, "geometry": {"type": "LineString", "coordinates": [[-66.0525269992259, 18.407539001972612], [-66.05250200174528, 18.40749599518416]]}}, {"id": "258390", "type": "Feature", "properties": {"ID": 25948.0, "RT": "1", "VERSION": 1006.0, "TLID": 206640013.0, "SIDE1": null, "SOURCE": "C", "FENAME": "Calle Tanam\u00e1", "FETYPE": null, "CFCC": "A41", "FRADDL": null, "TOADDL": null, "FRADDR": null, "TOADDR": null, "FRIADDL": null, "TOIADDL": null, "FRIADDR": null, "TOIADDR": null, "ZIPL": null, "ZIPR": null, "Shape_len": 47.5009871813}, "geometry": {"type": "LineString", "coordinates": [[-66.05315599762135, 18.407517998990333], [-66.05270670319746, 18.407533001827684]]}}, {"id": "260231", "type": "Feature", "properties": {"ID": 0.0, "RT": null, "VERSION": 0.0, "TLID": 0.0, "SIDE1": null, "SOURCE": null, "FENAME": null, "FETYPE": null, "CFCC": "A74", "FRADDL": null, "TOADDL": null, "FRADDR": null, "TOADDR": null, "FRIADDL": null, "TOIADDL": null, "FRIADDR": null, "TOIADDR": null, "ZIPL": null, "ZIPR": null, "Shape_len": 56.5696755972}, "geometry": {"type": "LineString", "coordinates": [[-66.04735584130793, 18.405719413431097], [-66.04779699904012, 18.406009000059687]]}}, {"id": "261370", "type": "Feature", "properties": {"ID": 0.0, "RT": null, "VERSION": 0.0, "TLID": 0.0, "SIDE1": null, "SOURCE": null, "FENAME": null, "FETYPE": null, "CFCC": "A71", "FRADDL": null, "TOADDL": null, "FRADDR": null, "TOADDR": null, "FRIADDL": null, "TOIADDL": null, "FRIADDR": null, "TOIADDR": null, "ZIPL": null, "ZIPR": null, "Shape_len": 52.1773045227}, "geometry": {"type": "LineString", "coordinates": [[-66.04701862616935, 18.40599421546741], [-66.04652776153739, 18.405942689034443]]}}, {"id": "255498", "type": "Feature", "properties": {"ID": 18367.0, "RT": "1", "VERSION": 1006.0, "TLID": 206622569.0, "SIDE1": null, "SOURCE": "C", "FENAME": null, "FETYPE": null, "CFCC": "A71", "FRADDL": null, "TOADDL": null, "FRADDR": null, "TOADDR": null, "FRIADDL": null, "TOIADDL": null, "FRIADDR": null, "TOIADDR": null, "ZIPL": null, "ZIPR": null, "Shape_len": 9.55064167268}, "geometry": {"type": "LineString", "coordinates": [[-66.04652611312417, 18.406028961451472], [-66.04652776153739, 18.405942689034443]]}}, {"id": "249884", "type": "Feature", "properties": {"ID": 25954.0, "RT": "1", "VERSION": 1006.0, "TLID": 206640056.0, "SIDE1": null, "SOURCE": "C", "FENAME": null, "FETYPE": null, "CFCC": "A41", "FRADDL": null, "TOADDL": null, "FRADDR": null, "TOADDR": null, "FRIADDL": null, "TOIADDL": null, "FRIADDR": null, "TOIADDR": null, "ZIPL": null, "ZIPR": null, "Shape_len": 16.3870282906}, "geometry": {"type": "LineString", "coordinates": [[-66.04472799944195, 18.406068998170284], [-66.0448050004876, 18.406072000970415], [-66.04488299940866, 18.4060740038147]]}}, {"id": "260233", "type": "Feature", "properties": {"ID": 25955.0, "RT": "1", "VERSION": 1006.0, "TLID": 206640057.0, "SIDE1": null, "SOURCE": "C", "FENAME": null, "FETYPE": null, "CFCC": "A41", "FRADDL": null, "TOADDL": null, "FRADDR": null, "TOADDR": null, "FRIADDL": null, "TOIADDL": null, "FRIADDR": null, "TOIADDR": null, "ZIPL": null, "ZIPR": null, "Shape_len": 73.0083772875}, "geometry": {"type": "LineString", "coordinates": [[-66.04488299940866, 18.4060740038147], [-66.04547400328994, 18.40632099889802], [-66.04551754614488, 18.40633460190507]]}}, {"id": "255672", "type": "Feature", "properties": {"ID": 18367.0, "RT": "1", "VERSION": 1006.0, "TLID": 206622569.0, "SIDE1": null, "SOURCE": "C", "FENAME": null, "FETYPE": null, "CFCC": "A71", "FRADDL": null, "TOADDL": null, "FRADDR": null, "TOADDR": null, "FRIADDL": null, "TOIADDL": null, "FRIADDR": null, "TOIADDR": null, "ZIPL": null, "ZIPR": null, "Shape_len": 69.5333409606}, "geometry": {"type": "LineString", "coordinates": [[-66.0461559990422, 18.406533999451046], [-66.04619994754316, 18.406436281458316], [-66.04626073812591, 18.406313649084165], [-66.04638206790985, 18.406176699596834], [-66.04649951453547, 18.406086678247473], [-66.04652611312417, 18.406028961451472]]}}, {"id": "255894", "type": "Feature", "properties": {"ID": 0.0, "RT": null, "VERSION": 0.0, "TLID": 0.0, "SIDE1": null, "SOURCE": null, "FENAME": null, "FETYPE": null, "CFCC": "A71", "FRADDL": null, "TOADDL": null, "FRADDR": null, "TOADDR": null, "FRIADDL": null, "TOIADDL": null, "FRIADDR": null, "TOIADDR": null, "ZIPL": null, "ZIPR": null, "Shape_len": 68.163509537}, "geometry": {"type": "LineString", "coordinates": [[-66.04652611312417, 18.406028961451472], [-66.04651107851734, 18.40664462804975]]}}, {"id": "259085", "type": "Feature", "properties": {"ID": 28031.0, "RT": "1", "VERSION": 1006.0, "TLID": 206645456.0, "SIDE1": null, "SOURCE": "K", "FENAME": null, "FETYPE": null, "CFCC": "A41", "FRADDL": null, "TOADDL": null, "FRADDR": null, "TOADDR": null, "FRIADDL": null, "TOIADDL": null, "FRIADDR": null, "TOIADDR": null, "ZIPL": null, "ZIPR": null, "Shape_len": 114.89401414}, "geometry": {"type": "LineString", "coordinates": [[-66.04715100071608, 18.4068439981286], [-66.04779699904012, 18.406009000059687]]}}, {"id": "257903", "type": "Feature", "properties": {"ID": 25955.0, "RT": "1", "VERSION": 1006.0, "TLID": 206640057.0, "SIDE1": null, "SOURCE": "C", "FENAME": null, "FETYPE": null, "CFCC": "A41", "FRADDL": null, "TOADDL": null, "FRADDR": null, "TOADDR": null, "FRIADDL": null, "TOIADDL": null, "FRIADDR": null, "TOIADDR": null, "ZIPL": null, "ZIPR": null, "Shape_len": 70.9772307384}, "geometry": {"type": "LineString", "coordinates": [[-66.04551754614488, 18.40633460190507], [-66.0461559990422, 18.406533999451046]]}}, {"id": "257804", "type": "Feature", "properties": {"ID": 17065.0, "RT": "1", "VERSION": 1006.0, "TLID": 206618272.0, "SIDE1": null, "SOURCE": "C", "FENAME": null, "FETYPE": null, "CFCC": "A41", "FRADDL": null, "TOADDL": null, "FRADDR": null, "TOADDR": null, "FRIADDL": null, "TOIADDL": null, "FRIADDR": null, "TOIADDR": null, "ZIPL": null, "ZIPR": null, "Shape_len": 121.282763494}, "geometry": {"type": "LineString", "coordinates": [[-66.04499800229841, 18.40704299785982], [-66.04473099952189, 18.406806001631473], [-66.04468499800109, 18.406708004173716], [-66.04472799944195, 18.406068998170284]]}}, {"id": "249805", "type": "Feature", "properties": {"ID": 12578.0, "RT": "1", "VERSION": 1006.0, "TLID": 206609581.0, "SIDE1": null, "SOURCE": "C", "FENAME": null, "FETYPE": null, "CFCC": "A41", "FRADDL": null, "TOADDL": null, "FRADDR": null, "TOADDR": null, "FRIADDL": null, "TOIADDL": null, "FRIADDR": null, "TOIADDR": null, "ZIPL": null, "ZIPR": null, "Shape_len": 95.6022472607}, "geometry": {"type": "LineString", "coordinates": [[-66.04397916888544, 18.40612545121567], [-66.04472799944195, 18.406068998170284]]}}, {"id": "277099", "type": "Feature", "properties": {"ID": 31727.0, "RT": "1", "VERSION": 1006.0, "TLID": 206651000.0, "SIDE1": null, "SOURCE": "O", "FENAME": null, "FETYPE": null, "CFCC": "A63", "FRADDL": null, "TOADDL": null, "FRADDR": null, "TOADDR": null, "FRIADDL": null, "TOIADDL": null, "FRIADDR": null, "TOIADDR": null, "ZIPL": null, "ZIPR": null, "Shape_len": 179.144006831}, "geometry": {"type": "LineString", "coordinates": [[-66.04418059181567, 18.40743109606162], [-66.04412100265911, 18.407350998701943], [-66.04410454653828, 18.407288226448713]]}}, {"id": "261566", "type": "Feature", "properties": {"ID": 28707.0, "RT": "1", "VERSION": 1006.0, "TLID": 206646990.0, "SIDE1": null, "SOURCE": null, "FENAME": null, "FETYPE": null, "CFCC": "A63", "FRADDL": null, "TOADDL": null, "FRADDR": null, "TOADDR": null, "FRIADDL": null, "TOIADDL": null, "FRIADDR": null, "TOIADDR": null, "ZIPL": null, "ZIPR": null, "Shape_len": 83.8232179064}, "geometry": {"type": "LineString", "coordinates": [[-66.05315599762135, 18.407517998990333], [-66.05394900072207, 18.4075400026866]]}}, {"id": "257216", "type": "Feature", "properties": {"ID": 25948.0, "RT": "1", "VERSION": 1006.0, "TLID": 206640013.0, "SIDE1": null, "SOURCE": "C", "FENAME": "Calle Tanam\u00e1", "FETYPE": null, "CFCC": "A41", "FRADDL": null, "TOADDL": null, "FRADDR": null, "TOADDR": null, "FRIADDL": null, "TOIADDL": null, "FRIADDR": null, "TOIADDR": null, "ZIPL": null, "ZIPR": null, "Shape_len": 18.9989329114}, "geometry": {"type": "LineString", "coordinates": [[-66.05270670319746, 18.407533001827684], [-66.0525269992259, 18.407539001972612]]}}, {"id": "275126", "type": "Feature", "properties": {"ID": 31732.0, "RT": "1", "VERSION": 1006.0, "TLID": 206651005.0, "SIDE1": null, "SOURCE": "O", "FENAME": null, "FETYPE": null, "CFCC": "A63", "FRADDL": null, "TOADDL": null, "FRADDR": null, "TOADDR": null, "FRIADDL": null, "TOIADDL": null, "FRIADDR": null, "TOIADDR": null, "ZIPL": null, "ZIPR": null, "Shape_len": 111.232197678}, "geometry": {"type": "LineString", "coordinates": [[-66.05394900072207, 18.4075400026866], [-66.05475399993732, 18.407562998910034], [-66.05499999857703, 18.407587998015124]]}}, {"id": "260853", "type": "Feature", "properties": {"ID": 27307.0, "RT": "1", "VERSION": 1006.0, "TLID": 206643624.0, "SIDE1": null, "SOURCE": "C", "FENAME": "Calle Baldorioty de Castro", "FETYPE": null, "CFCC": "A41", "FRADDL": null, "TOADDL": null, "FRADDR": "612", "TOADDR": "620", "FRIADDL": null, "TOIADDL": null, "FRIADDR": "1", "TOIADDR": "1", "ZIPL": null, "ZIPR": "00918", "Shape_len": 12.4663534749}, "geometry": {"type": "LineString", "coordinates": [[-66.05397285780536, 18.40765030540986], [-66.05394900072207, 18.4075400026866]]}}, {"id": "249520", "type": "Feature", "properties": {"ID": 19746.0, "RT": "1", "VERSION": 1006.0, "TLID": 206625817.0, "SIDE1": null, "SOURCE": "C", "FENAME": "Ave Ponce de Le\u00f3n (PR-25)", "FETYPE": null, "CFCC": "A21", "FRADDL": null, "TOADDL": null, "FRADDR": null, "TOADDR": null, "FRIADDL": null, "TOIADDL": null, "FRIADDR": null, "TOIADDR": null, "ZIPL": null, "ZIPR": null, "Shape_len": 39.7128999266}, "geometry": {"type": "LineString", "coordinates": [[-66.05262379657445, 18.40779187887454], [-66.0525269992259, 18.407539001972612]]}}, {"id": "258717", "type": "Feature", "properties": {"ID": 27307.0, "RT": "1", "VERSION": 1006.0, "TLID": 206643624.0, "SIDE1": null, "SOURCE": "C", "FENAME": "Calle Baldorioty de Castro", "FETYPE": null, "CFCC": "A41", "FRADDL": null, "TOADDL": null, "FRADDR": "602", "TOADDR": "612", "FRIADDL": null, "TOIADDL": null, "FRIADDR": "1", "TOIADDR": "1", "ZIPL": null, "ZIPR": "00918", "Shape_len": 19.4047553399}, "geometry": {"type": "LineString", "coordinates": [[-66.0539898993692, 18.40772908042181], [-66.05397285780536, 18.40765030540986]]}}, {"id": "275616", "type": "Feature", "properties": {"ID": 31733.0, "RT": "1", "VERSION": 1006.0, "TLID": 206651006.0, "SIDE1": null, "SOURCE": "O", "FENAME": null, "FETYPE": null, "CFCC": "A63", "FRADDL": null, "TOADDL": null, "FRADDR": null, "TOADDR": null, "FRIADDL": null, "TOIADDL": null, "FRIADDR": null, "TOIADDR": null, "ZIPL": null, "ZIPR": null, "Shape_len": 280.891505959}, "geometry": {"type": "LineString", "coordinates": [[-66.05250200174528, 18.40749599518416], [-66.05158999844382, 18.407572998236667], [-66.0502999937664, 18.40789148125962]]}}, {"id": "257493", "type": "Feature", "properties": {"ID": 32053.0, "RT": "1", "VERSION": 1006.0, "TLID": 206651567.0, "SIDE1": null, "SOURCE": "N", "FENAME": null, "FETYPE": null, "CFCC": "A41", "FRADDL": null, "TOADDL": null, "FRADDR": null, "TOADDR": null, "FRIADDL": null, "TOIADDL": null, "FRIADDR": null, "TOIADDR": null, "ZIPL": null, "ZIPR": null, "Shape_len": 19.3554777926}, "geometry": {"type": "LineString", "coordinates": [[-66.04903200133896, 18.407783000897588], [-66.04921499803906, 18.407774998597734]]}}, {"id": "260238", "type": "Feature", "properties": {"ID": 0.0, "RT": null, "VERSION": 0.0, "TLID": 0.0, "SIDE1": null, "SOURCE": null, "FENAME": null, "FETYPE": null, "CFCC": "A41", "FRADDL": null, "TOADDL": null, "FRADDR": null, "TOADDR": null, "FRIADDL": null, "TOIADDL": null, "FRIADDR": null, "TOIADDR": null, "ZIPL": null, "ZIPR": null, "Shape_len": 167.948381188}, "geometry": {"type": "LineString", "coordinates": [[-66.04744417602313, 18.407844519696933], [-66.0481870329493, 18.40783281746536], [-66.04903200133896, 18.407783000897588]]}}, {"id": "261100", "type": "Feature", "properties": {"ID": 28708.0, "RT": "1", "VERSION": 1006.0, "TLID": 206646991.0, "SIDE1": null, "SOURCE": null, "FENAME": null, "FETYPE": null, "CFCC": "A63", "FRADDL": null, "TOADDL": null, "FRADDR": null, "TOADDR": null, "FRIADDL": null, "TOIADDL": null, "FRIADDR": null, "TOIADDR": null, "ZIPL": null, "ZIPR": null, "Shape_len": 146.350702045}, "geometry": {"type": "LineString", "coordinates": [[-66.05499999857703, 18.407587998015124], [-66.05563175558328, 18.407653605845333]]}}, {"id": "251535", "type": "Feature", "properties": {"ID": 25940.0, "RT": "1", "VERSION": 1006.0, "TLID": 206640004.0, "SIDE1": null, "SOURCE": "C", "FENAME": "Calle A\u00f1asco", "FETYPE": null, "CFCC": "A41", "FRADDL": null, "TOADDL": null, "FRADDR": null, "TOADDR": null, "FRIADDL": null, "TOIADDL": null, "FRIADDR": null, "TOIADDR": null, "ZIPL": null, "ZIPR": null, "Shape_len": 21.5768767921}, "geometry": {"type": "LineString", "coordinates": [[-66.05500971175603, 18.407682200611433], [-66.05499999857703, 18.407587998015124]]}}]}